Date,Symbol,Series,Close,Prev_Close,Traded_Qty,Delivery_Qty,Delivery_Percent
2026-09-07,AARTIIND,EQ,490.7,492.05,518899,225807,43.52
2026-09-07,ABB,EQ,7434.0,7410.0,111152,52918,47.61
2026-09-07,ABBOTINDIA,EQ,25940.0,26065.0,5392,2641,48.98
2026-09-07,ABCAPITAL,EQ,403.25,404.9,2451987,1497764,61.08
2026-09-07,ABFRL,EQ,53.21,52.97,10440736,3686440,35.31
2026-09-07,ACC,EQ,1268.7,1283.8,90302,45854,50.78
2026-09-07,ADANIENT,EQ,2950.0,2938.0,981218,442279,45.07
2026-09-07,ADANIPORTS,EQ,1694.3,1707.3,1175225,711557,60.55
2026-09-07,ALKEM,EQ,5242.5,5190.0,139659,85770,61.41
2026-09-07,AMBUJACEM,EQ,398.6,405.0,879449,458676,52.15
2026-09-07,APOLLOHOSP,EQ,8760.0,8650.0,303793,173460,57.1
2026-09-07,APOLLOTYRE,EQ,420.8,429.55,438180,207501,47.36
2026-09-07,ASHOKLEY,EQ,170.0,169.0,10426646,4232978,40.6
2026-09-07,ASIANPAINT,EQ,2500.9,2527.3,240336,120227,50.02
2026-09-07,ASTRAL,EQ,1498.2,1492.9,742651,480686,64.73
2026-09-07,ATUL,EQ,6312.5,6386.0,21154,11376,53.78
2026-09-07,AUBANK,EQ,1053.0,1065.0,939647,480857,51.17
2026-09-07,AUROPHARMA,EQ,1660.0,1653.1,536717,259622,48.37
2026-09-07,AXISBANK,EQ,1266.0,1273.0,1592707,961730,60.38
2026-09-07,BAJAJ-AUTO,EQ,11800.0,11919.0,106111,52275,49.26
2026-09-07,BAJAJFINSV,EQ,1938.6,1970.0,502611,314545,62.58
2026-09-07,BAJFINANCE,EQ,1060.0,1060.5,3586860,1934962,53.95
2026-09-07,BALKRISIND,EQ,2287.1,2284.6,364047,204881,56.28
2026-09-07,BALRAMCHIN,EQ,711.55,690.6,5509645,567189,10.29
2026-09-07,BANDHANBNK,EQ,164.7,164.95,5204215,1595077,30.65
2026-09-07,BANKBARODA,EQ,237.0,239.0,6824391,3510899,51.45
2026-09-07,BATAINDIA,EQ,669.45,672.75,68230,34854,51.08
2026-09-07,BEL,EQ,404.0,405.35,5965784,3126254,52.4
2026-09-07,BERGEPAINT,EQ,484.5,485.3,305409,156232,51.16
2026-09-07,BHARATFORG,EQ,1955.0,1956.0,1414192,876260,61.96
2026-09-07,BHARTIARTL,EQ,1854.0,1840.0,5972458,4500214,75.35
2026-09-07,BHEL,EQ,421.45,431.1,4092933,1706132,41.68
2026-09-07,BIOCON,EQ,391.4,397.4,2488189,1340035,53.86
2026-09-07,BOSCHLTD,EQ,48025.0,46820.0,54963,26095,47.48
2026-09-07,BPCL,EQ,312.9,315.7,2363459,1275236,53.96
2026-09-07,BRITANNIA,EQ,5042.5,5101.5,307760,156112,50.73
2026-09-07,BSOFT,EQ,282.45,289.35,1074663,558059,51.93
2026-09-07,CANBK,EQ,124.0,125.5,9628580,5564777,57.79
2026-09-07,CANFINHOME,EQ,805.45,807.4,378816,251526,66.4
2026-09-07,CHAMBLFERT,EQ,418.05,419.05,364232,225948,62.03
2026-09-07,CHOLAFIN,EQ,1848.2,1839.0,876074,498655,56.92
2026-09-07,CIPLA,EQ,1395.0,1385.0,606497,402064,66.29
2026-09-07,COALINDIA,EQ,418.85,415.35,13592701,8582927,63.14
2026-09-07,COFORGE,EQ,1935.0,1972.8,1187703,677866,57.07
2026-09-07,COLPAL,EQ,1813.5,1829.2,289793,183706,63.39
2026-09-07,CONCOR,EQ,503.9,508.0,705152,337558,47.87
2026-09-07,COROMANDEL,EQ,1974.6,1938.8,86472,50254,58.12
2026-09-07,CROMPTON,EQ,231.02,232.4,1668593,761585,45.64
2026-09-07,CUB,EQ,238.48,236.01,6586154,2018153,30.64
2026-09-07,CUMMINSIND,EQ,5030.0,5035.0,201783,109460,54.25
2026-09-07,DABUR,EQ,375.5,380.9,2530210,1438573,56.86
2026-09-07,DALBHARAT,EQ,1713.9,1749.3,81213,33750,41.56
2026-09-07,DEEPAKNTR,EQ,1642.1,1712.4,424929,218622,51.45
2026-09-07,DELTACORP,EQ,56.2,56.12,457673,207977,45.44
2026-09-07,DIVISLAB,EQ,9315.0,9100.0,502162,318621,63.45
2026-09-07,DIXON,EQ,14180.0,14240.0,377556,152685,40.44
2026-09-07,DLF,EQ,672.7,681.9,1252534,702007,56.05
2026-09-07,DRREDDY,EQ,1144.2,1151.0,420952,180561,42.89
2026-09-07,EICHERMOT,EQ,7672.0,7630.5,466050,272727,58.52
2026-09-07,ESCORTS,EQ,2957.4,2968.8,25297,13331,52.7
2026-09-07,EXIDEIND,EQ,425.75,424.35,1662688,743867,44.74
2026-09-07,FEDERALBNK,EQ,342.0,343.0,5174214,2998085,57.94
2026-09-07,GAIL,EQ,176.0,173.4,9910348,5284545,53.32
2026-09-07,GLENMARK,EQ,2451.9,2437.2,267568,109229,40.82
2026-09-07,GNFC,EQ,597.9,596.7,1281385,763124,59.55
2026-09-07,GODREJCP,EQ,861.9,878.0,2647422,1800684,68.02
2026-09-07,GODREJPROP,EQ,1922.2,1982.0,752808,275408,36.58
2026-09-07,GRANULES,EQ,867.3,848.3,1033026,505075,48.89
2026-09-07,GRASIM,EQ,3302.4,3322.0,1179298,797466,67.62
2026-09-07,HAL,EQ,4855.2,4856.0,602641,280912,46.61
2026-09-07,HAVELLS,EQ,1150.0,1154.0,882205,496995,56.34
2026-09-07,HCLTECH,EQ,1282.8,1293.4,2008363,938694,46.74
2026-09-07,HDFCAMC,EQ,2432.0,2458.3,300166,188065,62.65
2026-09-07,HDFCBANK,EQ,710.5,712.1,12180390,7666610,62.94
2026-09-07,HDFCLIFE,EQ,533.2,546.4,1190100,639482,53.73
2026-09-07,HEROMOTOCO,EQ,5270.0,5300.0,354258,191625,54.09
2026-09-07,HINDALCO,EQ,1006.0,1011.0,1848438,1025205,55.46
2026-09-07,HINDCOPPER,EQ,509.1,521.65,5991278,2682489,44.77
2026-09-07,HINDPETRO,EQ,356.9,356.5,3859485,1861409,48.23
2026-09-07,HINDUNILVR,EQ,1960.0,1973.4,713057,369578,51.83
2026-09-07,ICICIBANK,EQ,1427.5,1423.2,8035111,5190287,64.6
2026-09-07,ICICIGI,EQ,1493.4,1510.0,426021,235032,55.17
2026-09-07,ICICIPRULI,EQ,470.65,494.55,1678977,698071,41.58
2026-09-07,IDEA,EQ,15.6,15.02,695355022,199608307,28.71
2026-09-07,IDFCFIRSTB,EQ,86.44,86.71,10617041,6434282,60.6
2026-09-07,IEX,EQ,117.5,118.91,3730649,2203414,59.06
2026-09-07,IGL,EQ,154.8,158.04,1105359,523086,47.32
2026-09-07,INDHOTEL,EQ,716.2,720.0,2137419,1169146,54.7
2026-09-07,INDIACEM,EQ,356.1,362.5,33475,16676,49.82
2026-09-07,INDIAMART,EQ,1706.4,1726.4,54073,38674,71.52
2026-09-07,INDIGO,EQ,5001.0,4977.0,354874,177660,50.06
2026-09-07,INDUSINDBK,EQ,998.0,1008.5,1418742,709311,50.0
2026-09-07,INDUSTOWER,EQ,376.45,376.8,4311184,2065473,47.91
2026-09-07,INFY,EQ,1087.5,1130.0,7668346,3794091,49.48
2026-09-07,INTELLECT,EQ,682.15,686.65,244782,118865,48.56
2026-09-07,IOC,EQ,135.15,137.6,5955660,3395928,57.02
2026-09-07,IPCALAB,EQ,1959.1,1965.3,92425,45728,49.48
2026-09-07,IRCTC,EQ,474.5,476.05,405838,210635,51.9
2026-09-07,ITC,EQ,263.5,264.1,6688002,3792130,56.7
2026-09-07,JINDALSTEL,EQ,1147.9,1165.0,752810,239382,31.8
2026-09-07,JKCEMENT,EQ,5047.0,5083.5,37329,23754,63.63
2026-09-07,JSWSTEEL,EQ,1302.0,1325.0,1276231,568708,44.56
2026-09-07,JUBLFOOD,EQ,475.4,482.7,391181,115946,29.64
2026-09-07,KOTAKBANK,EQ,422.1,424.5,7148641,4731381,66.19
2026-09-07,LALPATHLAB,EQ,1901.9,1877.5,191362,75649,39.53
2026-09-07,LAURUSLABS,EQ,1876.7,1840.0,1148664,550085,47.89
2026-09-07,LICHSGFIN,EQ,552.0,562.05,1618855,813197,50.23
2026-09-07,LT,EQ,3999.0,3964.1,1256683,762595,60.68
2026-09-07,LTTS,EQ,3414.2,3493.3,64566,30407,47.09
2026-09-07,LUPIN,EQ,2105.0,2110.0,819621,399218,48.71
2026-09-07,M&M,EQ,3160.0,3170.0,1715004,1123951,65.54
2026-09-07,M&MFIN,EQ,372.35,373.65,1859254,935945,50.34
2026-09-07,MANAPPURAM,EQ,325.6,339.7,9089525,3478820,38.27
2026-09-07,MARICO,EQ,806.0,815.15,717139,428069,59.69
2026-09-07,MARUTI,EQ,12760.0,12694.0,413778,247272,59.76
2026-09-07,MCX,EQ,3330.2,3275.4,1889368,625467,33.1
2026-09-07,METROPOLIS,EQ,577.75,588.7,174730,92170,52.75
2026-09-07,MFSL,EQ,1520.0,1548.4,938109,714503,76.16
2026-09-07,MGL,EQ,1092.1,1096.6,99788,56047,56.17
2026-09-07,MOTHERSON,EQ,162.0,160.7,15669796,8914057,56.89
2026-09-07,MPHASIS,EQ,2369.1,2422.0,382610,148901,38.92
2026-09-07,MRF,EQ,128890.0,129945.0,3771,1833,48.61
2026-09-07,MUTHOOTFIN,EQ,2880.0,2913.8,370903,153542,41.4
2026-09-07,NATIONALUM,EQ,365.9,374.1,3280288,1714731,52.27
2026-09-07,NAUKRI,EQ,1302.5,1319.8,856453,534559,62.42
2026-09-07,NAVINFLUOR,EQ,8603.5,8557.5,76404,46277,60.57
2026-09-07,NESTLEIND,EQ,1398.0,1410.5,897310,592915,66.08
2026-09-07,NMDC,EQ,83.85,84.7,15859358,6551030,41.31
2026-09-07,NTPC,EQ,332.0,332.5,5245813,3281525,62.56
2026-09-07,OBEROIRLTY,EQ,1847.5,1875.6,206196,131028,63.55
2026-09-07,OFSS,EQ,11847.0,12058.0,185270,70975,38.31
2026-09-07,ONGC,EQ,233.7,234.65,5391548,2982615,55.32
2026-09-07,PAGEIND,EQ,35825.0,36300.0,11706,5014,42.83
2026-09-07,PERSISTENT,EQ,5540.0,5643.0,404979,170511,42.1
2026-09-07,PETRONET,EQ,290.95,288.1,1737649,1009752,58.11
2026-09-07,PFC,EQ,353.1,355.6,6560499,4043523,61.63
2026-09-07,PIDILITIND,EQ,1575.0,1629.5,591643,323034,54.6
2026-09-07,PIIND,EQ,2430.0,2465.0,104432,46448,44.48
2026-09-07,PNB,EQ,115.6,117.0,11062919,6013467,54.36
2026-09-07,POLYCAB,EQ,8261.0,8300.0,568946,293887,51.65
2026-09-07,POWERGRID,EQ,266.45,266.0,7015606,3965709,56.53
2026-09-07,PVRINOX,EQ,1156.5,1227.2,3208552,1001289,31.21
2026-09-07,RAIN,EQ,211.38,215.72,2224146,1130951,50.85
2026-09-07,RAMCOCEM,EQ,871.5,884.5,156814,82739,52.76
2026-09-07,RBLBANK,EQ,415.0,414.35,3484526,1463384,42.0
2026-09-07,RECLTD,EQ,316.4,318.7,3769684,1888461,50.1
2026-09-07,RELIANCE,EQ,1309.5,1322.0,10210522,6969619,68.26
2026-09-07,SAIL,EQ,187.9,196.8,32633382,12093991,37.06
2026-09-07,SBICARD,EQ,674.65,658.25,2781077,1601430,57.58
2026-09-07,SBILIFE,EQ,1732.0,1775.0,1155352,677190,58.61
2026-09-07,SBIN,EQ,1005.9,1016.1,10220001,6640215,64.97
2026-09-07,SHREECEM,EQ,23365.0,23855.0,17715,10460,59.05
2026-09-07,SHRIRAMFIN,EQ,1037.0,1041.0,1812019,1157392,63.87
2026-09-07,SIEMENS,EQ,3927.0,3977.0,200987,92883,46.21
2026-09-07,SRF,EQ,2546.0,2547.0,208077,115486,55.5
2026-09-07,SUNPHARMA,EQ,1895.0,1899.0,1579345,1073313,67.96
2026-09-07,SUNTV,EQ,452.85,470.9,589224,300927,51.07
2026-09-07,SYNGENE,EQ,389.3,395.6,444340,254912,57.37
2026-09-07,TATACHEM,EQ,613.35,625.1,501210,193907,38.69
2026-09-07,TATACOMM,EQ,1738.5,1756.1,185621,110715,59.65
2026-09-07,TATACONSUM,EQ,1015.0,1010.0,1368015,893533,65.32
2026-09-07,TATAPOWER,EQ,365.7,368.0,4849767,2399548,49.48
2026-09-07,TATASTEEL,EQ,185.61,188.79,23695657,9705069,40.96
2026-09-07,TCS,EQ,2270.0,2304.0,2297551,1201565,52.3
2026-09-07,TECHM,EQ,1564.0,1596.9,2028588,1223143,60.3
2026-09-07,TITAN,EQ,4995.0,5020.0,480336,298271,62.1
2026-09-07,TORNTPHARM,EQ,4914.0,4857.0,229459,126256,55.02
2026-09-07,TRENT,EQ,2814.5,2853.0,1021019,521111,51.04
2026-09-07,TVSMOTOR,EQ,4132.0,4133.1,353313,169572,47.99
2026-09-07,UBL,EQ,1291.0,1279.4,181984,102219,56.17
2026-09-07,ULTRACEMCO,EQ,11175.0,11408.0,214788,141036,65.66
2026-09-07,UPL,EQ,573.0,582.15,1754057,971796,55.4
2026-09-07,VEDL,EQ,268.0,272.1,4892640,2368076,48.4
2026-09-07,VOLTAS,EQ,1167.2,1170.0,402813,200641,49.81
2026-09-07,WHIRLPOOL,EQ,815.35,815.95,199585,118988,59.62
2026-09-07,WIPRO,EQ,172.8,176.4,10720636,5154535,48.08
2026-09-07,ZEEL,EQ,85.99,91.61,42609965,13438352,31.54
2026-09-07,ZYDUSLIFE,EQ,1156.9,1120.0,2107281,919935,43.66
2026-09-08,AARTIIND,EQ,503.7,490.7,766682,316422,41.27
2026-09-08,ABB,EQ,7387.0,7434.0,167057,86749,51.93
2026-09-08,ABBOTINDIA,EQ,25555.0,25940.0,11086,6532,58.92
2026-09-08,ABCAPITAL,EQ,396.95,403.25,3482938,2096168,60.18
2026-09-08,ABFRL,EQ,52.24,53.21,2646472,1208403,45.66
2026-09-08,ACC,EQ,1262.8,1268.7,116620,55909,47.94
2026-09-08,ADANIENT,EQ,2953.1,2950.0,971374,427769,44.04
2026-09-08,ADANIPORTS,EQ,1710.0,1694.3,1217135,797070,65.49
2026-09-08,ALKEM,EQ,5181.0,5242.5,75997,38758,51.0
2026-09-08,AMBUJACEM,EQ,398.3,398.6,986589,446127,45.22
2026-09-08,APOLLOHOSP,EQ,8837.5,8760.0,324848,185434,57.08
2026-09-08,APOLLOTYRE,EQ,411.5,420.8,568041,277026,48.77
2026-09-08,ASHOKLEY,EQ,169.0,170.0,7997004,3786637,47.35
2026-09-08,ASIANPAINT,EQ,2481.6,2500.9,373248,228178,61.13
2026-09-08,ASTRAL,EQ,1500.8,1498.2,613597,361316,58.88
2026-09-08,ATUL,EQ,6314.5,6312.5,12993,6989,53.79
2026-09-08,AUBANK,EQ,1073.7,1053.0,1353347,796375,58.84
2026-09-08,AUROPHARMA,EQ,1692.0,1660.0,1055813,389850,36.92
2026-09-08,AXISBANK,EQ,1244.9,1266.0,3623260,2177686,60.1
2026-09-08,BAJAJ-AUTO,EQ,11880.0,11800.0,192942,106212,55.05
2026-09-08,BAJAJFINSV,EQ,1938.1,1938.6,707710,390364,55.16
2026-09-08,BAJFINANCE,EQ,1054.1,1060.0,3608327,2453676,68.0
2026-09-08,BALKRISIND,EQ,2258.0,2287.1,360643,191065,52.98
2026-09-08,BALRAMCHIN,EQ,711.45,711.55,3169872,426696,13.46
2026-09-08,BANDHANBNK,EQ,171.58,164.7,20828794,8173367,39.24
2026-09-08,BANKBARODA,EQ,236.6,237.0,7992697,5092327,63.71
2026-09-08,BATAINDIA,EQ,663.85,669.45,107016,55304,51.68
2026-09-08,BEL,EQ,410.55,404.0,23225496,11133420,47.94
2026-09-08,BERGEPAINT,EQ,479.45,484.5,224801,114922,51.12
2026-09-08,BHARATFORG,EQ,2003.7,1955.0,1947343,1241309,63.74
2026-09-08,BHARTIARTL,EQ,1844.0,1854.0,4169706,2573792,61.73
2026-09-08,BHEL,EQ,422.15,421.45,4160694,1588184,38.17
2026-09-08,BIOCON,EQ,392.3,391.4,2791301,1219064,43.67
2026-09-08,BOSCHLTD,EQ,48785.0,48025.0,33665,18427,54.74
2026-09-08,BPCL,EQ,303.85,312.9,4641011,2111898,45.51
2026-09-08,BRITANNIA,EQ,5064.0,5042.5,280231,185499,66.2
2026-09-08,BSOFT,EQ,281.65,282.45,463798,232797,50.19
2026-09-08,CANBK,EQ,124.68,124.0,8644820,4566102,52.82
2026-09-08,CANFINHOME,EQ,797.6,805.45,328192,229353,69.88
2026-09-08,CHAMBLFERT,EQ,418.65,418.05,398881,182876,45.85
2026-09-08,CHOLAFIN,EQ,1823.4,1848.2,1040914,612814,58.87
2026-09-08,CIPLA,EQ,1384.0,1395.0,728795,519044,71.22
2026-09-08,COALINDIA,EQ,420.25,418.85,5273145,2744981,52.06
2026-09-08,COFORGE,EQ,1950.0,1935.0,1594561,858860,53.86
2026-09-08,COLPAL,EQ,1819.9,1813.5,214109,118889,55.53
2026-09-08,CONCOR,EQ,502.0,503.9,924971,383658,41.48
2026-09-08,COROMANDEL,EQ,1951.1,1974.6,61408,34763,56.61
2026-09-08,CROMPTON,EQ,231.9,231.02,3241817,1276870,39.39
2026-09-08,CUB,EQ,232.97,238.48,1107925,449732,40.59
2026-09-08,CUMMINSIND,EQ,5040.0,5030.0,457631,308861,67.49
2026-09-08,DABUR,EQ,375.0,375.5,2107745,1316983,62.48
2026-09-08,DALBHARAT,EQ,1700.5,1713.9,143709,73468,51.12
2026-09-08,DEEPAKNTR,EQ,1647.8,1642.1,310426,121138,39.02
2026-09-08,DELTACORP,EQ,55.44,56.2,536646,275838,51.4
2026-09-08,DIVISLAB,EQ,9575.0,9315.0,838906,429832,51.24
2026-09-08,DIXON,EQ,14100.0,14180.0,129101,48551,37.61
2026-09-08,DLF,EQ,675.1,672.7,2425538,1316429,54.27
2026-09-08,DRREDDY,EQ,1151.0,1144.2,587270,328387,55.92
2026-09-08,EICHERMOT,EQ,7747.5,7672.0,461637,316122,68.48
2026-09-08,ESCORTS,EQ,3013.2,2957.4,65334,38473,58.89
2026-09-08,EXIDEIND,EQ,418.15,425.75,1399882,679368,48.53
2026-09-08,FEDERALBNK,EQ,344.15,342.0,3571930,2198515,61.55
2026-09-08,GAIL,EQ,175.09,176.0,4347861,2988872,68.74
2026-09-08,GLENMARK,EQ,2474.5,2451.9,447432,219743,49.11
2026-09-08,GNFC,EQ,589.1,597.9,1037637,649489,62.59
2026-09-08,GODREJCP,EQ,865.0,861.9,1437045,889638,61.91
2026-09-08,GODREJPROP,EQ,1906.6,1922.2,507608,171651,33.82
2026-09-08,GRANULES,EQ,895.35,867.3,2111998,873716,41.37
2026-09-08,GRASIM,EQ,3306.8,3302.4,875447,542494,61.97
2026-09-08,HAL,EQ,5031.1,4855.2,2553021,1050518,41.15
2026-09-08,HAVELLS,EQ,1140.0,1150.0,1045920,762803,72.93
2026-09-08,HCLTECH,EQ,1277.0,1282.8,2241262,1223799,54.6
2026-09-08,HDFCAMC,EQ,2447.3,2432.0,550618,369509,67.11
2026-09-08,HDFCBANK,EQ,703.0,710.5,19883515,13264353,66.71
2026-09-08,HDFCLIFE,EQ,533.8,533.2,3149035,1404908,44.61
2026-09-08,HEROMOTOCO,EQ,5333.5,5270.0,393029,256731,65.32
2026-09-08,HINDALCO,EQ,1009.0,1006.0,3094146,1606238,51.91
2026-09-08,HINDCOPPER,EQ,532.85,509.1,24876043,7385569,29.69
2026-09-08,HINDPETRO,EQ,347.0,356.9,3433819,1667838,48.57
2026-09-08,HINDUNILVR,EQ,1980.0,1960.0,1256067,756273,60.21
2026-09-08,ICICIBANK,EQ,1399.4,1427.5,12123411,8057952,66.47
2026-09-08,ICICIGI,EQ,1484.4,1493.4,458407,260978,56.93
2026-09-08,ICICIPRULI,EQ,469.3,470.65,1191834,511879,42.95
2026-09-08,IDEA,EQ,15.42,15.6,355940344,105321128,29.59
2026-09-08,IDFCFIRSTB,EQ,86.5,86.44,11728338,6749929,57.55
2026-09-08,IEX,EQ,116.54,117.5,4316644,2037496,47.2
2026-09-08,IGL,EQ,154.02,154.8,834619,424339,50.84
2026-09-08,INDHOTEL,EQ,720.0,716.2,996891,634039,63.6
2026-09-08,INDIACEM,EQ,353.45,356.1,40841,20716,50.72
2026-09-08,INDIAMART,EQ,1684.5,1706.4,122055,81414,66.7
2026-09-08,INDIGO,EQ,5000.0,5001.0,435589,260735,59.86
2026-09-08,INDUSINDBK,EQ,997.7,998.0,1055105,696878,66.05
2026-09-08,INDUSTOWER,EQ,373.05,376.45,2490099,1604583,64.44
2026-09-08,INFY,EQ,1082.0,1087.5,6269037,3627483,57.86
2026-09-08,INTELLECT,EQ,691.8,682.15,252434,103434,40.97
2026-09-08,IOC,EQ,134.35,135.15,6954986,3440696,49.47
2026-09-08,IPCALAB,EQ,1967.2,1959.1,158357,84246,53.2
2026-09-08,IRCTC,EQ,472.45,474.5,412334,251854,61.08
2026-09-08,ITC,EQ,263.5,263.5,7406617,3993453,53.92
2026-09-08,JINDALSTEL,EQ,1136.3,1147.9,443885,181959,40.99
2026-09-08,JKCEMENT,EQ,4990.5,5047.0,94515,80674,85.36
2026-09-08,JSWSTEEL,EQ,1297.3,1302.0,1345313,741505,55.12
2026-09-08,JUBLFOOD,EQ,480.4,475.4,1239794,798050,64.37
2026-09-08,KOTAKBANK,EQ,419.25,422.1,12406799,8702051,70.14
2026-09-08,LALPATHLAB,EQ,1912.5,1901.9,90505,50059,55.31
2026-09-08,LAURUSLABS,EQ,1946.9,1876.7,2115447,852653,40.31
2026-09-08,LICHSGFIN,EQ,563.0,552.0,2858992,1372043,47.99
2026-09-08,LT,EQ,3946.1,3999.0,1200872,679138,56.55
2026-09-08,LTTS,EQ,3389.1,3414.2,56454,24303,43.05
2026-09-08,LUPIN,EQ,2104.7,2105.0,713131,379337,53.19
2026-09-08,M&M,EQ,3160.0,3160.0,1784671,1059260,59.35
2026-09-08,M&MFIN,EQ,374.35,372.35,2955284,1876177,63.49
2026-09-08,MANAPPURAM,EQ,325.0,325.6,2253307,791145,35.11
2026-09-08,MARICO,EQ,823.9,806.0,1525669,953243,62.48
2026-09-08,MARUTI,EQ,12641.0,12760.0,356860,202225,56.67
2026-09-08,MCX,EQ,3342.0,3330.2,1433417,512751,35.77
2026-09-08,METROPOLIS,EQ,582.2,577.75,280010,235405,84.07
2026-09-08,MFSL,EQ,1498.7,1520.0,589318,325831,55.29
2026-09-08,MGL,EQ,1103.2,1092.1,89561,57439,64.13
2026-09-08,MOTHERSON,EQ,163.85,162.0,10426788,5361580,51.42
2026-09-08,MPHASIS,EQ,2355.0,2369.1,346120,194198,56.11
2026-09-08,MRF,EQ,128245.0,128890.0,2712,1610,59.37
2026-09-08,MUTHOOTFIN,EQ,2899.7,2880.0,560448,318412,56.81
2026-09-08,NATIONALUM,EQ,371.05,365.9,5469151,2012395,36.8
2026-09-08,NAUKRI,EQ,1292.0,1302.5,2345489,1327088,56.58
2026-09-08,NAVINFLUOR,EQ,8731.0,8603.5,118511,58438,49.31
2026-09-08,NESTLEIND,EQ,1400.5,1398.0,1260068,767242,60.89
2026-09-08,NMDC,EQ,84.71,83.85,12129471,6286121,51.83
2026-09-08,NTPC,EQ,330.8,332.0,7351373,4688291,63.77
2026-09-08,OBEROIRLTY,EQ,1833.8,1847.5,261690,123437,47.17
2026-09-08,OFSS,EQ,11780.0,11847.0,101559,32816,32.31
2026-09-08,ONGC,EQ,236.0,233.7,7965065,3736686,46.91
2026-09-08,PAGEIND,EQ,35915.0,35825.0,24215,11535,47.64
2026-09-08,PERSISTENT,EQ,5560.0,5540.0,330550,132237,40.01
2026-09-08,PETRONET,EQ,285.8,290.95,1543809,779207,50.47
2026-09-08,PFC,EQ,355.9,353.1,6879445,4267515,62.03
2026-09-08,PIDILITIND,EQ,1593.0,1575.0,738063,414163,56.11
2026-09-08,PIIND,EQ,2395.0,2430.0,98267,38864,39.55
2026-09-08,PNB,EQ,116.0,115.6,11972532,7189336,60.05
2026-09-08,POLYCAB,EQ,8373.5,8261.0,604579,296793,49.09
2026-09-08,POWERGRID,EQ,265.75,266.45,7385483,4395117,59.51
2026-09-08,PVRINOX,EQ,1231.3,1156.5,1863426,381347,20.46
2026-09-08,RAIN,EQ,217.81,211.38,6812552,2870646,42.14
2026-09-08,RAMCOCEM,EQ,871.45,871.5,201465,122874,60.99
2026-09-08,RBLBANK,EQ,418.5,415.0,1994199,1013882,50.84
2026-09-08,RECLTD,EQ,317.85,316.4,4604418,2603624,56.55
2026-09-08,RELIANCE,EQ,1294.9,1309.5,9799528,5713748,58.31
2026-09-08,SAIL,EQ,186.1,187.9,19246316,7804552,40.55
2026-09-08,SBICARD,EQ,668.0,674.65,2340386,1339110,57.22
2026-09-08,SBILIFE,EQ,1696.6,1732.0,528949,274160,51.83
2026-09-08,SBIN,EQ,1008.0,1005.9,7084768,4307989,60.81
2026-09-08,SHREECEM,EQ,23160.0,23365.0,13107,6318,48.2
2026-09-08,SHRIRAMFIN,EQ,1029.0,1037.0,2574351,1385061,53.8
2026-09-08,SIEMENS,EQ,3951.3,3927.0,349820,171460,49.01
2026-09-08,SRF,EQ,2522.0,2546.0,167100,110795,66.3
2026-09-08,SUNPHARMA,EQ,1885.9,1895.0,1422627,991770,69.71
2026-09-08,SUNTV,EQ,453.5,452.85,262935,153539,58.39
2026-09-08,SYNGENE,EQ,387.55,389.3,482134,301002,62.43
2026-09-08,TATACHEM,EQ,607.7,613.35,313943,119632,38.11
2026-09-08,TATACOMM,EQ,1752.8,1738.5,257972,175788,68.14
2026-09-08,TATACONSUM,EQ,1014.1,1015.0,720871,401423,55.69
2026-09-08,TATAPOWER,EQ,365.55,365.7,2879558,1534567,53.29
2026-09-08,TATASTEEL,EQ,184.15,185.61,24272812,13229561,54.5
2026-09-08,TCS,EQ,2255.5,2270.0,2148114,1129391,52.58
2026-09-08,TECHM,EQ,1559.0,1564.0,1575629,907964,57.63
2026-09-08,TITAN,EQ,4987.0,4995.0,432671,247156,57.12
2026-09-08,TORNTPHARM,EQ,4960.0,4914.0,258478,187902,72.7
2026-09-08,TRENT,EQ,2793.6,2814.5,588825,293026,49.76
2026-09-08,TVSMOTOR,EQ,4133.2,4132.0,613492,366656,59.77
2026-09-08,UBL,EQ,1252.5,1291.0,288599,174060,60.31
2026-09-08,ULTRACEMCO,EQ,11009.0,11175.0,338272,197908,58.51
2026-09-08,UPL,EQ,576.75,573.0,1635290,1083493,66.26
2026-09-08,VEDL,EQ,272.0,268.0,5812809,2746019,47.24
2026-09-08,VOLTAS,EQ,1144.8,1167.2,819033,375406,45.84
2026-09-08,WHIRLPOOL,EQ,805.0,815.35,322780,188203,58.31
2026-09-08,WIPRO,EQ,171.5,172.8,6948945,3605095,51.88
2026-09-08,ZEEL,EQ,86.31,85.99,16984775,4199649,24.73
2026-09-08,ZYDUSLIFE,EQ,1145.5,1156.9,2009363,1032001,51.36
2026-09-09,AARTIIND,EQ,496.2,503.7,448671,207940,46.35
2026-09-09,ABB,EQ,7401.5,7387.0,309539,178554,57.68
2026-09-09,ABBOTINDIA,EQ,25225.0,25555.0,6053,3993,65.97
2026-09-09,ABCAPITAL,EQ,400.0,396.95,2144020,1064989,49.67
2026-09-09,ABFRL,EQ,51.33,52.24,2157046,1039095,48.17
2026-09-09,ACC,EQ,1257.7,1262.8,122510,62920,51.36
2026-09-09,ADANIENT,EQ,3104.7,2953.1,5320594,1961040,36.86
2026-09-09,ADANIPORTS,EQ,1775.0,1710.0,5527528,3067600,55.5
2026-09-09,ALKEM,EQ,5139.0,5181.0,106076,69062,65.11
2026-09-09,AMBUJACEM,EQ,397.0,398.3,862520,378829,43.92
2026-09-09,APOLLOHOSP,EQ,8967.0,8837.5,375525,171189,45.59
2026-09-09,APOLLOTYRE,EQ,422.25,411.5,540857,250245,46.27
2026-09-09,ASHOKLEY,EQ,167.0,169.0,7197614,2987359,41.5
2026-09-09,ASIANPAINT,EQ,2489.0,2481.6,432840,258653,59.76
2026-09-09,ASTRAL,EQ,1474.8,1500.8,769503,457488,59.45
2026-09-09,ATUL,EQ,6221.5,6314.5,18697,8516,45.55
2026-09-09,AUBANK,EQ,1060.5,1073.7,1294481,823194,63.59
2026-09-09,AUROPHARMA,EQ,1698.9,1692.0,600583,285399,47.52
2026-09-09,AXISBANK,EQ,1238.5,1244.9,6679663,4863901,72.82
2026-09-09,BAJAJ-AUTO,EQ,11790.0,11880.0,119472,68710,57.51
2026-09-09,BAJAJFINSV,EQ,1927.0,1938.1,617280,403394,65.35
2026-09-09,BAJFINANCE,EQ,1039.3,1054.1,9244698,6269747,67.82
2026-09-09,BALKRISIND,EQ,2208.6,2258.0,491646,302325,61.49
2026-09-09,BALRAMCHIN,EQ,700.05,711.45,1337773,263502,19.7
2026-09-09,BANDHANBNK,EQ,171.7,171.58,11130322,3587804,32.23
2026-09-09,BANKBARODA,EQ,234.1,236.6,14888061,9437518,63.39
2026-09-09,BATAINDIA,EQ,661.05,663.85,141443,75383,53.3
2026-09-09,BEL,EQ,406.0,410.55,10899391,6460846,59.28
2026-09-09,BERGEPAINT,EQ,470.8,479.45,397752,168129,42.27
2026-09-09,BHARATFORG,EQ,1979.6,2003.7,522619,230274,44.06
2026-09-09,BHARTIARTL,EQ,1814.7,1844.0,5574027,3964197,71.12
2026-09-09,BHEL,EQ,433.7,422.15,8487227,3588374,42.28
2026-09-09,BIOCON,EQ,395.0,392.3,10271402,3865533,37.63
2026-09-09,BOSCHLTD,EQ,49100.0,48785.0,28278,16454,58.19
2026-09-09,BPCL,EQ,303.55,303.85,4492551,2313780,51.5
2026-09-09,BRITANNIA,EQ,5090.0,5064.0,190380,89664,47.1
2026-09-09,BSOFT,EQ,277.2,281.65,945788,521571,55.15
2026-09-09,CANBK,EQ,124.08,124.68,9338510,4721080,50.55
2026-09-09,CANFINHOME,EQ,786.9,797.6,225807,134534,59.58
2026-09-09,CHAMBLFERT,EQ,415.6,418.65,446106,279337,62.62
2026-09-09,CHOLAFIN,EQ,1829.0,1823.4,1079333,740281,68.59
2026-09-09,CIPLA,EQ,1363.1,1384.0,818773,537387,65.63
2026-09-09,COALINDIA,EQ,431.0,420.25,22791556,11138139,48.87
2026-09-09,COFORGE,EQ,1845.0,1950.0,10837239,4965420,45.82
2026-09-09,COLPAL,EQ,1800.0,1819.9,518477,342135,65.99
2026-09-09,CONCOR,EQ,510.0,502.0,1057889,458006,43.29
2026-09-09,COROMANDEL,EQ,1962.7,1951.1,83551,44418,53.16
2026-09-09,CROMPTON,EQ,232.96,231.9,3989754,2009400,50.36
2026-09-09,CUB,EQ,231.67,232.97,1015686,357093,35.16
2026-09-09,CUMMINSIND,EQ,5170.5,5040.0,373017,179751,48.19
2026-09-09,DABUR,EQ,371.55,375.0,2451979,1434867,58.52
2026-09-09,DALBHARAT,EQ,1733.6,1700.5,41241,16083,39.0
2026-09-09,DEEPAKNTR,EQ,1641.9,1647.8,249150,105172,42.21
2026-09-09,DELTACORP,EQ,55.25,55.44,713513,383252,53.71
2026-09-09,DIVISLAB,EQ,9488.0,9575.0,385273,221602,57.52
2026-09-09,DIXON,EQ,13845.0,14100.0,368566,178674,48.48
2026-09-09,DLF,EQ,655.1,675.1,17000327,11697922,68.81
2026-09-09,DRREDDY,EQ,1145.0,1151.0,528499,319945,60.54
2026-09-09,EICHERMOT,EQ,7734.5,7747.5,318638,184817,58.0
2026-09-09,ESCORTS,EQ,2989.2,3013.2,31863,16379,51.4
2026-09-09,EXIDEIND,EQ,410.75,418.15,2097228,1061111,50.6
2026-09-09,FEDERALBNK,EQ,345.0,344.15,3903520,2641296,67.66
2026-09-09,GAIL,EQ,174.9,175.09,4342968,2489289,57.32
2026-09-09,GLENMARK,EQ,2435.0,2474.5,424753,159072,37.45
2026-09-09,GNFC,EQ,574.6,589.1,850758,349664,41.1
2026-09-09,GODREJCP,EQ,863.8,865.0,1440335,918788,63.79
2026-09-09,GODREJPROP,EQ,1857.1,1906.6,538632,244792,45.45
2026-09-09,GRANULES,EQ,884.8,895.35,1406377,859427,61.11
2026-09-09,GRASIM,EQ,3300.0,3306.8,850901,532560,62.59
2026-09-09,HAL,EQ,5000.5,5031.1,1669937,856205,51.27
2026-09-09,HAVELLS,EQ,1120.4,1140.0,608049,359311,59.09
2026-09-09,HCLTECH,EQ,1229.8,1277.0,2099173,856018,40.78
2026-09-09,HDFCAMC,EQ,2440.0,2447.3,455316,203501,44.69
2026-09-09,HDFCBANK,EQ,687.1,703.0,39173990,26163697,66.79
2026-09-09,HDFCLIFE,EQ,514.0,533.8,9024185,4194438,46.48
2026-09-09,HEROMOTOCO,EQ,5218.0,5333.5,532099,262768,49.38
2026-09-09,HINDALCO,EQ,1026.9,1009.0,3255790,1703235,52.31
2026-09-09,HINDCOPPER,EQ,532.3,532.85,15102525,4495524,29.77
2026-09-09,HINDPETRO,EQ,348.9,347.0,5786455,3484415,60.22
2026-09-09,HINDUNILVR,EQ,1945.0,1980.0,1455307,853939,58.68
2026-09-09,ICICIBANK,EQ,1389.1,1399.4,14229080,10068827,70.76
2026-09-09,ICICIGI,EQ,1474.0,1484.4,974837,651574,66.84
2026-09-09,ICICIPRULI,EQ,462.5,469.3,942661,411966,43.7
2026-09-09,IDEA,EQ,15.52,15.42,539161681,165953005,30.78
2026-09-09,IDFCFIRSTB,EQ,86.0,86.5,20235616,12505691,61.8
2026-09-09,IEX,EQ,117.95,116.54,3287242,1432495,43.58
2026-09-09,IGL,EQ,152.92,154.02,978960,546591,55.83
2026-09-09,INDHOTEL,EQ,722.75,720.0,853702,565303,66.22
2026-09-09,INDIACEM,EQ,351.55,353.45,36593,20735,56.66
2026-09-09,INDIAMART,EQ,1671.9,1684.5,45330,28116,62.03
2026-09-09,INDIGO,EQ,4975.0,5000.0,443075,257438,58.1
2026-09-09,INDUSINDBK,EQ,1004.0,997.7,996411,583524,58.56
2026-09-09,INDUSTOWER,EQ,373.7,373.05,1765333,961953,54.49
2026-09-09,INFY,EQ,1035.0,1082.0,13530457,8043809,59.45
2026-09-09,INTELLECT,EQ,684.9,691.8,349339,194659,55.72
2026-09-09,IOC,EQ,135.6,134.35,5297849,2456824,46.37
2026-09-09,IPCALAB,EQ,1963.6,1967.2,126119,78802,62.48
2026-09-09,IRCTC,EQ,469.5,472.45,687597,366412,53.29
2026-09-09,ITC,EQ,260.8,263.5,10065188,5965816,59.27
2026-09-09,JINDALSTEL,EQ,1146.5,1136.3,590734,221338,37.47
2026-09-09,JKCEMENT,EQ,4990.5,4990.5,34112,18552,54.39
2026-09-09,JSWSTEEL,EQ,1310.0,1297.3,1484708,805721,54.27
2026-09-09,JUBLFOOD,EQ,475.95,480.4,712724,320021,44.9
2026-09-09,KOTAKBANK,EQ,414.0,419.25,10886349,7391047,67.89
2026-09-09,LALPATHLAB,EQ,1919.7,1912.5,205022,99213,48.39
2026-09-09,LAURUSLABS,EQ,1937.0,1946.9,1822218,954051,52.36
2026-09-09,LICHSGFIN,EQ,555.0,563.0,2616014,1260432,48.18
2026-09-09,LT,EQ,3922.6,3946.1,2954721,2078693,70.35
2026-09-09,LTTS,EQ,3364.0,3389.1,52404,26044,49.7
2026-09-09,LUPIN,EQ,2100.0,2104.7,596996,322274,53.98
2026-09-09,M&M,EQ,3150.0,3160.0,1050769,669775,63.74
2026-09-09,M&MFIN,EQ,363.75,374.35,2529271,1421350,56.2
2026-09-09,MANAPPURAM,EQ,320.0,325.0,6844403,2454078,35.86
2026-09-09,MARICO,EQ,813.9,823.9,2389739,1873361,78.39
2026-09-09,MARUTI,EQ,12618.0,12641.0,534832,352747,65.95
2026-09-09,MCX,EQ,3350.0,3342.0,2174879,919788,42.29
2026-09-09,METROPOLIS,EQ,602.1,582.2,472099,239840,50.8
2026-09-09,MFSL,EQ,1468.5,1498.7,802373,475602,59.27
2026-09-09,MGL,EQ,1084.3,1103.2,156163,121170,77.59
2026-09-09,MOTHERSON,EQ,163.7,163.85,6002467,3355328,55.9
2026-09-09,MPHASIS,EQ,2307.5,2355.0,288892,126632,43.83
2026-09-09,MRF,EQ,128315.0,128245.0,2834,1361,48.02
2026-09-09,MUTHOOTFIN,EQ,2815.0,2899.7,1027017,527080,51.32
2026-09-09,NATIONALUM,EQ,377.6,371.05,9139475,3571928,39.08
2026-09-09,NAUKRI,EQ,1267.0,1292.0,1281379,751819,58.67
2026-09-09,NAVINFLUOR,EQ,8775.5,8731.0,294169,130914,44.5
2026-09-09,NESTLEIND,EQ,1393.0,1400.5,994121,661412,66.53
2026-09-09,NMDC,EQ,85.8,84.71,14151248,7354696,51.97
2026-09-09,NTPC,EQ,334.5,330.8,11795145,7146097,60.59
2026-09-09,OBEROIRLTY,EQ,1800.0,1833.8,222585,98418,44.22
2026-09-09,OFSS,EQ,11630.0,11780.0,156426,77843,49.76
2026-09-09,ONGC,EQ,234.02,236.0,12781171,7883441,61.68
2026-09-09,PAGEIND,EQ,35395.0,35915.0,15250,7010,45.97
2026-09-09,PERSISTENT,EQ,5419.0,5560.0,599190,219911,36.7
2026-09-09,PETRONET,EQ,285.9,285.8,1133536,615694,54.32
2026-09-09,PFC,EQ,351.4,355.9,5426791,3321483,61.21
2026-09-09,PIDILITIND,EQ,1572.0,1593.0,276995,168380,60.79
2026-09-09,PIIND,EQ,2394.0,2395.0,100714,40079,39.79
2026-09-09,PNB,EQ,115.61,116.0,11691129,6127407,52.41
2026-09-09,POLYCAB,EQ,8354.0,8373.5,198567,91080,45.87
2026-09-09,POWERGRID,EQ,265.85,265.75,11738891,8095007,68.96
2026-09-09,PVRINOX,EQ,1169.2,1231.3,564590,227990,40.38
2026-09-09,RAIN,EQ,222.5,217.81,11435273,3362185,29.4
2026-09-09,RAMCOCEM,EQ,866.85,871.45,177473,94128,53.04
2026-09-09,RBLBANK,EQ,416.0,418.5,3908840,2275371,58.21
2026-09-09,RECLTD,EQ,314.5,317.85,3145078,1763012,56.06
2026-09-09,RELIANCE,EQ,1279.0,1294.9,12152819,7684696,63.23
2026-09-09,SAIL,EQ,186.4,186.1,13768193,5624331,40.85
2026-09-09,SBICARD,EQ,668.4,668.0,2199393,1308999,59.52
2026-09-09,SBILIFE,EQ,1684.0,1696.6,1020022,657478,64.46
2026-09-09,SBIN,EQ,1000.5,1008.0,7091386,3766503,53.11
2026-09-09,SHREECEM,EQ,22950.0,23160.0,12133,5191,42.78
2026-09-09,SHRIRAMFIN,EQ,1029.0,1029.0,3641454,2310693,63.46
2026-09-09,SIEMENS,EQ,3949.1,3951.3,378664,198305,52.37
2026-09-09,SRF,EQ,2520.0,2522.0,68501,35699,52.11
2026-09-09,SUNPHARMA,EQ,1864.9,1885.9,1396896,867867,62.13
2026-09-09,SUNTV,EQ,449.3,453.5,194146,99528,51.26
2026-09-09,SYNGENE,EQ,386.8,387.55,358624,165653,46.19
2026-09-09,TATACHEM,EQ,603.05,607.7,311583,116449,37.37
2026-09-09,TATACOMM,EQ,1772.8,1752.8,207805,97557,46.95
2026-09-09,TATACONSUM,EQ,1001.0,1014.1,973918,656441,67.4
2026-09-09,TATAPOWER,EQ,370.0,365.55,5668226,2072536,36.56
2026-09-09,TATASTEEL,EQ,188.75,184.15,45985325,21762385,47.32
2026-09-09,TCS,EQ,2208.0,2255.5,3370071,2005311,59.5
2026-09-09,TECHM,EQ,1508.0,1559.0,1329200,601624,45.26
2026-09-09,TITAN,EQ,5005.0,4987.0,502050,326646,65.06
2026-09-09,TORNTPHARM,EQ,4930.0,4960.0,165089,102389,62.02
2026-09-09,TRENT,EQ,2820.0,2793.6,601991,285276,47.39
2026-09-09,TVSMOTOR,EQ,4151.1,4133.2,1044264,655099,62.73
2026-09-09,UBL,EQ,1266.7,1252.5,189906,97211,51.19
2026-09-09,ULTRACEMCO,EQ,10900.0,11009.0,325637,234673,72.07
2026-09-09,UPL,EQ,575.7,576.75,1763304,1006981,57.11
2026-09-09,VEDL,EQ,272.5,272.0,8634652,4957481,57.41
2026-09-09,VOLTAS,EQ,1143.8,1144.8,475069,274680,57.82
2026-09-09,WHIRLPOOL,EQ,795.0,805.0,167593,90703,54.12
2026-09-09,WIPRO,EQ,167.0,171.5,12001620,5840104,48.66
2026-09-09,ZEEL,EQ,85.71,86.31,12868445,3891013,30.24
2026-09-09,ZYDUSLIFE,EQ,1127.4,1145.5,1185373,693996,58.55
2026-09-10,AARTIIND,EQ,504.05,496.2,589520,230069,39.03
2026-09-10,ABB,EQ,7329.0,7401.5,93304,47279,50.67
2026-09-10,ABBOTINDIA,EQ,25260.0,25225.0,7222,3716,51.45
2026-09-10,ABCAPITAL,EQ,400.0,400.0,1395209,669611,47.99
2026-09-10,ABFRL,EQ,50.89,51.33,2526835,1235021,48.88
2026-09-10,ACC,EQ,1254.3,1257.7,110068,59910,54.43
2026-09-10,ADANIENT,EQ,3077.2,3104.7,1716315,670265,39.05
2026-09-10,ADANIPORTS,EQ,1768.0,1775.0,2777377,1788095,64.38
2026-09-10,ALKEM,EQ,5138.0,5139.0,41390,26167,63.22
2026-09-10,AMBUJACEM,EQ,395.6,397.0,1427859,712221,49.88
2026-09-10,APOLLOHOSP,EQ,8900.0,8967.0,329159,211627,64.29
2026-09-10,APOLLOTYRE,EQ,419.55,422.25,284234,114790,40.39
2026-09-10,ASHOKLEY,EQ,166.12,167.0,16214508,8036229,49.56
2026-09-10,ASIANPAINT,EQ,2498.1,2489.0,549332,386119,70.29
2026-09-10,ASTRAL,EQ,1459.0,1474.8,914375,569921,62.33
2026-09-10,ATUL,EQ,6356.0,6221.5,31851,19273,60.51
2026-09-10,AUBANK,EQ,1054.7,1060.5,1126434,619517,55.0
2026-09-10,AUROPHARMA,EQ,1668.4,1698.9,798368,433676,54.32
2026-09-10,AXISBANK,EQ,1246.0,1238.5,4150654,2693612,64.9
2026-09-10,BAJAJ-AUTO,EQ,11768.0,11790.0,121394,54096,44.56
2026-09-10,BAJAJFINSV,EQ,1940.5,1927.0,658197,340361,51.71
2026-09-10,BAJFINANCE,EQ,1043.5,1039.3,3902988,2542676,65.15
2026-09-10,BALKRISIND,EQ,2193.0,2208.6,353459,208257,58.92
2026-09-10,BALRAMCHIN,EQ,705.15,700.05,1534401,283922,18.5
2026-09-10,BANDHANBNK,EQ,174.0,171.7,11859976,6617128,55.79
2026-09-10,BANKBARODA,EQ,237.62,234.1,8949331,4288606,47.92
2026-09-10,BATAINDIA,EQ,653.25,661.05,78777,36663,46.54
2026-09-10,BEL,EQ,405.0,406.0,8716895,4742141,54.4
2026-09-10,BERGEPAINT,EQ,463.8,470.8,262246,138664,52.88
2026-09-10,BHARATFORG,EQ,1954.9,1979.6,403296,200306,49.67
2026-09-10,BHARTIARTL,EQ,1839.0,1814.7,4588126,2997223,65.33
2026-09-10,BHEL,EQ,429.5,433.7,3963862,1762464,44.46
2026-09-10,BIOCON,EQ,391.65,395.0,4737510,2752846,58.11
2026-09-10,BOSCHLTD,EQ,48775.0,49100.0,28128,16054,57.07
2026-09-10,BPCL,EQ,303.0,303.55,3231631,1908966,59.07
2026-09-10,BRITANNIA,EQ,5009.0,5090.0,263129,133562,50.76
2026-09-10,BSOFT,EQ,275.8,277.2,854846,388357,45.43
2026-09-10,CANBK,EQ,124.6,124.08,22002938,6617361,30.07
2026-09-10,CANFINHOME,EQ,782.2,786.9,196858,125487,63.74
2026-09-10,CHAMBLFERT,EQ,417.75,415.6,523104,265659,50.79
2026-09-10,CHOLAFIN,EQ,1859.0,1829.0,2679971,1803796,67.31
2026-09-10,CIPLA,EQ,1373.3,1363.1,826221,491363,59.47
2026-09-10,COALINDIA,EQ,432.0,431.0,8811171,5549633,62.98
2026-09-10,COFORGE,EQ,1833.1,1845.0,2691550,1039612,38.63
2026-09-10,COLPAL,EQ,1808.5,1800.0,125826,74917,59.54
2026-09-10,CONCOR,EQ,504.15,510.0,932939,525628,56.34
2026-09-10,COROMANDEL,EQ,1961.9,1962.7,38962,19746,50.68
2026-09-10,CROMPTON,EQ,230.0,232.96,2559289,1314643,51.37
2026-09-10,CUB,EQ,226.45,231.67,1464969,760336,51.9
2026-09-10,CUMMINSIND,EQ,5155.0,5170.5,817252,564361,69.06
2026-09-10,DABUR,EQ,376.45,371.55,2119982,1366586,64.46
2026-09-10,DALBHARAT,EQ,1745.3,1733.6,79405,32814,41.32
2026-09-10,DEEPAKNTR,EQ,1645.8,1641.9,414991,331332,79.84
2026-09-10,DELTACORP,EQ,54.34,55.25,782143,484337,61.92
2026-09-10,DIVISLAB,EQ,9438.5,9488.0,338181,163495,48.35
2026-09-10,DIXON,EQ,13500.0,13845.0,467984,159240,34.03
2026-09-10,DLF,EQ,655.85,655.1,2509591,1149075,45.79
2026-09-10,DRREDDY,EQ,1143.0,1145.0,1684792,1254660,74.47
2026-09-10,EICHERMOT,EQ,7697.0,7734.5,289058,152577,52.78
2026-09-10,ESCORTS,EQ,2958.4,2989.2,25353,13077,51.58
2026-09-10,EXIDEIND,EQ,420.85,410.75,3849629,1365321,35.47
2026-09-10,FEDERALBNK,EQ,346.0,345.0,5314983,3216432,60.52
2026-09-10,GAIL,EQ,174.49,174.9,4397343,2446284,55.63
2026-09-10,GLENMARK,EQ,2415.0,2435.0,262107,151319,57.73
2026-09-10,GNFC,EQ,570.75,574.6,432189,228361,52.84
2026-09-10,GODREJCP,EQ,869.9,863.8,697924,380464,54.51
2026-09-10,GODREJPROP,EQ,1872.0,1857.1,686220,372198,54.24
2026-09-10,GRANULES,EQ,899.25,884.8,1597031,692743,43.38
2026-09-10,GRASIM,EQ,3319.0,3300.0,1056285,732117,69.31
2026-09-10,HAL,EQ,4950.0,5000.5,688500,312149,45.34
2026-09-10,HAVELLS,EQ,1116.0,1120.4,1093884,744495,68.06
2026-09-10,HCLTECH,EQ,1207.0,1229.8,2197859,954103,43.41
2026-09-10,HDFCAMC,EQ,2433.8,2440.0,370540,195190,52.68
2026-09-10,HDFCBANK,EQ,693.8,687.1,27108053,17074185,62.99
2026-09-10,HDFCLIFE,EQ,526.15,514.0,4125818,2017590,48.9
2026-09-10,HEROMOTOCO,EQ,5280.0,5218.0,501164,334526,66.75
2026-09-10,HINDALCO,EQ,1014.0,1026.9,2172772,1222332,56.26
2026-09-10,HINDCOPPER,EQ,527.3,532.3,8458321,2640018,31.21
2026-09-10,HINDPETRO,EQ,352.65,348.9,2991765,1714090,57.29
2026-09-10,HINDUNILVR,EQ,1942.3,1945.0,1232506,783609,63.58
2026-09-10,ICICIBANK,EQ,1384.5,1389.1,10580641,7526499,71.13
2026-09-10,ICICIGI,EQ,1465.0,1474.0,312999,186337,59.53
2026-09-10,ICICIPRULI,EQ,471.0,462.5,2174563,1337770,61.52
2026-09-10,IDEA,EQ,14.9,15.52,888431120,342457712,38.55
2026-09-10,IDFCFIRSTB,EQ,86.84,86.0,14637414,7204247,49.22
2026-09-10,IEX,EQ,116.63,117.95,2469793,1166429,47.23
2026-09-10,IGL,EQ,153.46,152.92,622240,318273,51.15
2026-09-10,INDHOTEL,EQ,715.75,722.75,991880,571735,57.64
2026-09-10,INDIACEM,EQ,347.95,351.55,36131,14917,41.29
2026-09-10,INDIAMART,EQ,1637.7,1671.9,135778,72912,53.7
2026-09-10,INDIGO,EQ,4945.0,4975.0,813491,523205,64.32
2026-09-10,INDUSINDBK,EQ,993.3,1004.0,972483,491344,50.52
2026-09-10,INDUSTOWER,EQ,372.0,373.7,4491149,2755812,61.36
2026-09-10,INFY,EQ,1036.5,1035.0,8998529,5250417,58.35
2026-09-10,INTELLECT,EQ,685.05,684.9,188883,91958,48.69
2026-09-10,IOC,EQ,134.94,135.6,6629384,3653817,55.12
2026-09-10,IPCALAB,EQ,1970.9,1963.6,209376,146537,69.99
2026-09-10,IRCTC,EQ,467.75,469.5,675989,297346,43.99
2026-09-10,ITC,EQ,259.3,260.8,17541602,10373726,59.14
2026-09-10,JINDALSTEL,EQ,1137.0,1146.5,554299,309958,55.92
2026-09-10,JKCEMENT,EQ,4915.5,4990.5,37586,19813,52.71
2026-09-10,JSWSTEEL,EQ,1304.0,1310.0,1102536,656505,59.54
2026-09-10,JUBLFOOD,EQ,473.8,475.95,962855,328435,34.11
2026-09-10,KOTAKBANK,EQ,416.55,414.0,7755254,4998529,64.45
2026-09-10,LALPATHLAB,EQ,1916.7,1919.7,165825,101874,61.43
2026-09-10,LAURUSLABS,EQ,1945.0,1937.0,1067622,433325,40.59
2026-09-10,LICHSGFIN,EQ,552.3,555.0,2842584,1468939,51.68
2026-09-10,LT,EQ,3955.0,3922.6,1376951,684483,49.71
2026-09-10,LTTS,EQ,3377.9,3364.0,47576,20221,42.5
2026-09-10,LUPIN,EQ,2077.8,2100.0,624838,357554,57.22
2026-09-10,M&M,EQ,3123.8,3150.0,2140618,1248888,58.34
2026-09-10,M&MFIN,EQ,359.25,363.75,2598186,1415030,54.46
2026-09-10,MANAPPURAM,EQ,330.8,320.0,6953151,3435438,49.41
2026-09-10,MARICO,EQ,803.0,813.9,2060230,1445268,70.15
2026-09-10,MARUTI,EQ,12590.0,12618.0,338613,148868,43.96
2026-09-10,MCX,EQ,3300.0,3350.0,1308638,631659,48.27
2026-09-10,METROPOLIS,EQ,595.65,602.1,291883,149082,51.08
2026-09-10,MFSL,EQ,1479.9,1468.5,258122,134211,52.0
2026-09-10,MGL,EQ,1100.8,1084.3,198415,116629,58.78
2026-09-10,MOTHERSON,EQ,163.2,163.7,5599332,3426711,61.2
2026-09-10,MPHASIS,EQ,2291.7,2307.5,454003,297529,65.53
2026-09-10,MRF,EQ,128270.0,128315.0,2102,953,45.34
2026-09-10,MUTHOOTFIN,EQ,2841.5,2815.0,408226,174371,42.71
2026-09-10,NATIONALUM,EQ,373.35,377.6,3376100,1489275,44.11
2026-09-10,NAUKRI,EQ,1265.0,1267.0,981803,576809,58.75
2026-09-10,NAVINFLUOR,EQ,8700.5,8775.5,65488,29802,45.51
2026-09-10,NESTLEIND,EQ,1386.2,1393.0,568997,382546,67.23
2026-09-10,NMDC,EQ,84.6,85.8,9878920,5423313,54.9
2026-09-10,NTPC,EQ,335.0,334.5,6905905,4844608,70.15
2026-09-10,OBEROIRLTY,EQ,1792.0,1800.0,233031,119056,51.09
2026-09-10,OFSS,EQ,11725.0,11630.0,167438,83725,50.0
2026-09-10,ONGC,EQ,237.27,234.02,12771340,6096147,47.73
2026-09-10,PAGEIND,EQ,35750.0,35395.0,15704,6390,40.69
2026-09-10,PERSISTENT,EQ,5509.5,5419.0,516940,151589,29.32
2026-09-10,PETRONET,EQ,288.7,285.9,2585212,1635832,63.28
2026-09-10,PFC,EQ,352.8,351.4,7286720,4408099,60.49
2026-09-10,PIDILITIND,EQ,1569.0,1572.0,475698,287915,60.52
2026-09-10,PIIND,EQ,2365.0,2394.0,275516,178619,64.83
2026-09-10,PNB,EQ,116.85,115.61,18231772,7520597,41.25
2026-09-10,POLYCAB,EQ,8358.0,8354.0,259270,149793,57.77
2026-09-10,POWERGRID,EQ,271.75,265.85,12187656,7693067,63.12
2026-09-10,PVRINOX,EQ,1221.3,1169.2,746014,275344,36.91
2026-09-10,RAIN,EQ,217.28,222.5,4114741,1567316,38.09
2026-09-10,RAMCOCEM,EQ,869.75,866.85,555763,446660,80.37
2026-09-10,RBLBANK,EQ,410.8,416.0,2711005,1364327,50.33
2026-09-10,RECLTD,EQ,313.8,314.5,3526950,1449807,41.11
2026-09-10,RELIANCE,EQ,1274.0,1279.0,9296079,5049468,54.32
2026-09-10,SAIL,EQ,183.75,186.4,8060794,3676383,45.61
2026-09-10,SBICARD,EQ,666.3,668.4,1286184,716589,55.71
2026-09-10,SBILIFE,EQ,1700.6,1684.0,855621,566452,66.2
2026-09-10,SBIN,EQ,1009.7,1000.5,5504031,2251291,40.9
2026-09-10,SHREECEM,EQ,22785.0,22950.0,9990,4513,45.18
2026-09-10,SHRIRAMFIN,EQ,1038.0,1029.0,2757241,1638476,59.42
2026-09-10,SIEMENS,EQ,3954.4,3949.1,227398,120230,52.87
2026-09-10,SRF,EQ,2519.0,2520.0,210831,86263,40.92
2026-09-10,SUNPHARMA,EQ,1861.0,1864.9,1178648,780836,66.25
2026-09-10,SUNTV,EQ,455.55,449.3,289944,128062,44.17
2026-09-10,SYNGENE,EQ,384.0,386.8,187712,99935,53.24
2026-09-10,TATACHEM,EQ,610.55,603.05,692580,219057,31.63
2026-09-10,TATACOMM,EQ,1764.4,1772.8,187640,101257,53.96
2026-09-10,TATACONSUM,EQ,999.6,1001.0,1001929,628362,62.72
2026-09-10,TATAPOWER,EQ,367.0,370.0,2896528,1239414,42.79
2026-09-10,TATASTEEL,EQ,186.78,188.75,23334612,12722193,54.52
2026-09-10,TCS,EQ,2204.1,2208.0,2490912,1244751,49.97
2026-09-10,TECHM,EQ,1525.8,1508.0,1405653,477907,34.0
2026-09-10,TITAN,EQ,5021.0,5005.0,336565,198808,59.07
2026-09-10,TORNTPHARM,EQ,4930.0,4930.0,190249,102858,54.06
2026-09-10,TRENT,EQ,2818.7,2820.0,503802,288301,57.23
2026-09-10,TVSMOTOR,EQ,4121.5,4151.1,550990,337362,61.23
2026-09-10,UBL,EQ,1256.7,1266.7,43033,21470,49.89
2026-09-10,ULTRACEMCO,EQ,10979.0,10900.0,270894,167707,61.91
2026-09-10,UPL,EQ,575.3,575.7,1242223,799693,64.38
2026-09-10,VEDL,EQ,269.05,272.5,4834991,2793244,57.77
2026-09-10,VOLTAS,EQ,1158.5,1143.8,517423,210855,40.75
2026-09-10,WHIRLPOOL,EQ,795.65,795.0,113037,50507,44.68
2026-09-10,WIPRO,EQ,166.3,167.0,9586645,3985186,41.57
2026-09-10,ZEEL,EQ,80.95,85.71,22803793,7377650,32.35
2026-09-10,ZYDUSLIFE,EQ,1117.8,1127.4,937267,557254,59.46
2026-09-11,AARTIIND,EQ,492.7,504.05,592348,268375,55.29
2026-09-11,ABB,EQ,7274.0,7329.0,192422,86043,49.7
2026-09-11,ABBOTINDIA,EQ,25550.0,25260.0,9615,4602,54.7
2026-09-11,ABCAPITAL,EQ,395.0,400.0,1630117,646243,44.2
2026-09-11,ABFRL,EQ,50.44,50.89,4118000,1631692,42.97
2026-09-11,ACC,EQ,1246.5,1254.3,111729,41319,39.43
2026-09-11,ADANIENT,EQ,3060.0,3077.2,1815342,767389,47.55
2026-09-11,ADANIPORTS,EQ,1764.6,1768.0,1674823,911385,61.38
2026-09-11,ALKEM,EQ,5087.5,5138.0,238760,178844,78.42
2026-09-11,AMBUJACEM,EQ,391.85,395.6,1311052,472908,38.73
2026-09-11,APOLLOHOSP,EQ,8836.0,8900.0,207930,112548,61.09
2026-09-11,APOLLOTYRE,EQ,417.65,419.55,260936,94774,42.36
2026-09-11,ASHOKLEY,EQ,163.75,166.12,19044403,8631278,48.72
2026-09-11,ASIANPAINT,EQ,2472.5,2498.1,653006,291750,54.05
2026-09-11,ASTRAL,EQ,1411.4,1459.0,872167,462436,60.09
2026-09-11,ATUL,EQ,6244.5,6356.0,33362,14293,50.52
2026-09-11,AUBANK,EQ,1058.9,1054.7,1058773,430085,47.94
2026-09-11,AUROPHARMA,EQ,1679.8,1668.4,494251,206844,50.35
2026-09-11,AXISBANK,EQ,1246.0,1246.0,4562285,2301302,57.75
2026-09-11,BAJAJ-AUTO,EQ,11678.0,11768.0,214731,119990,64.81
2026-09-11,BAJAJFINSV,EQ,1913.5,1940.5,762375,368606,52.03
2026-09-11,BAJFINANCE,EQ,1034.5,1043.5,5411299,3001489,64.25
2026-09-11,BALKRISIND,EQ,2164.6,2193.0,177906,52407,48.29
2026-09-11,BALRAMCHIN,EQ,691.4,705.15,1301177,244949,21.93
2026-09-11,BANDHANBNK,EQ,176.52,174.0,25334991,13889255,57.58
2026-09-11,BANKBARODA,EQ,238.13,237.62,7018275,3327556,52.12
2026-09-11,BATAINDIA,EQ,648.65,653.25,105041,42107,46.85
2026-09-11,BEL,EQ,404.35,405.0,7805974,4236659,61.42
2026-09-11,BERGEPAINT,EQ,458.05,463.8,283827,110831,48.2
2026-09-11,BHARATFORG,EQ,1944.9,1954.9,283776,92941,40.07
2026-09-11,BHARTIARTL,EQ,1831.1,1839.0,4181325,2571458,71.18
2026-09-11,BHEL,EQ,431.0,429.5,6548117,2117488,35.09
2026-09-11,BIOCON,EQ,390.65,391.65,3665623,1530584,44.08
2026-09-11,BOSCHLTD,EQ,48385.0,48775.0,19898,8402,48.29
2026-09-11,BPCL,EQ,304.5,303.0,4137678,1374943,37.63
2026-09-11,BRITANNIA,EQ,4962.0,5009.0,194857,87362,51.29
2026-09-11,BSOFT,EQ,281.65,275.8,4622260,1237218,29.53
2026-09-11,CANBK,EQ,124.0,124.6,11131129,4228737,44.87
2026-09-11,CANFINHOME,EQ,779.75,782.2,407215,251246,68.36
2026-09-11,CHAMBLFERT,EQ,418.8,417.75,572806,302030,65.91
2026-09-11,CHOLAFIN,EQ,1845.9,1859.0,1505149,727041,53.11
2026-09-11,CIPLA,EQ,1366.0,1373.3,1681155,931899,62.08
2026-09-11,COALINDIA,EQ,426.4,432.0,3868222,1637981,47.38
2026-09-11,COFORGE,EQ,1846.5,1833.1,2687329,1336896,52.76
2026-09-11,COLPAL,EQ,1797.4,1808.5,280878,150817,58.26
2026-09-11,CONCOR,EQ,499.25,504.15,556686,188852,38.94
2026-09-11,COROMANDEL,EQ,1929.0,1961.9,100672,45445,60.76
2026-09-11,CROMPTON,EQ,231.0,230.0,1077937,375463,42.16
2026-09-11,CUB,EQ,227.32,226.45,1628700,407975,28.6
2026-09-11,CUMMINSIND,EQ,5070.0,5155.0,331010,120691,51.39
2026-09-11,DABUR,EQ,376.0,376.45,863561,425483,62.71
2026-09-11,DALBHARAT,EQ,1746.6,1745.3,41100,15367,44.4
2026-09-11,DEEPAKNTR,EQ,1587.8,1645.8,323567,162983,59.27
2026-09-11,DELTACORP,EQ,54.15,54.34,1394247,593751,48.14
2026-09-11,DIVISLAB,EQ,9322.0,9438.5,516756,362629,75.46
2026-09-11,DIXON,EQ,13425.0,13500.0,549928,235243,45.45
2026-09-11,DLF,EQ,644.5,655.85,4502321,1805204,46.21
2026-09-11,DRREDDY,EQ,1165.5,1143.0,2403285,802205,38.16
2026-09-11,EICHERMOT,EQ,7530.0,7697.0,444280,205609,62.66
2026-09-11,ESCORTS,EQ,2899.7,2958.4,42588,21052,61.64
2026-09-11,EXIDEIND,EQ,412.65,420.85,1294606,561032,49.78
2026-09-11,FEDERALBNK,EQ,344.5,346.0,3188640,1478750,56.28
2026-09-11,GAIL,EQ,173.62,174.49,6770227,4216509,70.78
2026-09-11,GLENMARK,EQ,2419.2,2415.0,346692,154001,55.31
2026-09-11,GNFC,EQ,562.4,570.75,310457,132238,59.57
2026-09-11,GODREJCP,EQ,865.0,869.9,772816,386873,54.54
2026-09-11,GODREJPROP,EQ,1748.0,1872.0,2684348,731907,29.45
2026-09-11,GRANULES,EQ,909.3,899.25,7851231,4839089,63.58
2026-09-11,GRASIM,EQ,3281.9,3319.0,515990,251846,63.08
2026-09-11,HAL,EQ,4905.0,4950.0,762754,373240,57.15
2026-09-11,HAVELLS,EQ,1111.0,1116.0,699007,386524,61.47
2026-09-11,HCLTECH,EQ,1206.1,1207.0,2272845,965924,49.59
2026-09-11,HDFCAMC,EQ,2403.9,2433.8,677643,328780,55.36
2026-09-11,HDFCBANK,EQ,708.25,693.8,31411934,13408691,47.31
2026-09-11,HDFCLIFE,EQ,530.0,526.15,4127867,2311499,62.15
2026-09-11,HEROMOTOCO,EQ,5221.5,5280.0,251663,116697,52.46
2026-09-11,HINDALCO,EQ,981.5,1014.0,4754493,2466205,56.75
2026-09-11,HINDCOPPER,EQ,514.5,527.3,8769684,3298360,42.44
2026-09-11,HINDPETRO,EQ,352.0,352.65,5835890,2243107,39.72
2026-09-11,HINDUNILVR,EQ,1927.0,1942.3,1100313,543363,60.65
2026-09-11,ICICIBANK,EQ,1379.3,1384.5,7064417,4097434,63.26
2026-09-11,ICICIGI,EQ,1459.8,1465.0,663654,353600,59.04
2026-09-11,ICICIPRULI,EQ,471.5,471.0,1354875,724509,56.47
2026-09-11,IDEA,EQ,14.97,14.9,547907103,140140953,27.88
2026-09-11,IDFCFIRSTB,EQ,86.21,86.84,13937814,7603413,61.64
2026-09-11,IEX,EQ,113.88,116.63,6657040,2985507,48.81
2026-09-11,IGL,EQ,151.98,153.46,766290,368261,63.78
2026-09-11,INDHOTEL,EQ,718.5,715.75,1019599,512033,54.17
2026-09-11,INDIACEM,EQ,346.9,347.95,65795,22459,37.57
2026-09-11,INDIAMART,EQ,1695.0,1637.7,140423,70365,57.79
2026-09-11,INDIGO,EQ,4973.0,4945.0,923733,455795,53.12
2026-09-11,INDUSINDBK,EQ,978.2,993.3,2504608,1435961,62.44
2026-09-11,INDUSTOWER,EQ,388.0,372.0,16707001,6618823,41.12
2026-09-11,INFY,EQ,1037.7,1036.5,6168088,3109903,56.59
2026-09-11,INTELLECT,EQ,682.6,685.05,280610,110088,46.25
2026-09-11,IOC,EQ,135.11,134.94,7203039,2979698,46.42
2026-09-11,IPCALAB,EQ,1968.5,1970.9,176417,70668,49.83
2026-09-11,IRCTC,EQ,462.9,467.75,604286,293609,57.37
2026-09-11,ITC,EQ,259.85,259.3,11116049,5735433,58.39
2026-09-11,JINDALSTEL,EQ,1120.5,1137.0,549857,124806,25.46
2026-09-11,JKCEMENT,EQ,4843.5,4915.5,54957,15398,49.4
2026-09-11,JSWSTEEL,EQ,1265.0,1304.0,1580944,756071,53.87
2026-09-11,JUBLFOOD,EQ,470.25,473.8,354487,101872,33.96
2026-09-11,KOTAKBANK,EQ,419.0,416.55,15197483,9203380,68.41
2026-09-11,LALPATHLAB,EQ,1909.0,1916.7,224876,120841,63.97
2026-09-11,LAURUSLABS,EQ,1969.0,1945.0,2277375,973382,46.96
2026-09-11,LICHSGFIN,EQ,562.9,552.3,11556446,4626776,42.53
2026-09-11,LT,EQ,3930.7,3955.0,1195489,525168,50.54
2026-09-11,LTTS,EQ,3337.4,3377.9,32052,12115,43.47
2026-09-11,LUPIN,EQ,2095.0,2077.8,621899,302816,59.84
2026-09-11,M&M,EQ,3107.0,3123.8,1311484,616640,52.96
2026-09-11,M&MFIN,EQ,356.15,359.25,2169574,1164422,60.47
2026-09-11,MANAPPURAM,EQ,329.0,330.8,3460959,1245922,38.32
2026-09-11,MARICO,EQ,802.1,803.0,1533624,858257,63.99
2026-09-11,MARUTI,EQ,12400.0,12590.0,514868,278193,61.44
2026-09-11,MCX,EQ,3276.0,3300.0,1686562,596955,37.41
2026-09-11,METROPOLIS,EQ,585.5,595.65,121416,56327,51.48
2026-09-11,MFSL,EQ,1477.0,1479.9,350366,192906,64.67
2026-09-11,MGL,EQ,1084.3,1100.8,76835,37891,57.8
2026-09-11,MOTHERSON,EQ,164.45,163.2,13200183,7094445,59.1
2026-09-11,MPHASIS,EQ,2295.0,2291.7,184932,81956,49.53
2026-09-11,MRF,EQ,128290.0,128270.0,2143,742,41.38
2026-09-11,MUTHOOTFIN,EQ,2792.1,2841.5,1015297,245884,26.11
2026-09-11,NATIONALUM,EQ,361.0,373.35,6560514,2285192,36.71
2026-09-11,NAUKRI,EQ,1250.8,1265.0,524171,256659,55.62
2026-09-11,NAVINFLUOR,EQ,8543.5,8700.5,86538,38880,56.37
2026-09-11,NESTLEIND,EQ,1383.3,1386.2,1238699,609191,56.15
2026-09-11,NMDC,EQ,82.4,84.6,9234255,3803238,48.7
2026-09-11,NTPC,EQ,333.4,335.0,4968535,2789575,69.03
2026-09-11,OBEROIRLTY,EQ,1741.1,1792.0,543198,223480,45.92
2026-09-11,OFSS,EQ,11763.0,11725.0,246099,115889,52.37
2026-09-11,ONGC,EQ,232.5,237.27,27128531,8490694,35.06
2026-09-11,PAGEIND,EQ,35365.0,35750.0,11287,4410,48.0
2026-09-11,PERSISTENT,EQ,5516.0,5509.5,335360,94496,30.0
2026-09-11,PETRONET,EQ,287.2,288.7,781806,369256,57.9
2026-09-11,PFC,EQ,353.45,352.8,6198609,3851035,72.18
2026-09-11,PIDILITIND,EQ,1566.9,1569.0,389368,164376,58.99
2026-09-11,PIIND,EQ,2259.0,2365.0,1124887,313840,31.78
2026-09-11,PNB,EQ,116.75,116.85,11479971,4131961,42.3
2026-09-11,POLYCAB,EQ,8241.0,8358.0,400369,178441,47.89
2026-09-11,POWERGRID,EQ,269.1,271.75,11423068,5563533,54.86
2026-09-11,PVRINOX,EQ,1237.1,1221.3,879763,398888,50.21
2026-09-11,RAIN,EQ,215.97,217.28,4334459,1909052,47.5
2026-09-11,RAMCOCEM,EQ,866.65,869.75,301862,172333,60.73
2026-09-11,RBLBANK,EQ,412.55,410.8,3209425,1622665,54.34
2026-09-11,RECLTD,EQ,312.7,313.8,4509899,2342712,54.99
2026-09-11,RELIANCE,EQ,1257.5,1274.0,8777736,4061266,54.5
2026-09-11,SAIL,EQ,179.0,183.75,8764231,3342680,40.33
2026-09-11,SBICARD,EQ,655.2,666.3,1571692,873665,61.18
2026-09-11,SBILIFE,EQ,1684.7,1700.6,308631,143868,56.15
2026-09-11,SBIN,EQ,995.7,1009.7,7771109,3903299,53.86
2026-09-11,SHREECEM,EQ,22570.0,22785.0,16171,8478,54.13
2026-09-11,SHRIRAMFIN,EQ,1028.6,1038.0,3171217,1573415,57.19
2026-09-11,SIEMENS,EQ,3957.0,3954.4,172514,38048,27.0
2026-09-11,SRF,EQ,2482.4,2519.0,288552,117632,53.12
2026-09-11,SUNPHARMA,EQ,1840.0,1861.0,1445071,896962,71.97
2026-09-11,SUNTV,EQ,476.0,455.55,3312335,553197,17.63
2026-09-11,SYNGENE,EQ,382.65,384.0,373196,184451,54.0
2026-09-11,TATACHEM,EQ,612.45,610.55,642048,220581,41.4
2026-09-11,TATACOMM,EQ,1761.6,1764.4,167102,74189,50.14
2026-09-11,TATACONSUM,EQ,991.0,999.6,905959,462783,58.13
2026-09-11,TATAPOWER,EQ,364.65,367.0,2425732,1148126,53.5
2026-09-11,TATASTEEL,EQ,183.0,186.78,31510206,13969094,50.34
2026-09-11,TCS,EQ,2200.8,2204.1,2634124,1221983,50.96
2026-09-11,TECHM,EQ,1541.0,1525.8,2007328,787592,43.57
2026-09-11,TITAN,EQ,5009.5,5021.0,403235,164874,52.36
2026-09-11,TORNTPHARM,EQ,4965.5,4930.0,263114,118679,58.9
2026-09-11,TRENT,EQ,2802.4,2818.7,677898,324663,54.2
2026-09-11,TVSMOTOR,EQ,4125.0,4121.5,454748,152404,43.87
2026-09-11,UBL,EQ,1256.1,1256.7,407531,367583,93.23
2026-09-11,ULTRACEMCO,EQ,11000.0,10979.0,223277,95831,64.97
2026-09-11,UPL,EQ,572.95,575.3,1449635,713111,56.61
2026-09-11,VEDL,EQ,263.7,269.05,11843976,5825946,51.49
2026-09-11,VOLTAS,EQ,1165.0,1158.5,762254,344559,46.42
2026-09-11,WHIRLPOOL,EQ,762.35,795.65,300241,141860,57.14
2026-09-11,WIPRO,EQ,167.4,166.3,8484897,3277153,45.78
2026-09-11,ZEEL,EQ,79.36,80.95,21161135,5968867,31.86
2026-09-11,ZYDUSLIFE,EQ,1119.1,1117.8,1038797,445272,48.46
2026-09-14,AARTIIND,EQ,492.7,504.05,592348,268375,55.29
2026-09-14,ABB,EQ,7274.0,7329.0,192422,86043,49.7
2026-09-14,ABBOTINDIA,EQ,25550.0,25260.0,9615,4602,54.7
2026-09-14,ABCAPITAL,EQ,395.0,400.0,1630117,646243,44.2
2026-09-14,ABFRL,EQ,50.44,50.89,4118000,1631692,42.97
2026-09-14,ACC,EQ,1246.5,1254.3,111729,41319,39.43
2026-09-14,ADANIENT,EQ,3060.0,3077.2,1815342,767389,47.55
2026-09-14,ADANIPORTS,EQ,1764.6,1768.0,1674823,911385,61.38
2026-09-14,ALKEM,EQ,5087.5,5138.0,238760,178844,78.42
2026-09-14,AMBUJACEM,EQ,391.85,395.6,1311052,472908,38.73
2026-09-14,APOLLOHOSP,EQ,8836.0,8900.0,207930,112548,61.09
2026-09-14,APOLLOTYRE,EQ,417.65,419.55,260936,94774,42.36
2026-09-14,ASHOKLEY,EQ,163.75,166.12,19044403,8631278,48.72
2026-09-14,ASIANPAINT,EQ,2472.5,2498.1,653006,291750,54.05
2026-09-14,ASTRAL,EQ,1411.4,1459.0,872167,462436,60.09
2026-09-14,ATUL,EQ,6244.5,6356.0,33362,14293,50.52
2026-09-14,AUBANK,EQ,1058.9,1054.7,1058773,430085,47.94
2026-09-14,AUROPHARMA,EQ,1679.8,1668.4,494251,206844,50.35
2026-09-14,AXISBANK,EQ,1246.0,1246.0,4562285,2301302,57.75
2026-09-14,BAJAJ-AUTO,EQ,11678.0,11768.0,214731,119990,64.81
2026-09-14,BAJAJFINSV,EQ,1913.5,1940.5,762375,368606,52.03
2026-09-14,BAJFINANCE,EQ,1034.5,1043.5,5411299,3001489,64.25
2026-09-14,BALKRISIND,EQ,2164.6,2193.0,177906,52407,48.29
2026-09-14,BALRAMCHIN,EQ,691.4,705.15,1301177,244949,21.93
2026-09-14,BANDHANBNK,EQ,176.52,174.0,25334991,13889255,57.58
2026-09-14,BANKBARODA,EQ,238.13,237.62,7018275,3327556,52.12
2026-09-14,BATAINDIA,EQ,648.65,653.25,105041,42107,46.85
2026-09-14,BEL,EQ,404.35,405.0,7805974,4236659,61.42
2026-09-14,BERGEPAINT,EQ,458.05,463.8,283827,110831,48.2
2026-09-14,BHARATFORG,EQ,1944.9,1954.9,283776,92941,40.07
2026-09-14,BHARTIARTL,EQ,1831.1,1839.0,4181325,2571458,71.18
2026-09-14,BHEL,EQ,431.0,429.5,6548117,2117488,35.09
2026-09-14,BIOCON,EQ,390.65,391.65,3665623,1530584,44.08
2026-09-14,BOSCHLTD,EQ,48385.0,48775.0,19898,8402,48.29
2026-09-14,BPCL,EQ,304.5,303.0,4137678,1374943,37.63
2026-09-14,BRITANNIA,EQ,4962.0,5009.0,194857,87362,51.29
2026-09-14,BSOFT,EQ,281.65,275.8,4622260,1237218,29.53
2026-09-14,CANBK,EQ,124.0,124.6,11131129,4228737,44.87
2026-09-14,CANFINHOME,EQ,779.75,782.2,407215,251246,68.36
2026-09-14,CHAMBLFERT,EQ,418.8,417.75,572806,302030,65.91
2026-09-14,CHOLAFIN,EQ,1845.9,1859.0,1505149,727041,53.11
2026-09-14,CIPLA,EQ,1366.0,1373.3,1681155,931899,62.08
2026-09-14,COALINDIA,EQ,426.4,432.0,3868222,1637981,47.38
2026-09-14,COFORGE,EQ,1846.5,1833.1,2687329,1336896,52.76
2026-09-14,COLPAL,EQ,1797.4,1808.5,280878,150817,58.26
2026-09-14,CONCOR,EQ,499.25,504.15,556686,188852,38.94
2026-09-14,COROMANDEL,EQ,1929.0,1961.9,100672,45445,60.76
2026-09-14,CROMPTON,EQ,231.0,230.0,1077937,375463,42.16
2026-09-14,CUB,EQ,227.32,226.45,1628700,407975,28.6
2026-09-14,CUMMINSIND,EQ,5070.0,5155.0,331010,120691,51.39
2026-09-14,DABUR,EQ,376.0,376.45,863561,425483,62.71
2026-09-14,DALBHARAT,EQ,1746.6,1745.3,41100,15367,44.4
2026-09-14,DEEPAKNTR,EQ,1587.8,1645.8,323567,162983,59.27
2026-09-14,DELTACORP,EQ,54.15,54.34,1394247,593751,48.14
2026-09-14,DIVISLAB,EQ,9322.0,9438.5,516756,362629,75.46
2026-09-14,DIXON,EQ,13425.0,13500.0,549928,235243,45.45
2026-09-14,DLF,EQ,644.5,655.85,4502321,1805204,46.21
2026-09-14,DRREDDY,EQ,1165.5,1143.0,2403285,802205,38.16
2026-09-14,EICHERMOT,EQ,7530.0,7697.0,444280,205609,62.66
2026-09-14,ESCORTS,EQ,2899.7,2958.4,42588,21052,61.64
2026-09-14,EXIDEIND,EQ,412.65,420.85,1294606,561032,49.78
2026-09-14,FEDERALBNK,EQ,344.5,346.0,3188640,1478750,56.28
2026-09-14,GAIL,EQ,173.62,174.49,6770227,4216509,70.78
2026-09-14,GLENMARK,EQ,2419.2,2415.0,346692,154001,55.31
2026-09-14,GNFC,EQ,562.4,570.75,310457,132238,59.57
2026-09-14,GODREJCP,EQ,865.0,869.9,772816,386873,54.54
2026-09-14,GODREJPROP,EQ,1748.0,1872.0,2684348,731907,29.45
2026-09-14,GRANULES,EQ,909.3,899.25,7851231,4839089,63.58
2026-09-14,GRASIM,EQ,3281.9,3319.0,515990,251846,63.08
2026-09-14,HAL,EQ,4905.0,4950.0,762754,373240,57.15
2026-09-14,HAVELLS,EQ,1111.0,1116.0,699007,386524,61.47
2026-09-14,HCLTECH,EQ,1206.1,1207.0,2272845,965924,49.59
2026-09-14,HDFCAMC,EQ,2403.9,2433.8,677643,328780,55.36
2026-09-14,HDFCBANK,EQ,708.25,693.8,31411934,13408691,47.31
2026-09-14,HDFCLIFE,EQ,530.0,526.15,4127867,2311499,62.15
2026-09-14,HEROMOTOCO,EQ,5221.5,5280.0,251663,116697,52.46
2026-09-14,HINDALCO,EQ,981.5,1014.0,4754493,2466205,56.75
2026-09-14,HINDCOPPER,EQ,514.5,527.3,8769684,3298360,42.44
2026-09-14,HINDPETRO,EQ,352.0,352.65,5835890,2243107,39.72
2026-09-14,HINDUNILVR,EQ,1927.0,1942.3,1100313,543363,60.65
2026-09-14,ICICIBANK,EQ,1379.3,1384.5,7064417,4097434,63.26
2026-09-14,ICICIGI,EQ,1459.8,1465.0,663654,353600,59.04
2026-09-14,ICICIPRULI,EQ,471.5,471.0,1354875,724509,56.47
2026-09-14,IDEA,EQ,14.97,14.9,547907103,140140953,27.88
2026-09-14,IDFCFIRSTB,EQ,86.21,86.84,13937814,7603413,61.64
2026-09-14,IEX,EQ,113.88,116.63,6657040,2985507,48.81
2026-09-14,IGL,EQ,151.98,153.46,766290,368261,63.78
2026-09-14,INDHOTEL,EQ,718.5,715.75,1019599,512033,54.17
2026-09-14,INDIACEM,EQ,346.9,347.95,65795,22459,37.57
2026-09-14,INDIAMART,EQ,1695.0,1637.7,140423,70365,57.79
2026-09-14,INDIGO,EQ,4973.0,4945.0,923733,455795,53.12
2026-09-14,INDUSINDBK,EQ,978.2,993.3,2504608,1435961,62.44
2026-09-14,INDUSTOWER,EQ,388.0,372.0,16707001,6618823,41.12
2026-09-14,INFY,EQ,1037.7,1036.5,6168088,3109903,56.59
2026-09-14,INTELLECT,EQ,682.6,685.05,280610,110088,46.25
2026-09-14,IOC,EQ,135.11,134.94,7203039,2979698,46.42
2026-09-14,IPCALAB,EQ,1968.5,1970.9,176417,70668,49.83
2026-09-14,IRCTC,EQ,462.9,467.75,604286,293609,57.37
2026-09-14,ITC,EQ,259.85,259.3,11116049,5735433,58.39
2026-09-14,JINDALSTEL,EQ,1120.5,1137.0,549857,124806,25.46
2026-09-14,JKCEMENT,EQ,4843.5,4915.5,54957,15398,49.4
2026-09-14,JSWSTEEL,EQ,1265.0,1304.0,1580944,756071,53.87
2026-09-14,JUBLFOOD,EQ,470.25,473.8,354487,101872,33.96
2026-09-14,KOTAKBANK,EQ,419.0,416.55,15197483,9203380,68.41
2026-09-14,LALPATHLAB,EQ,1909.0,1916.7,224876,120841,63.97
2026-09-14,LAURUSLABS,EQ,1969.0,1945.0,2277375,973382,46.96
2026-09-14,LICHSGFIN,EQ,562.9,552.3,11556446,4626776,42.53
2026-09-14,LT,EQ,3930.7,3955.0,1195489,525168,50.54
2026-09-14,LTTS,EQ,3337.4,3377.9,32052,12115,43.47
2026-09-14,LUPIN,EQ,2095.0,2077.8,621899,302816,59.84
2026-09-14,M&M,EQ,3107.0,3123.8,1311484,616640,52.96
2026-09-14,M&MFIN,EQ,356.15,359.25,2169574,1164422,60.47
2026-09-14,MANAPPURAM,EQ,329.0,330.8,3460959,1245922,38.32
2026-09-14,MARICO,EQ,802.1,803.0,1533624,858257,63.99
2026-09-14,MARUTI,EQ,12400.0,12590.0,514868,278193,61.44
2026-09-14,MCX,EQ,3276.0,3300.0,1686562,596955,37.41
2026-09-14,METROPOLIS,EQ,585.5,595.65,121416,56327,51.48
2026-09-14,MFSL,EQ,1477.0,1479.9,350366,192906,64.67
2026-09-14,MGL,EQ,1084.3,1100.8,76835,37891,57.8
2026-09-14,MOTHERSON,EQ,164.45,163.2,13200183,7094445,59.1
2026-09-14,MPHASIS,EQ,2295.0,2291.7,184932,81956,49.53
2026-09-14,MRF,EQ,128290.0,128270.0,2143,742,41.38
2026-09-14,MUTHOOTFIN,EQ,2792.1,2841.5,1015297,245884,26.11
2026-09-14,NATIONALUM,EQ,361.0,373.35,6560514,2285192,36.71
2026-09-14,NAUKRI,EQ,1250.8,1265.0,524171,256659,55.62
2026-09-14,NAVINFLUOR,EQ,8543.5,8700.5,86538,38880,56.37
2026-09-14,NESTLEIND,EQ,1383.3,1386.2,1238699,609191,56.15
2026-09-14,NMDC,EQ,82.4,84.6,9234255,3803238,48.7
2026-09-14,NTPC,EQ,333.4,335.0,4968535,2789575,69.03
2026-09-14,OBEROIRLTY,EQ,1741.1,1792.0,543198,223480,45.92
2026-09-14,OFSS,EQ,11763.0,11725.0,246099,115889,52.37
2026-09-14,ONGC,EQ,232.5,237.27,27128531,8490694,35.06
2026-09-14,PAGEIND,EQ,35365.0,35750.0,11287,4410,48.0
2026-09-14,PERSISTENT,EQ,5516.0,5509.5,335360,94496,30.0
2026-09-14,PETRONET,EQ,287.2,288.7,781806,369256,57.9
2026-09-14,PFC,EQ,353.45,352.8,6198609,3851035,72.18
2026-09-14,PIDILITIND,EQ,1566.9,1569.0,389368,164376,58.99
2026-09-14,PIIND,EQ,2259.0,2365.0,1124887,313840,31.78
2026-09-14,PNB,EQ,116.75,116.85,11479971,4131961,42.3
2026-09-14,POLYCAB,EQ,8241.0,8358.0,400369,178441,47.89
2026-09-14,POWERGRID,EQ,269.1,271.75,11423068,5563533,54.86
2026-09-14,PVRINOX,EQ,1237.1,1221.3,879763,398888,50.21
2026-09-14,RAIN,EQ,215.97,217.28,4334459,1909052,47.5
2026-09-14,RAMCOCEM,EQ,866.65,869.75,301862,172333,60.73
2026-09-14,RBLBANK,EQ,412.55,410.8,3209425,1622665,54.34
2026-09-14,RECLTD,EQ,312.7,313.8,4509899,2342712,54.99
2026-09-14,RELIANCE,EQ,1257.5,1274.0,8777736,4061266,54.5
2026-09-14,SAIL,EQ,179.0,183.75,8764231,3342680,40.33
2026-09-14,SBICARD,EQ,655.2,666.3,1571692,873665,61.18
2026-09-14,SBILIFE,EQ,1684.7,1700.6,308631,143868,56.15
2026-09-14,SBIN,EQ,995.7,1009.7,7771109,3903299,53.86
2026-09-14,SHREECEM,EQ,22570.0,22785.0,16171,8478,54.13
2026-09-14,SHRIRAMFIN,EQ,1028.6,1038.0,3171217,1573415,57.19
2026-09-14,SIEMENS,EQ,3957.0,3954.4,172514,38048,27.0
2026-09-14,SRF,EQ,2482.4,2519.0,288552,117632,53.12
2026-09-14,SUNPHARMA,EQ,1840.0,1861.0,1445071,896962,71.97
2026-09-14,SUNTV,EQ,476.0,455.55,3312335,553197,17.63
2026-09-14,SYNGENE,EQ,382.65,384.0,373196,184451,54.0
2026-09-14,TATACHEM,EQ,612.45,610.55,642048,220581,41.4
2026-09-14,TATACOMM,EQ,1761.6,1764.4,167102,74189,50.14
2026-09-14,TATACONSUM,EQ,991.0,999.6,905959,462783,58.13
2026-09-14,TATAPOWER,EQ,364.65,367.0,2425732,1148126,53.5
2026-09-14,TATASTEEL,EQ,183.0,186.78,31510206,13969094,50.34
2026-09-14,TCS,EQ,2200.8,2204.1,2634124,1221983,50.96
2026-09-14,TECHM,EQ,1541.0,1525.8,2007328,787592,43.57
2026-09-14,TITAN,EQ,5009.5,5021.0,403235,164874,52.36
2026-09-14,TORNTPHARM,EQ,4965.5,4930.0,263114,118679,58.9
2026-09-14,TRENT,EQ,2802.4,2818.7,677898,324663,54.2
2026-09-14,TVSMOTOR,EQ,4125.0,4121.5,454748,152404,43.87
2026-09-14,UBL,EQ,1256.1,1256.7,407531,367583,93.23
2026-09-14,ULTRACEMCO,EQ,11000.0,10979.0,223277,95831,64.97
2026-09-14,UPL,EQ,572.95,575.3,1449635,713111,56.61
2026-09-14,VEDL,EQ,263.7,269.05,11843976,5825946,51.49
2026-09-14,VOLTAS,EQ,1165.0,1158.5,762254,344559,46.42
2026-09-14,WHIRLPOOL,EQ,762.35,795.65,300241,141860,57.14
2026-09-14,WIPRO,EQ,167.4,166.3,8484897,3277153,45.78
2026-09-14,ZEEL,EQ,79.36,80.95,21161135,5968867,31.86
2026-09-14,ZYDUSLIFE,EQ,1119.1,1117.8,1038797,445272,48.46
2026-09-15,AARTIIND,EQ,468.7,492.7,789421,430537,54.54
2026-09-15,ABB,EQ,7005.0,7274.0,195095,93336,47.84
2026-09-15,ABBOTINDIA,EQ,26125.0,25550.0,10732,5633,52.49
2026-09-15,ABCAPITAL,EQ,378.8,395.0,2529778,1275946,50.44
2026-09-15,ABFRL,EQ,49.02,50.44,9099306,5564423,61.15
2026-09-15,ACC,EQ,1225.2,1246.5,205903,111703,54.25
2026-09-15,ADANIENT,EQ,2928.6,3060.0,1783310,920830,51.64
2026-09-15,ADANIPORTS,EQ,1713.8,1764.6,1610729,921384,57.2
2026-09-15,ALKEM,EQ,5161.0,5087.5,253213,112761,44.53
2026-09-15,AMBUJACEM,EQ,381.75,391.85,1367462,615162,44.99
2026-09-15,APOLLOHOSP,EQ,8714.0,8836.0,247091,152948,61.9
2026-09-15,APOLLOTYRE,EQ,406.2,417.65,329820,136141,41.28
2026-09-15,ASHOKLEY,EQ,156.65,163.75,17917014,8878502,49.55
2026-09-15,ASIANPAINT,EQ,2402.8,2472.5,539643,332510,61.62
2026-09-15,ASTRAL,EQ,1379.6,1411.4,609291,367972,60.39
2026-09-15,ATUL,EQ,6081.5,6244.5,34391,20355,59.19
2026-09-15,AUBANK,EQ,1028.0,1058.9,815819,517307,63.41
2026-09-15,AUROPHARMA,EQ,1660.0,1679.8,438757,213790,48.73
2026-09-15,AXISBANK,EQ,1222.9,1246.0,5698466,3319643,58.26
2026-09-15,BAJAJ-AUTO,EQ,11424.0,11678.0,236796,147488,62.28
2026-09-15,BAJAJFINSV,EQ,1855.5,1913.5,486164,278637,57.31
2026-09-15,BAJFINANCE,EQ,1009.2,1034.5,5792124,4060046,70.1
2026-09-15,BALKRISIND,EQ,2129.0,2164.6,166038,92717,55.84
2026-09-15,BALRAMCHIN,EQ,677.1,691.4,1081870,264527,24.45
2026-09-15,BANDHANBNK,EQ,172.45,176.52,10329258,4691483,45.42
2026-09-15,BANKBARODA,EQ,232.7,238.13,7383660,3834703,51.93
2026-09-15,BATAINDIA,EQ,640.15,648.65,174746,97198,55.62
2026-09-15,BEL,EQ,382.9,404.35,16741114,9645722,57.62
2026-09-15,BERGEPAINT,EQ,447.1,458.05,220721,112361,50.91
2026-09-15,BHARATFORG,EQ,1877.2,1944.9,293090,139312,47.53
2026-09-15,BHARTIARTL,EQ,1830.4,1831.1,4066471,2849811,70.08
2026-09-15,BHEL,EQ,412.85,431.0,7340842,4109026,55.97
2026-09-15,BIOCON,EQ,382.0,390.65,2543144,1121582,44.1
2026-09-15,BOSCHLTD,EQ,47070.0,48385.0,30224,15581,51.55
2026-09-15,BPCL,EQ,298.65,304.5,3512731,1693388,48.21
2026-09-15,BRITANNIA,EQ,4947.5,4962.0,209279,120691,57.67
2026-09-15,BSOFT,EQ,286.45,281.65,8595221,1655924,19.27
2026-09-15,CANBK,EQ,122.37,124.0,12696568,6800167,53.56
2026-09-15,CANFINHOME,EQ,784.8,779.75,203614,110176,54.11
2026-09-15,CHAMBLFERT,EQ,416.65,418.8,447469,274978,61.45
2026-09-15,CHOLAFIN,EQ,1791.6,1845.9,1709145,961645,56.26
2026-09-15,CIPLA,EQ,1351.0,1366.0,1225305,819754,66.9
2026-09-15,COALINDIA,EQ,419.25,426.4,6128458,3806416,62.11
2026-09-15,COFORGE,EQ,1775.5,1846.5,4583784,2272318,49.57
2026-09-15,COLPAL,EQ,1820.3,1797.4,670867,379105,56.51
2026-09-15,CONCOR,EQ,483.7,499.25,566088,246795,43.6
2026-09-15,COROMANDEL,EQ,1939.1,1929.0,93758,60697,64.74
2026-09-15,CROMPTON,EQ,226.15,231.0,1492514,743000,49.78
2026-09-15,CUB,EQ,225.78,227.32,1260751,491164,38.96
2026-09-15,CUMMINSIND,EQ,4874.0,5070.0,304824,180206,59.12
2026-09-15,DABUR,EQ,384.9,376.0,9936721,6351070,63.92
2026-09-15,DALBHARAT,EQ,1687.4,1746.6,56698,31875,56.22
2026-09-15,DEEPAKNTR,EQ,1561.3,1587.8,208902,115803,55.43
2026-09-15,DELTACORP,EQ,53.79,54.15,983195,423072,43.03
2026-09-15,DIVISLAB,EQ,9198.0,9322.0,380826,265013,69.59
2026-09-15,DIXON,EQ,13180.0,13425.0,431603,225864,52.33
2026-09-15,DLF,EQ,620.85,644.5,3668098,1997572,54.46
2026-09-15,DRREDDY,EQ,1145.0,1165.5,1810974,984566,54.37
2026-09-15,EICHERMOT,EQ,7452.5,7530.0,353472,198460,56.15
2026-09-15,ESCORTS,EQ,2835.8,2899.7,49945,24512,49.08
2026-09-15,EXIDEIND,EQ,409.2,412.65,1537472,702818,45.71
2026-09-15,FEDERALBNK,EQ,343.0,344.5,3090047,1846260,59.75
2026-09-15,GAIL,EQ,170.88,173.62,6202446,4013018,64.7
2026-09-15,GLENMARK,EQ,2371.7,2419.2,275789,141296,51.23
2026-09-15,GNFC,EQ,540.6,562.4,486266,315361,64.85
2026-09-15,GODREJCP,EQ,857.0,865.0,1176819,686620,58.35
2026-09-15,GODREJPROP,EQ,1659.3,1748.0,1071741,417593,38.96
2026-09-15,GRANULES,EQ,872.6,909.3,2106282,1133539,53.82
2026-09-15,GRASIM,EQ,3171.0,3281.9,1332882,834939,62.64
2026-09-15,HAL,EQ,4695.0,4905.0,809202,391901,48.43
2026-09-15,HAVELLS,EQ,1087.0,1111.0,1017899,570509,56.05
2026-09-15,HCLTECH,EQ,1253.7,1206.1,4443984,1375726,30.96
2026-09-15,HDFCAMC,EQ,2409.0,2403.9,652383,421588,64.62
2026-09-15,HDFCBANK,EQ,716.55,708.25,50387632,27250373,54.08
2026-09-15,HDFCLIFE,EQ,516.1,530.0,4844755,3252846,67.14
2026-09-15,HEROMOTOCO,EQ,5166.0,5221.5,666103,383983,57.65
2026-09-15,HINDALCO,EQ,958.7,981.5,2245506,1269156,56.52
2026-09-15,HINDCOPPER,EQ,492.1,514.5,6982438,3605965,51.64
2026-09-15,HINDPETRO,EQ,345.3,352.0,2494296,1121476,44.96
2026-09-15,HINDUNILVR,EQ,1938.1,1927.0,1715702,1014913,59.15
2026-09-15,ICICIBANK,EQ,1350.4,1379.3,10133488,6648943,65.61
2026-09-15,ICICIGI,EQ,1427.7,1459.8,951910,515035,54.11
2026-09-15,ICICIPRULI,EQ,457.6,471.5,941756,544588,57.83
2026-09-15,IDEA,EQ,14.45,14.97,368743044,140168133,38.01
2026-09-15,IDFCFIRSTB,EQ,84.8,86.21,25183922,15090849,59.92
2026-09-15,IEX,EQ,112.0,113.88,5438969,2852281,52.44
2026-09-15,IGL,EQ,150.03,151.98,1069089,663857,62.1
2026-09-15,INDHOTEL,EQ,715.0,718.5,2423706,1190570,49.12
2026-09-15,INDIACEM,EQ,336.0,346.9,61327,30445,49.64
2026-09-15,INDIAMART,EQ,1659.5,1695.0,56056,27302,48.7
2026-09-15,INDIGO,EQ,4776.0,4973.0,860472,442342,51.41
2026-09-15,INDUSINDBK,EQ,956.5,978.2,1511601,889994,58.88
2026-09-15,INDUSTOWER,EQ,379.0,388.0,3807593,2221802,58.35
2026-09-15,INFY,EQ,1077.0,1037.7,14816117,7570972,51.1
2026-09-15,INTELLECT,EQ,662.85,682.6,405465,187382,46.21
2026-09-15,IOC,EQ,132.03,135.11,10870933,6853228,63.04
2026-09-15,IPCALAB,EQ,1932.4,1968.5,274487,174308,63.5
2026-09-15,IRCTC,EQ,458.55,462.9,660178,373681,56.6
2026-09-15,ITC,EQ,258.0,259.85,12133201,6580980,54.24
2026-09-15,JINDALSTEL,EQ,1095.0,1120.5,816410,371086,45.45
2026-09-15,JKCEMENT,EQ,4712.0,4843.5,24671,14545,58.96
2026-09-15,JSWSTEEL,EQ,1229.2,1265.0,1030088,542037,52.62
2026-09-15,JUBLFOOD,EQ,466.0,470.25,471771,188925,40.05
2026-09-15,KOTAKBANK,EQ,409.8,419.0,14367343,10001175,69.61
2026-09-15,LALPATHLAB,EQ,1906.4,1909.0,171214,113000,66.0
2026-09-15,LAURUSLABS,EQ,1926.9,1969.0,1538262,870311,56.58
2026-09-15,LICHSGFIN,EQ,542.0,562.9,4654811,2706275,58.14
2026-09-15,LT,EQ,3850.7,3930.7,1848703,1087451,58.82
2026-09-15,LTTS,EQ,3312.2,3337.4,60380,20986,34.76
2026-09-15,LUPIN,EQ,2063.2,2095.0,599677,380507,63.45
2026-09-15,M&M,EQ,3029.5,3107.0,2176832,1331485,61.17
2026-09-15,M&MFIN,EQ,342.3,356.15,1375707,753737,54.79
2026-09-15,MANAPPURAM,EQ,318.85,329.0,3726323,1816998,48.76
2026-09-15,MARICO,EQ,791.25,802.1,1533193,1068974,69.72
2026-09-15,MARUTI,EQ,12231.0,12400.0,286167,160219,55.99
2026-09-15,MCX,EQ,3173.5,3276.0,1746940,708266,40.54
2026-09-15,METROPOLIS,EQ,572.5,585.5,118075,63515,53.79
2026-09-15,MFSL,EQ,1425.9,1477.0,557252,384051,68.92
2026-09-15,MGL,EQ,1071.7,1084.3,66528,36861,55.41
2026-09-15,MOTHERSON,EQ,158.15,164.45,13755237,8779908,63.83
2026-09-15,MPHASIS,EQ,2378.0,2295.0,1176828,396590,33.7
2026-09-15,MRF,EQ,125795.0,128290.0,2921,1460,49.98
2026-09-15,MUTHOOTFIN,EQ,2722.3,2792.1,451554,262946,58.23
2026-09-15,NATIONALUM,EQ,350.55,361.0,3640356,1936952,53.21
2026-09-15,NAUKRI,EQ,1261.5,1250.8,1716983,793200,46.2
2026-09-15,NAVINFLUOR,EQ,8228.0,8543.5,111387,54751,49.15
2026-09-15,NESTLEIND,EQ,1362.0,1383.3,1597455,965260,60.42
2026-09-15,NMDC,EQ,80.5,82.4,10462679,6252336,59.76
2026-09-15,NTPC,EQ,329.5,333.4,8445501,5383822,63.75
2026-09-15,OBEROIRLTY,EQ,1668.5,1741.1,362748,194910,53.73
2026-09-15,OFSS,EQ,11803.0,11763.0,231321,87183,37.69
2026-09-15,ONGC,EQ,235.95,232.5,14549134,8821336,60.63
2026-09-15,PAGEIND,EQ,34580.0,35365.0,12827,7323,57.09
2026-09-15,PERSISTENT,EQ,5477.5,5516.0,812335,333205,41.02
2026-09-15,PETRONET,EQ,283.95,287.2,1170508,744415,63.6
2026-09-15,PFC,EQ,344.0,353.45,7488255,4503870,60.15
2026-09-15,PIDILITIND,EQ,1521.1,1566.9,455854,281270,61.7
2026-09-15,PIIND,EQ,2255.0,2259.0,286400,112866,39.41
2026-09-15,PNB,EQ,114.7,116.75,12031284,5704217,47.41
2026-09-15,POLYCAB,EQ,8143.5,8241.0,301764,164634,54.56
2026-09-15,POWERGRID,EQ,262.8,269.1,10519594,6428436,61.11
2026-09-15,PVRINOX,EQ,1221.0,1237.1,291985,155298,53.19
2026-09-15,RAIN,EQ,196.74,215.97,5273699,2453702,46.53
2026-09-15,RAMCOCEM,EQ,859.55,866.65,187590,117512,62.64
2026-09-15,RBLBANK,EQ,403.6,412.55,1249135,524373,41.98
2026-09-15,RECLTD,EQ,308.5,312.7,4665696,2734076,58.6
2026-09-15,RELIANCE,EQ,1235.3,1257.5,13754376,8426050,61.26
2026-09-15,SAIL,EQ,173.0,179.0,10217048,4302258,42.11
2026-09-15,SBICARD,EQ,618.6,655.2,1751822,858867,49.03
2026-09-15,SBILIFE,EQ,1654.1,1684.7,1139205,738329,64.81
2026-09-15,SBIN,EQ,968.0,995.7,10004115,6015570,60.13
2026-09-15,SHREECEM,EQ,21905.0,22570.0,12171,6897,56.67
2026-09-15,SHRIRAMFIN,EQ,979.8,1028.6,5927612,3658587,61.72
2026-09-15,SIEMENS,EQ,3770.0,3957.0,347469,150096,43.2
2026-09-15,SRF,EQ,2455.2,2482.4,149986,83630,55.76
2026-09-15,SUNPHARMA,EQ,1835.0,1840.0,1437151,1009585,70.25
2026-09-15,SUNTV,EQ,464.25,476.0,323101,174931,54.14
2026-09-15,SYNGENE,EQ,378.85,382.65,337576,197887,58.62
2026-09-15,TATACHEM,EQ,734.9,612.45,1823658,1753814,96.17
2026-09-15,TATACOMM,EQ,1748.2,1761.6,285951,104009,36.37
2026-09-15,TATACONSUM,EQ,986.1,991.0,1567952,908659,57.95
2026-09-15,TATAPOWER,EQ,363.0,364.65,3710579,1328259,35.8
2026-09-15,TATASTEEL,EQ,183.65,183.0,31857708,15313473,48.07
2026-09-15,TCS,EQ,2251.0,2200.8,5406210,2347086,43.41
2026-09-15,TECHM,EQ,1575.9,1541.0,2577135,946196,36.72
2026-09-15,TITAN,EQ,4856.0,5009.5,504447,277236,54.96
2026-09-15,TORNTPHARM,EQ,4850.0,4965.5,397030,267149,67.29
2026-09-15,TRENT,EQ,2730.0,2802.4,494769,247503,50.02
2026-09-15,TVSMOTOR,EQ,4050.0,4125.0,496058,275954,55.63
2026-09-15,UBL,EQ,1241.8,1256.1,52994,24593,46.41
2026-09-15,ULTRACEMCO,EQ,10697.0,11000.0,335172,208152,62.1
2026-09-15,UPL,EQ,560.8,572.95,1588857,808693,50.9
2026-09-15,VEDL,EQ,257.0,263.7,9234199,5251319,56.87
2026-09-15,VOLTAS,EQ,1137.0,1165.0,477143,194162,40.69
2026-09-15,WHIRLPOOL,EQ,751.95,762.35,150797,82389,54.64
2026-09-15,WIPRO,EQ,170.0,167.4,11722173,3507523,29.92
2026-09-15,ZEEL,EQ,77.41,79.36,13904557,5437963,39.11
2026-09-15,ZYDUSLIFE,EQ,1099.0,1119.1,522672,293146,56.09
2026-09-16,AARTIIND,EQ,472.85,468.7,521378,206559,39.62
2026-09-16,ABB,EQ,6980.0,7005.0,115646,45289,39.16
2026-09-16,ABBOTINDIA,EQ,26125.0,26125.0,5678,3040,53.54
2026-09-16,ABCAPITAL,EQ,381.3,378.8,1287557,630805,48.99
2026-09-16,ABFRL,EQ,49.74,49.02,8057945,4193638,52.04
2026-09-16,ACC,EQ,1226.6,1225.2,85875,46363,53.99
2026-09-16,ADANIENT,EQ,2920.0,2928.6,764624,188726,24.68
2026-09-16,ADANIPORTS,EQ,1723.8,1713.8,1060410,553073,52.16
2026-09-16,ALKEM,EQ,5175.0,5161.0,304188,189506,62.3
2026-09-16,AMBUJACEM,EQ,381.05,381.75,1033371,434968,42.09
2026-09-16,APOLLOHOSP,EQ,8696.5,8714.0,232987,151944,65.22
2026-09-16,APOLLOTYRE,EQ,411.95,406.2,2697223,373616,13.85
2026-09-16,ASHOKLEY,EQ,156.5,156.65,10320454,4677220,45.32
2026-09-16,ASIANPAINT,EQ,2416.6,2402.8,591671,342177,57.83
2026-09-16,ASTRAL,EQ,1382.5,1379.6,523897,306910,58.58
2026-09-16,ATUL,EQ,6076.0,6081.5,17089,8783,51.4
2026-09-16,AUBANK,EQ,1033.2,1028.0,1013402,603868,59.59
2026-09-16,AUROPHARMA,EQ,1643.0,1660.0,522849,248750,47.58
2026-09-16,AXISBANK,EQ,1241.0,1222.9,5799541,3716814,64.09
2026-09-16,BAJAJ-AUTO,EQ,11593.0,11424.0,305528,174528,57.12
2026-09-16,BAJAJFINSV,EQ,1837.0,1855.5,613789,368408,60.02
2026-09-16,BAJFINANCE,EQ,1006.2,1009.2,4190272,2965900,70.78
2026-09-16,BALKRISIND,EQ,2124.9,2129.0,151993,92602,60.93
2026-09-16,BALRAMCHIN,EQ,682.6,677.1,936692,185780,19.83
2026-09-16,BANDHANBNK,EQ,172.5,172.45,8261916,3501140,42.38
2026-09-16,BANKBARODA,EQ,234.98,232.7,5789637,2906699,50.21
2026-09-16,BATAINDIA,EQ,630.65,640.15,159770,71910,45.01
2026-09-16,BEL,EQ,385.75,382.9,10138395,5324747,52.52
2026-09-16,BERGEPAINT,EQ,448.15,447.1,163379,59575,36.46
2026-09-16,BHARATFORG,EQ,1885.0,1877.2,638432,334895,52.46
2026-09-16,BHARTIARTL,EQ,1835.0,1830.4,2925053,2097199,71.7
2026-09-16,BHEL,EQ,410.6,412.85,7088021,3513106,49.56
2026-09-16,BIOCON,EQ,374.4,382.0,1763053,712817,40.43
2026-09-16,BOSCHLTD,EQ,47555.0,47070.0,34806,17240,49.53
2026-09-16,BPCL,EQ,303.35,298.65,4428358,2674072,60.39
2026-09-16,BRITANNIA,EQ,4999.5,4947.5,250873,155196,61.86
2026-09-16,BSOFT,EQ,281.25,286.45,1260023,464060,36.83
2026-09-16,CANBK,EQ,123.2,122.37,13945737,7648128,54.84
2026-09-16,CANFINHOME,EQ,771.95,784.8,289578,197442,68.18
2026-09-16,CHAMBLFERT,EQ,409.1,416.65,603060,350790,58.17
2026-09-16,CHOLAFIN,EQ,1765.6,1791.6,1312956,853592,65.01
2026-09-16,CIPLA,EQ,1358.0,1351.0,911572,613359,67.29
2026-09-16,COALINDIA,EQ,422.25,419.25,7049685,5013158,71.11
2026-09-16,COFORGE,EQ,1766.7,1775.5,3593943,1925665,53.58
2026-09-16,COLPAL,EQ,1860.0,1820.3,1465224,527054,35.97
2026-09-16,CONCOR,EQ,488.8,483.7,443499,153829,34.69
2026-09-16,COROMANDEL,EQ,1937.8,1939.1,88917,61065,68.68
2026-09-16,CROMPTON,EQ,223.4,226.15,3565510,1974947,55.39
2026-09-16,CUB,EQ,227.24,225.78,2169990,943105,43.46
2026-09-16,CUMMINSIND,EQ,4940.0,4874.0,399690,241670,60.46
2026-09-16,DABUR,EQ,382.0,384.9,1792878,952254,53.11
2026-09-16,DALBHARAT,EQ,1693.6,1687.4,58268,34050,58.44
2026-09-16,DEEPAKNTR,EQ,1590.5,1561.3,443065,301570,68.06
2026-09-16,DELTACORP,EQ,55.19,53.79,2596609,1234561,47.55
2026-09-16,DIVISLAB,EQ,9158.0,9198.0,878300,608440,69.27
2026-09-16,DIXON,EQ,13181.0,13180.0,540673,261908,48.44
2026-09-16,DLF,EQ,622.8,620.85,2223983,794187,35.71
2026-09-16,DRREDDY,EQ,1140.0,1145.0,1120896,671359,59.89
2026-09-16,EICHERMOT,EQ,7500.0,7452.5,316258,194544,61.51
2026-09-16,ESCORTS,EQ,2815.6,2835.8,63932,32108,50.22
2026-09-16,EXIDEIND,EQ,415.5,409.2,2177347,1015844,46.66
2026-09-16,FEDERALBNK,EQ,341.8,343.0,2857474,1736303,60.76
2026-09-16,GAIL,EQ,170.65,170.88,3949470,2501177,63.33
2026-09-16,GLENMARK,EQ,2410.0,2371.7,677704,313621,46.28
2026-09-16,GNFC,EQ,539.75,540.6,367982,138954,37.76
2026-09-16,GODREJCP,EQ,863.0,857.0,1427742,835295,58.5
2026-09-16,GODREJPROP,EQ,1665.3,1659.3,783588,264359,33.74
2026-09-16,GRANULES,EQ,835.6,872.6,2651978,1418384,53.48
2026-09-16,GRASIM,EQ,3187.0,3171.0,859973,579172,67.35
2026-09-16,HAL,EQ,4695.6,4695.0,679509,311941,45.91
2026-09-16,HAVELLS,EQ,1089.9,1087.0,726459,452066,62.23
2026-09-16,HCLTECH,EQ,1253.0,1253.7,3049093,1304259,42.78
2026-09-16,HDFCAMC,EQ,2373.1,2409.0,482108,283512,58.81
2026-09-16,HDFCBANK,EQ,721.5,716.55,27476943,17639763,64.2
2026-09-16,HDFCLIFE,EQ,530.2,516.1,3970025,2019506,50.87
2026-09-16,HEROMOTOCO,EQ,5235.0,5166.0,525693,240843,45.81
2026-09-16,HINDALCO,EQ,972.7,958.7,3439776,2106326,61.23
2026-09-16,HINDCOPPER,EQ,481.6,492.1,7244772,3397442,46.9
2026-09-16,HINDPETRO,EQ,350.05,345.3,3786470,2217481,58.56
2026-09-16,HINDUNILVR,EQ,1962.0,1938.1,1013304,502573,49.6
2026-09-16,ICICIBANK,EQ,1358.8,1350.4,9625762,6243478,64.86
2026-09-16,ICICIGI,EQ,1440.0,1427.7,449383,266996,59.41
2026-09-16,ICICIPRULI,EQ,470.0,457.6,767677,255319,33.26
2026-09-16,IDEA,EQ,14.26,14.45,307898731,86425984,28.07
2026-09-16,IDFCFIRSTB,EQ,85.01,84.8,14275478,8986765,62.95
2026-09-16,IEX,EQ,112.0,112.0,3302102,1187392,35.96
2026-09-16,IGL,EQ,148.77,150.03,1025294,519349,50.65
2026-09-16,INDHOTEL,EQ,713.4,715.0,1037515,650294,62.68
2026-09-16,INDIACEM,EQ,334.65,336.0,62151,25674,41.31
2026-09-16,INDIAMART,EQ,1706.3,1659.5,365133,70669,19.35
2026-09-16,INDIGO,EQ,4733.5,4776.0,529301,251707,47.55
2026-09-16,INDUSINDBK,EQ,946.5,956.5,1727406,1012745,58.63
2026-09-16,INDUSTOWER,EQ,375.6,379.0,4050806,2533778,62.55
2026-09-16,INFY,EQ,1060.0,1077.0,6230590,3380850,54.26
2026-09-16,INTELLECT,EQ,659.45,662.85,272239,145185,53.33
2026-09-16,IOC,EQ,134.75,132.03,10071835,5577374,55.38
2026-09-16,IPCALAB,EQ,1950.7,1932.4,337123,168592,50.01
2026-09-16,IRCTC,EQ,452.95,458.55,1329707,555392,41.77
2026-09-16,ITC,EQ,264.15,258.0,15199856,7081623,46.59
2026-09-16,JINDALSTEL,EQ,1103.0,1095.0,457237,155691,34.05
2026-09-16,JKCEMENT,EQ,4750.0,4712.0,61980,25149,40.58
2026-09-16,JSWSTEEL,EQ,1248.9,1229.2,1803781,1145273,63.49
2026-09-16,JUBLFOOD,EQ,471.0,466.0,426648,166451,39.01
2026-09-16,KOTAKBANK,EQ,415.0,409.8,10898426,7839973,71.94
2026-09-16,LALPATHLAB,EQ,1895.7,1906.4,1560989,247330,15.84
2026-09-16,LAURUSLABS,EQ,1905.5,1926.9,2871410,1499001,52.2
2026-09-16,LICHSGFIN,EQ,543.0,542.0,3693410,1774356,48.04
2026-09-16,LT,EQ,3807.7,3850.7,2038640,1392097,68.29
2026-09-16,LTTS,EQ,3351.5,3312.2,46682,24554,52.6
2026-09-16,LUPIN,EQ,2045.0,2063.2,789895,458810,58.08
2026-09-16,M&M,EQ,3070.0,3029.5,2390779,1406184,58.82
2026-09-16,M&MFIN,EQ,345.05,342.3,1115347,595792,53.42
2026-09-16,MANAPPURAM,EQ,319.9,318.85,3120709,1563255,50.09
2026-09-16,MARICO,EQ,810.15,791.25,3237626,1668358,51.53
2026-09-16,MARUTI,EQ,12166.0,12231.0,312876,170965,54.64
2026-09-16,MCX,EQ,3211.2,3173.5,1971522,671598,34.06
2026-09-16,METROPOLIS,EQ,580.85,572.5,368661,218573,59.29
2026-09-16,MFSL,EQ,1487.6,1425.9,929997,525826,56.54
2026-09-16,MGL,EQ,1080.1,1071.7,99105,46862,47.29
2026-09-16,MOTHERSON,EQ,158.27,158.15,8769455,5089255,58.03
2026-09-16,MPHASIS,EQ,2316.7,2378.0,158994,66072,41.56
2026-09-16,MRF,EQ,125010.0,125795.0,4959,2615,52.73
2026-09-16,MUTHOOTFIN,EQ,2771.4,2722.3,632020,272827,43.17
2026-09-16,NATIONALUM,EQ,356.0,350.55,3670150,1916271,52.21
2026-09-16,NAUKRI,EQ,1256.0,1261.5,788281,451365,57.26
2026-09-16,NAVINFLUOR,EQ,8160.5,8228.0,99485,48401,48.65
2026-09-16,NESTLEIND,EQ,1384.5,1362.0,1631890,843495,51.69
2026-09-16,NMDC,EQ,80.32,80.5,9502607,4717634,49.65
2026-09-16,NTPC,EQ,327.0,329.5,6556304,4102135,62.57
2026-09-16,OBEROIRLTY,EQ,1706.9,1668.5,599621,367875,61.35
2026-09-16,OFSS,EQ,11510.0,11803.0,245645,113996,46.41
2026-09-16,ONGC,EQ,236.8,235.95,8748123,5184061,59.26
2026-09-16,PAGEIND,EQ,34275.0,34580.0,33484,21569,64.42
2026-09-16,PERSISTENT,EQ,5440.0,5477.5,412053,212138,51.48
2026-09-16,PETRONET,EQ,282.1,283.95,692663,444300,64.14
2026-09-16,PFC,EQ,346.0,344.0,6079360,3755830,61.78
2026-09-16,PIDILITIND,EQ,1543.8,1521.1,573360,361377,63.03
2026-09-16,PIIND,EQ,2256.0,2255.0,160599,79108,49.26
2026-09-16,PNB,EQ,116.8,114.7,18494065,9133277,49.38
2026-09-16,POLYCAB,EQ,8121.5,8143.5,246715,108684,44.05
2026-09-16,POWERGRID,EQ,262.8,262.8,7132902,4230608,59.31
2026-09-16,PVRINOX,EQ,1254.6,1221.0,456245,171730,37.64
2026-09-16,RAIN,EQ,199.29,196.74,4448597,1752940,39.4
2026-09-16,RAMCOCEM,EQ,863.15,859.55,270752,174296,64.37
2026-09-16,RBLBANK,EQ,404.0,403.6,2607366,1270107,48.71
2026-09-16,RECLTD,EQ,312.65,308.5,4651938,2864194,61.57
2026-09-16,RELIANCE,EQ,1240.0,1235.3,10023997,6124329,61.1
2026-09-16,SAIL,EQ,173.55,173.0,9871840,3235625,32.78
2026-09-16,SBICARD,EQ,618.1,618.6,1306832,666446,51.0
2026-09-16,SBILIFE,EQ,1697.9,1654.1,835034,594016,71.14
2026-09-16,SBIN,EQ,991.4,968.0,8609956,4578029,53.17
2026-09-16,SHREECEM,EQ,21795.0,21905.0,21233,11909,56.09
2026-09-16,SHRIRAMFIN,EQ,979.0,979.8,7221528,4999715,69.23
2026-09-16,SIEMENS,EQ,3742.0,3770.0,132688,36323,27.37
2026-09-16,SRF,EQ,2480.1,2455.2,159810,84816,53.07
2026-09-16,SUNPHARMA,EQ,1853.5,1835.0,1370607,958942,69.96
2026-09-16,SUNTV,EQ,462.45,464.25,302447,160707,53.14
2026-09-16,SYNGENE,EQ,380.1,378.85,267759,141012,52.66
2026-09-16,TATACHEM,EQ,731.8,734.9,25483055,2447814,9.61
2026-09-16,TATACOMM,EQ,1799.3,1748.2,317034,138766,43.77
2026-09-16,TATACONSUM,EQ,1000.1,986.1,1573391,796006,50.59
2026-09-16,TATAPOWER,EQ,360.4,363.0,2900501,1314284,45.31
2026-09-16,TATASTEEL,EQ,183.0,183.65,29476234,13720281,46.55
2026-09-16,TCS,EQ,2188.8,2251.0,2763709,1175082,42.52
2026-09-16,TECHM,EQ,1558.0,1575.9,1472713,792244,53.79
2026-09-16,TITAN,EQ,4908.5,4856.0,376036,245290,65.23
2026-09-16,TORNTPHARM,EQ,4812.5,4850.0,647806,439236,67.8
2026-09-16,TRENT,EQ,2769.7,2730.0,620165,291930,47.07
2026-09-16,TVSMOTOR,EQ,4033.0,4050.0,439422,252843,57.54
2026-09-16,UBL,EQ,1227.3,1241.8,73909,35852,48.51
2026-09-16,ULTRACEMCO,EQ,10700.0,10697.0,236781,126802,53.55
2026-09-16,UPL,EQ,550.6,560.8,3044986,2002585,65.77
2026-09-16,VEDL,EQ,256.0,257.0,5794228,2840164,49.02
2026-09-16,VOLTAS,EQ,1131.0,1137.0,466652,246563,52.84
2026-09-16,WHIRLPOOL,EQ,731.75,751.95,364148,186933,51.33
2026-09-16,WIPRO,EQ,166.89,170.0,11030339,5526969,50.11
2026-09-16,ZEEL,EQ,79.6,77.41,35791324,6803595,19.01
2026-09-16,ZYDUSLIFE,EQ,1107.5,1099.0,689380,393274,57.05
2026-09-17,AARTIIND,EQ,476.6,472.85,315130,105167,33.37
2026-09-17,ABB,EQ,7130.5,6980.0,207124,97508,47.08
2026-09-17,ABBOTINDIA,EQ,25910.0,26125.0,5141,2517,48.96
2026-09-17,ABCAPITAL,EQ,390.0,381.3,2783223,1209460,43.46
2026-09-17,ABFRL,EQ,50.45,49.74,2416858,928222,38.41
2026-09-17,ACC,EQ,1232.5,1226.6,67608,33021,48.84
2026-09-17,ADANIENT,EQ,2923.2,2920.0,588066,150181,25.54
2026-09-17,ADANIPORTS,EQ,1738.3,1723.8,791353,413777,52.29
2026-09-17,ALKEM,EQ,5348.5,5175.0,231871,134787,58.13
2026-09-17,AMBUJACEM,EQ,383.25,381.05,1224906,634572,51.81
2026-09-17,APOLLOHOSP,EQ,8768.5,8696.5,191301,126532,66.14
2026-09-17,APOLLOTYRE,EQ,412.15,411.95,887926,495649,55.82
2026-09-17,ASHOKLEY,EQ,158.62,156.5,8725516,3411438,39.1
2026-09-17,ASIANPAINT,EQ,2454.0,2416.6,486007,299291,61.58
2026-09-17,ASTRAL,EQ,1398.9,1382.5,473351,254570,53.78
2026-09-17,ATUL,EQ,6133.5,6076.0,26048,15655,60.1
2026-09-17,AUBANK,EQ,1039.3,1033.2,770876,401954,52.14
2026-09-17,AUROPHARMA,EQ,1690.0,1643.0,758827,320038,42.18
2026-09-17,AXISBANK,EQ,1240.0,1241.0,4413665,2525022,57.21
2026-09-17,BAJAJ-AUTO,EQ,11500.0,11593.0,129351,61710,47.71
2026-09-17,BAJAJFINSV,EQ,1859.2,1837.0,460650,235918,51.21
2026-09-17,BAJFINANCE,EQ,1015.0,1006.2,4816547,2797889,58.09
2026-09-17,BALKRISIND,EQ,2170.8,2124.9,216828,141797,65.4
2026-09-17,BALRAMCHIN,EQ,675.7,682.6,715266,146789,20.52
2026-09-17,BANDHANBNK,EQ,171.5,172.5,4150818,1910476,46.03
2026-09-17,BANKBARODA,EQ,232.3,234.98,4576908,1787855,39.06
2026-09-17,BATAINDIA,EQ,636.65,630.65,74321,37615,50.61
2026-09-17,BEL,EQ,395.45,385.75,7820077,3674207,46.98
2026-09-17,BERGEPAINT,EQ,448.6,448.15,443456,260202,58.68
2026-09-17,BHARATFORG,EQ,1918.7,1885.0,522135,233300,44.68
2026-09-17,BHARTIARTL,EQ,1836.0,1835.0,4368285,2831487,64.82
2026-09-17,BHEL,EQ,429.2,410.6,8684564,2586703,29.79
2026-09-17,BIOCON,EQ,380.0,374.4,3043285,1730882,56.88
2026-09-17,BOSCHLTD,EQ,47735.0,47555.0,17379,7503,43.17
2026-09-17,BPCL,EQ,307.0,303.35,3005596,1488847,49.54
2026-09-17,BRITANNIA,EQ,4982.0,4999.5,308669,183556,59.47
2026-09-17,BSOFT,EQ,283.8,281.25,1029959,451552,43.84
2026-09-17,CANBK,EQ,123.9,123.2,11099833,3256560,29.34
2026-09-17,CANFINHOME,EQ,774.4,771.95,186251,136135,73.09
2026-09-17,CHAMBLFERT,EQ,413.9,409.1,261042,124128,47.55
2026-09-17,CHOLAFIN,EQ,1764.5,1765.6,1802374,1169318,64.88
2026-09-17,CIPLA,EQ,1376.3,1358.0,730653,424081,58.04
2026-09-17,COALINDIA,EQ,418.0,422.25,3329425,2164661,65.02
2026-09-17,COFORGE,EQ,1793.0,1766.7,1305465,561809,43.04
2026-09-17,COLPAL,EQ,1840.3,1860.0,416358,215425,51.74
2026-09-17,CONCOR,EQ,488.15,488.8,791185,367486,46.45
2026-09-17,COROMANDEL,EQ,1929.8,1937.8,120177,70095,58.33
2026-09-17,CROMPTON,EQ,225.1,223.4,1444471,802730,55.57
2026-09-17,CUB,EQ,231.82,227.24,2026127,550330,27.16
2026-09-17,CUMMINSIND,EQ,5020.0,4940.0,255287,147670,57.84
2026-09-17,DABUR,EQ,384.55,382.0,1528427,849589,55.59
2026-09-17,DALBHARAT,EQ,1693.3,1693.6,43925,22506,51.24
2026-09-17,DEEPAKNTR,EQ,1604.8,1590.5,90904,46638,51.3
2026-09-17,DELTACORP,EQ,56.15,55.19,1571230,634779,40.4
2026-09-17,DIVISLAB,EQ,9323.0,9158.0,494167,323591,65.48
2026-09-17,DIXON,EQ,13290.0,13181.0,267254,86092,32.21
2026-09-17,DLF,EQ,640.0,622.8,2478290,972373,39.24
2026-09-17,DRREDDY,EQ,1175.0,1140.0,2311932,1117513,48.34
2026-09-17,EICHERMOT,EQ,7493.5,7500.0,255852,150073,58.66
2026-09-17,ESCORTS,EQ,2830.0,2815.6,51122,30153,58.98
2026-09-17,EXIDEIND,EQ,418.6,415.5,1041144,406702,39.06
2026-09-17,FEDERALBNK,EQ,332.75,341.8,5321222,2698456,50.71
2026-09-17,GAIL,EQ,172.0,170.65,2741053,1493840,54.5
2026-09-17,GLENMARK,EQ,2416.0,2410.0,227416,101278,44.53
2026-09-17,GNFC,EQ,584.85,539.75,8250274,1164033,14.11
2026-09-17,GODREJCP,EQ,873.0,863.0,884594,497138,56.2
2026-09-17,GODREJPROP,EQ,1678.2,1665.3,570025,231909,40.68
2026-09-17,GRANULES,EQ,870.4,835.6,915976,436081,47.61
2026-09-17,GRASIM,EQ,3173.1,3187.0,738188,422740,57.27
2026-09-17,HAL,EQ,4788.0,4695.6,528884,185320,35.04
2026-09-17,HAVELLS,EQ,1092.0,1089.9,579925,338841,58.43
2026-09-17,HCLTECH,EQ,1258.3,1253.0,1386250,597123,43.07
2026-09-17,HDFCAMC,EQ,2387.7,2373.1,492465,294746,59.85
2026-09-17,HDFCBANK,EQ,713.0,721.5,21543303,12964010,60.18
2026-09-17,HDFCLIFE,EQ,557.0,530.2,9374431,3866103,41.24
2026-09-17,HEROMOTOCO,EQ,5325.0,5235.0,536484,300977,56.1
2026-09-17,HINDALCO,EQ,980.5,972.7,2724042,1712352,62.86
2026-09-17,HINDCOPPER,EQ,485.5,481.6,4690266,1794928,38.27
2026-09-17,HINDPETRO,EQ,350.6,350.05,2170850,1391729,64.11
2026-09-17,HINDUNILVR,EQ,1942.2,1962.0,1171388,765786,65.37
2026-09-17,ICICIBANK,EQ,1347.6,1358.8,7867524,5241775,66.63
2026-09-17,ICICIGI,EQ,1486.7,1440.0,728137,332801,45.71
2026-09-17,ICICIPRULI,EQ,490.5,470.0,2550650,996683,39.08
2026-09-17,IDEA,EQ,14.22,14.26,186454612,40757687,21.86
2026-09-17,IDFCFIRSTB,EQ,86.33,85.01,16998554,9072783,53.37
2026-09-17,IEX,EQ,113.4,112.0,2083997,928092,44.53
2026-09-17,IGL,EQ,148.67,148.77,876042,474024,54.11
2026-09-17,INDHOTEL,EQ,726.65,713.4,1698327,1020111,60.07
2026-09-17,INDIACEM,EQ,351.7,334.65,1540460,89948,5.84
2026-09-17,INDIAMART,EQ,1662.7,1706.3,82888,37602,45.36
2026-09-17,INDIGO,EQ,4845.0,4733.5,509638,249680,48.99
2026-09-17,INDUSINDBK,EQ,958.2,946.5,3973540,2291289,57.66
2026-09-17,INDUSTOWER,EQ,381.35,375.6,3756136,2115299,56.32
2026-09-17,INFY,EQ,1058.6,1060.0,5469865,2572662,47.03
2026-09-17,INTELLECT,EQ,651.3,659.45,235066,120982,51.47
2026-09-17,IOC,EQ,134.27,134.75,5640680,3449248,61.15
2026-09-17,IPCALAB,EQ,1970.3,1950.7,555590,257023,46.26
2026-09-17,IRCTC,EQ,457.0,452.95,413859,186943,45.17
2026-09-17,ITC,EQ,266.2,264.15,13365227,6295955,47.11
2026-09-17,JINDALSTEL,EQ,1128.4,1103.0,719206,269528,37.48
2026-09-17,JKCEMENT,EQ,5027.0,4750.0,79376,40123,50.55
2026-09-17,JSWSTEEL,EQ,1253.4,1248.9,1351578,761187,56.32
2026-09-17,JUBLFOOD,EQ,480.2,471.0,817225,288076,35.25
2026-09-17,KOTAKBANK,EQ,416.5,415.0,11475105,7727871,67.34
2026-09-17,LALPATHLAB,EQ,1924.7,1895.7,354166,190774,53.87
2026-09-17,LAURUSLABS,EQ,1948.1,1905.5,1645108,942372,57.28
2026-09-17,LICHSGFIN,EQ,545.9,543.0,3377564,1763005,52.2
2026-09-17,LT,EQ,3836.2,3807.7,1319415,669582,50.75
2026-09-17,LTTS,EQ,3324.3,3351.5,51724,23919,46.24
2026-09-17,LUPIN,EQ,2098.1,2045.0,525909,286812,54.54
2026-09-17,M&M,EQ,3076.5,3070.0,1875308,1036933,55.29
2026-09-17,M&MFIN,EQ,345.7,345.05,1682084,874474,51.99
2026-09-17,MANAPPURAM,EQ,316.05,319.9,2149995,865870,40.27
2026-09-17,MARICO,EQ,817.0,810.15,1761636,1084013,61.53
2026-09-17,MARUTI,EQ,12338.0,12166.0,249064,98169,39.42
2026-09-17,MCX,EQ,3265.2,3211.2,1530935,614088,40.11
2026-09-17,METROPOLIS,EQ,586.3,580.85,129759,60666,46.75
2026-09-17,MFSL,EQ,1554.0,1487.6,958344,360229,37.59
2026-09-17,MGL,EQ,1071.2,1080.1,66861,36114,54.01
2026-09-17,MOTHERSON,EQ,161.87,158.27,7026483,3484223,49.59
2026-09-17,MPHASIS,EQ,2320.0,2316.7,261279,112663,43.12
2026-09-17,MRF,EQ,124585.0,125010.0,3594,1577,43.88
2026-09-17,MUTHOOTFIN,EQ,2770.2,2771.4,829940,459364,55.35
2026-09-17,NATIONALUM,EQ,355.7,356.0,3033265,1501675,49.51
2026-09-17,NAUKRI,EQ,1265.0,1256.0,970996,654736,67.43
2026-09-17,NAVINFLUOR,EQ,8220.0,8160.5,106635,53649,50.31
2026-09-17,NESTLEIND,EQ,1370.6,1384.5,1082694,690361,63.76
2026-09-17,NMDC,EQ,80.8,80.32,4385275,2040539,46.53
2026-09-17,NTPC,EQ,329.6,327.0,5589949,3405285,60.92
2026-09-17,OBEROIRLTY,EQ,1740.7,1706.9,413371,234876,56.82
2026-09-17,OFSS,EQ,11620.0,11510.0,132173,59119,44.73
2026-09-17,ONGC,EQ,232.43,236.8,11062410,6586415,59.54
2026-09-17,PAGEIND,EQ,35020.0,34275.0,14284,5820,40.74
2026-09-17,PERSISTENT,EQ,5473.0,5440.0,233465,103623,44.38
2026-09-17,PETRONET,EQ,283.45,282.1,982394,647783,65.94
2026-09-17,PFC,EQ,344.95,346.0,6259408,4225353,67.5
2026-09-17,PIDILITIND,EQ,1551.5,1543.8,354203,248625,70.19
2026-09-17,PIIND,EQ,2307.0,2256.0,136637,60866,44.55
2026-09-17,PNB,EQ,116.47,116.8,15924714,4436919,27.86
2026-09-17,POLYCAB,EQ,8208.5,8121.5,261101,126132,48.31
2026-09-17,POWERGRID,EQ,263.75,262.8,6533662,4324080,66.18
2026-09-17,PVRINOX,EQ,1272.7,1254.6,425001,156751,36.88
2026-09-17,RAIN,EQ,203.02,199.29,3466885,1475456,42.56
2026-09-17,RAMCOCEM,EQ,858.95,863.15,96798,50143,51.8
2026-09-17,RBLBANK,EQ,404.15,404.0,2254458,1042713,46.25
2026-09-17,RECLTD,EQ,310.5,312.65,3222931,1712943,53.15
2026-09-17,RELIANCE,EQ,1243.9,1240.0,7752895,3921277,50.58
2026-09-17,SAIL,EQ,175.01,173.55,11246822,5236837,46.56
2026-09-17,SBICARD,EQ,636.95,618.1,1811876,987620,54.51
2026-09-17,SBILIFE,EQ,1766.9,1697.9,1760558,1001757,56.9
2026-09-17,SBIN,EQ,988.7,991.4,8624398,4582801,53.14
2026-09-17,SHREECEM,EQ,21960.0,21795.0,15117,7460,49.35
2026-09-17,SHRIRAMFIN,EQ,995.0,979.0,4285999,2305113,53.78
2026-09-17,SIEMENS,EQ,3763.5,3742.0,373967,194195,51.93
2026-09-17,SRF,EQ,2536.0,2480.1,796952,228290,28.65
2026-09-17,SUNPHARMA,EQ,1867.3,1853.5,1377506,910474,66.1
2026-09-17,SUNTV,EQ,468.4,462.45,195432,81467,41.69
2026-09-17,SYNGENE,EQ,380.2,380.1,160993,91744,56.99
2026-09-17,TATACHEM,EQ,779.3,731.8,14321725,2604034,18.18
2026-09-17,TATACOMM,EQ,1791.6,1799.3,310186,145221,46.82
2026-09-17,TATACONSUM,EQ,1013.7,1000.1,1966538,1153020,58.63
2026-09-17,TATAPOWER,EQ,369.0,360.4,2859852,1198812,41.92
2026-09-17,TATASTEEL,EQ,187.29,183.0,29397693,15461360,52.59
2026-09-17,TCS,EQ,2190.0,2188.8,3295917,1202973,36.5
2026-09-17,TECHM,EQ,1561.0,1558.0,2730331,1726615,63.24
2026-09-17,TITAN,EQ,4841.0,4908.5,489416,296197,60.52
2026-09-17,TORNTPHARM,EQ,4875.0,4812.5,411409,238718,58.02
2026-09-17,TRENT,EQ,2789.0,2769.7,459529,252955,55.05
2026-09-17,TVSMOTOR,EQ,4101.7,4033.0,1025877,493187,48.07
2026-09-17,UBL,EQ,1216.8,1227.3,155453,84718,54.5
2026-09-17,ULTRACEMCO,EQ,10764.0,10700.0,180788,94571,52.31
2026-09-17,UPL,EQ,554.75,550.6,1804536,941028,52.15
2026-09-17,VEDL,EQ,257.45,256.0,3297466,1492232,45.25
2026-09-17,VOLTAS,EQ,1135.0,1131.0,379667,178875,47.11
2026-09-17,WHIRLPOOL,EQ,727.4,731.75,209496,86543,41.31
2026-09-17,WIPRO,EQ,166.4,166.89,9129514,4313358,47.25
2026-09-17,ZEEL,EQ,78.31,79.6,13155417,4636597,35.24
2026-09-17,ZYDUSLIFE,EQ,1135.1,1107.5,1086138,552361,50.86
2026-09-18,AARTIIND,EQ,491.15,476.6,541708,259120,47.83
2026-09-18,ABB,EQ,7270.5,7130.5,383030,220700,57.62
2026-09-18,ABBOTINDIA,EQ,27270.0,25910.0,38339,25627,66.84
2026-09-18,ABCAPITAL,EQ,410.05,390.0,4888619,3053891,62.47
2026-09-18,ABFRL,EQ,50.16,50.45,3238057,1462637,45.17
2026-09-18,ACC,EQ,1259.7,1232.5,386560,246221,63.7
2026-09-18,ADANIENT,EQ,3020.0,2923.2,1628125,909369,55.85
2026-09-18,ADANIPORTS,EQ,1824.0,1738.3,4148803,3187106,76.82
2026-09-18,ALKEM,EQ,5466.5,5348.5,320770,244775,76.31
2026-09-18,AMBUJACEM,EQ,388.3,383.25,2583375,1292295,50.02
2026-09-18,APOLLOHOSP,EQ,8944.5,8768.5,344265,260438,75.65
2026-09-18,APOLLOTYRE,EQ,409.3,412.15,2365364,1322825,55.92
2026-09-18,ASHOKLEY,EQ,163.0,158.62,17546400,12077095,68.83
2026-09-18,ASIANPAINT,EQ,2451.3,2454.0,1000730,683121,68.26
2026-09-18,ASTRAL,EQ,1427.7,1398.9,1389183,910419,65.54
2026-09-18,ATUL,EQ,6170.5,6133.5,21266,12884,60.58
2026-09-18,AUBANK,EQ,1058.6,1039.3,1251837,811439,64.82
2026-09-18,AUROPHARMA,EQ,1734.0,1690.0,1209478,678997,56.14
2026-09-18,AXISBANK,EQ,1257.0,1240.0,5693016,4627220,81.28
2026-09-18,BAJAJ-AUTO,EQ,11414.0,11500.0,296757,221542,74.65
2026-09-18,BAJAJFINSV,EQ,1852.5,1859.2,719520,504220,70.08
2026-09-18,BAJFINANCE,EQ,1040.3,1015.0,8201656,6226077,75.91
2026-09-18,BALKRISIND,EQ,2265.3,2170.8,616772,392708,63.67
2026-09-18,BALRAMCHIN,EQ,672.6,675.7,1086980,324375,29.84
2026-09-18,BANDHANBNK,EQ,175.0,171.5,20360613,12181525,59.83
2026-09-18,BANKBARODA,EQ,234.94,232.3,7110561,4640856,65.27
2026-09-18,BATAINDIA,EQ,638.3,636.65,1089830,501482,46.01
2026-09-18,BEL,EQ,393.3,395.45,11862641,6761334,57.0
2026-09-18,BERGEPAINT,EQ,458.65,448.6,1220340,803285,65.82
2026-09-18,BHARATFORG,EQ,1962.1,1918.7,1602315,675949,42.19
2026-09-18,BHARTIARTL,EQ,1893.3,1836.0,14189780,12483302,87.97
2026-09-18,BHEL,EQ,439.9,429.2,7669374,3865871,50.41
2026-09-18,BIOCON,EQ,385.0,380.0,7901211,6325497,80.06
2026-09-18,BOSCHLTD,EQ,47000.0,47735.0,27389,14282,52.15
2026-09-18,BPCL,EQ,314.0,307.0,9439555,7022774,74.4
2026-09-18,BRITANNIA,EQ,4998.0,4982.0,346885,260436,75.08
2026-09-18,BSOFT,EQ,280.4,283.8,1305483,646636,49.53
2026-09-18,CANBK,EQ,123.78,123.9,11489793,6890669,59.97
2026-09-18,CANFINHOME,EQ,778.5,774.4,539763,296165,54.87
2026-09-18,CHAMBLFERT,EQ,414.9,413.9,470769,272813,57.95
2026-09-18,CHOLAFIN,EQ,1800.0,1764.5,1509978,1000916,66.29
2026-09-18,CIPLA,EQ,1394.5,1376.3,1386584,943438,68.04
2026-09-18,COALINDIA,EQ,409.9,418.0,7700870,4948015,64.25
2026-09-18,COFORGE,EQ,1841.0,1793.0,2489460,1461501,58.71
2026-09-18,COLPAL,EQ,1917.8,1840.3,601910,419181,69.64
2026-09-18,CONCOR,EQ,504.55,488.15,2242132,1502403,67.01
2026-09-18,COROMANDEL,EQ,1999.5,1929.8,302340,206678,68.36
2026-09-18,CROMPTON,EQ,227.12,225.1,1405047,945115,67.27
2026-09-18,CUB,EQ,235.79,231.82,2196738,1047112,47.67
2026-09-18,CUMMINSIND,EQ,5099.5,5020.0,502366,369945,73.64
2026-09-18,DABUR,EQ,395.25,384.55,2455500,1673364,68.15
2026-09-18,DALBHARAT,EQ,1761.4,1693.3,374184,194857,52.08
2026-09-18,DEEPAKNTR,EQ,1586.3,1604.8,426779,304105,71.26
2026-09-18,DELTACORP,EQ,58.34,56.15,1668878,818175,49.03
2026-09-18,DIVISLAB,EQ,9375.0,9323.0,691534,492740,71.25
2026-09-18,DIXON,EQ,13005.0,13290.0,371296,195168,52.56
2026-09-18,DLF,EQ,644.35,640.0,2890331,1847279,63.91
2026-09-18,DRREDDY,EQ,1185.0,1175.0,3002566,1743201,58.06
2026-09-18,EICHERMOT,EQ,7516.0,7493.5,419526,296630,70.71
2026-09-18,ESCORTS,EQ,2798.2,2830.0,81690,50113,61.35
2026-09-18,EXIDEIND,EQ,435.85,418.6,5570954,2544769,45.68
2026-09-18,FEDERALBNK,EQ,332.75,332.75,14568034,9314058,63.93
2026-09-18,GAIL,EQ,173.9,172.0,8527161,6004479,70.42
2026-09-18,GLENMARK,EQ,2447.4,2416.0,545520,362810,66.51
2026-09-18,GNFC,EQ,588.9,584.85,1359872,383522,28.2
2026-09-18,GODREJCP,EQ,880.0,873.0,1410736,921154,65.3
2026-09-18,GODREJPROP,EQ,1691.1,1678.2,659676,358880,54.4
2026-09-18,GRANULES,EQ,875.5,870.4,1200729,647972,53.96
2026-09-18,GRASIM,EQ,3209.2,3173.1,682793,476531,69.79
2026-09-18,HAL,EQ,4800.3,4788.0,972849,501625,51.56
2026-09-18,HAVELLS,EQ,1132.4,1092.0,745375,469708,63.02
2026-09-18,HCLTECH,EQ,1249.3,1258.3,2886447,1804403,62.51
2026-09-18,HDFCAMC,EQ,2425.0,2387.7,1040790,737672,70.88
2026-09-18,HDFCBANK,EQ,731.0,713.0,39400710,25195213,63.95
2026-09-18,HDFCLIFE,EQ,550.95,557.0,5599030,3566409,63.7
2026-09-18,HEROMOTOCO,EQ,5285.5,5325.0,688654,512051,74.36
2026-09-18,HINDALCO,EQ,986.5,980.5,8310236,5716635,68.79
2026-09-18,HINDCOPPER,EQ,497.4,485.5,9888264,4818264,48.73
2026-09-18,HINDPETRO,EQ,359.0,350.6,6539998,4618844,70.62
2026-09-18,HINDUNILVR,EQ,1932.0,1942.2,1994635,1518642,76.14
2026-09-18,ICICIBANK,EQ,1338.9,1347.6,7509409,5293245,70.49
2026-09-18,ICICIGI,EQ,1458.1,1486.7,925599,634071,68.5
2026-09-18,ICICIPRULI,EQ,492.0,490.5,2240637,1313801,58.64
2026-09-18,IDEA,EQ,13.92,14.22,350366817,171233183,48.87
2026-09-18,IDFCFIRSTB,EQ,85.92,86.33,27340008,16741708,61.24
2026-09-18,IEX,EQ,115.46,113.4,2248423,1272926,56.61
2026-09-18,IGL,EQ,148.56,148.67,4539547,2920638,64.34
2026-09-18,INDHOTEL,EQ,732.75,726.65,3256156,1886853,57.95
2026-09-18,INDIACEM,EQ,344.8,351.7,229613,80706,35.15
2026-09-18,INDIAMART,EQ,1646.3,1662.7,709316,556844,78.5
2026-09-18,INDIGO,EQ,4920.0,4845.0,732347,429627,58.66
2026-09-18,INDUSINDBK,EQ,966.3,958.2,6250679,4656142,74.49
2026-09-18,INDUSTOWER,EQ,375.9,381.35,4696284,3037338,64.68
2026-09-18,INFY,EQ,1051.4,1058.6,22124953,15755453,71.21
2026-09-18,INTELLECT,EQ,647.45,651.3,290091,161185,55.56
2026-09-18,IOC,EQ,137.0,134.27,11505787,8022320,69.72
2026-09-18,IPCALAB,EQ,2009.6,1970.3,527501,361636,68.56
2026-09-18,IRCTC,EQ,476.75,457.0,1670118,817864,48.97
2026-09-18,ITC,EQ,262.3,266.2,14399150,9515153,66.08
2026-09-18,JINDALSTEL,EQ,1119.5,1128.4,1056818,693935,65.66
2026-09-18,JKCEMENT,EQ,5064.5,5027.0,60794,32831,54.0
2026-09-18,JSWSTEEL,EQ,1275.6,1253.4,2378010,1576365,66.29
2026-09-18,JUBLFOOD,EQ,500.0,480.2,2900829,1763654,60.8
2026-09-18,KOTAKBANK,EQ,412.5,416.5,15461137,12806526,82.83
2026-09-18,LALPATHLAB,EQ,1896.9,1924.7,477275,306578,64.24
2026-09-18,LAURUSLABS,EQ,1954.0,1948.1,2655873,1851023,69.7
2026-09-18,LICHSGFIN,EQ,548.15,545.9,2234836,1352944,60.54
2026-09-18,LT,EQ,3885.0,3836.2,1547690,1126758,72.8
2026-09-18,LTTS,EQ,3347.5,3324.3,103280,65740,63.65
2026-09-18,LUPIN,EQ,2083.0,2098.1,1194290,907759,76.01
2026-09-18,M&M,EQ,3052.0,3076.5,2973119,2252454,75.76
2026-09-18,M&MFIN,EQ,353.3,345.7,3129493,2039034,65.16
2026-09-18,MANAPPURAM,EQ,319.15,316.05,3822669,1787558,46.76
2026-09-18,MARICO,EQ,803.9,817.0,2848872,2129629,74.75
2026-09-18,MARUTI,EQ,12103.0,12338.0,659773,430473,65.25
2026-09-18,MCX,EQ,3260.0,3265.2,2197423,1100622,50.09
2026-09-18,METROPOLIS,EQ,597.45,586.3,223299,105080,47.06
2026-09-18,MFSL,EQ,1559.0,1554.0,898566,603143,67.12
2026-09-18,MGL,EQ,1081.7,1071.2,196402,113138,57.61
2026-09-18,MOTHERSON,EQ,162.57,161.87,19068300,14523618,76.17
2026-09-18,MPHASIS,EQ,2300.4,2320.0,650262,357904,55.04
2026-09-18,MRF,EQ,125670.0,124585.0,8232,4373,53.12
2026-09-18,MUTHOOTFIN,EQ,2841.1,2770.2,654610,333004,50.87
2026-09-18,NATIONALUM,EQ,350.5,355.7,5809441,3802733,65.46
2026-09-18,NAUKRI,EQ,1251.2,1265.0,1486135,941024,63.32
2026-09-18,NAVINFLUOR,EQ,8590.0,8220.0,298599,177828,59.55
2026-09-18,NESTLEIND,EQ,1372.4,1370.6,3264904,2061448,63.14
2026-09-18,NMDC,EQ,79.15,80.8,18919633,11965410,63.24
2026-09-18,NTPC,EQ,323.65,329.6,9448827,6494646,68.73
2026-09-18,OBEROIRLTY,EQ,1785.0,1740.7,766762,542086,70.7
2026-09-18,OFSS,EQ,11896.0,11620.0,162844,92261,56.66
2026-09-18,ONGC,EQ,232.8,232.43,11146237,8168015,73.28
2026-09-18,PAGEIND,EQ,36400.0,35020.0,32020,19415,60.63
2026-09-18,PERSISTENT,EQ,5416.0,5473.0,494682,229917,46.48
2026-09-18,PETRONET,EQ,292.6,283.45,3218273,2600880,80.82
2026-09-18,PFC,EQ,342.55,344.95,11369930,9058037,79.67
2026-09-18,PIDILITIND,EQ,1572.1,1551.5,1142486,714295,62.52
2026-09-18,PIIND,EQ,2366.8,2307.0,558327,417820,74.83
2026-09-18,PNB,EQ,117.27,116.47,16061334,10173738,63.34
2026-09-18,POLYCAB,EQ,8400.0,8208.5,417221,253483,60.76
2026-09-18,POWERGRID,EQ,270.3,263.75,17896733,12946336,72.34
2026-09-18,PVRINOX,EQ,1324.7,1272.7,1050636,474326,45.15
2026-09-18,RAIN,EQ,206.92,203.02,2370944,1054305,44.47
2026-09-18,RAMCOCEM,EQ,869.75,858.95,212951,122331,57.45
2026-09-18,RBLBANK,EQ,415.9,404.15,3792806,2690157,70.93
2026-09-18,RECLTD,EQ,312.0,310.5,4686436,2897944,61.84
2026-09-18,RELIANCE,EQ,1226.4,1243.9,15122715,11645440,77.01
2026-09-18,SAIL,EQ,177.33,175.01,11881802,7390982,62.2
2026-09-18,SBICARD,EQ,651.15,636.95,3242132,2224889,68.62
2026-09-18,SBILIFE,EQ,1731.0,1766.9,929365,666914,71.76
2026-09-18,SBIN,EQ,996.2,988.7,5699456,3642518,63.91
2026-09-18,SHREECEM,EQ,22600.0,21960.0,62133,23032,37.07
2026-09-18,SHRIRAMFIN,EQ,1010.0,995.0,4870631,3431319,70.45
2026-09-18,SIEMENS,EQ,3913.9,3763.5,666502,362487,54.39
2026-09-18,SRF,EQ,2512.0,2536.0,401209,268409,66.9
2026-09-18,SUNPHARMA,EQ,1837.3,1867.3,2896860,2093616,72.27
2026-09-18,SUNTV,EQ,451.7,468.4,943160,595398,63.13
2026-09-18,SYNGENE,EQ,369.05,380.2,2498133,1702612,68.16
2026-09-18,TATACHEM,EQ,693.25,779.3,14086032,3546449,25.18
2026-09-18,TATACOMM,EQ,1780.1,1791.6,713124,439570,61.64
2026-09-18,TATACONSUM,EQ,996.0,1013.7,2076522,1384317,66.67
2026-09-18,TATAPOWER,EQ,374.8,369.0,5102671,3159710,61.92
2026-09-18,TATASTEEL,EQ,185.54,187.29,29014128,17832092,61.46
2026-09-18,TCS,EQ,2105.0,2190.0,6875428,3972356,57.78
2026-09-18,TECHM,EQ,1537.1,1561.0,3113722,1889780,60.69
2026-09-18,TITAN,EQ,4798.5,4841.0,1066023,755286,70.85
2026-09-18,TORNTPHARM,EQ,4840.0,4875.0,486733,335298,68.89
2026-09-18,TRENT,EQ,2824.0,2789.0,925467,683320,73.84
2026-09-18,TVSMOTOR,EQ,4171.3,4101.7,1304681,954162,73.13
2026-09-18,UBL,EQ,1251.5,1216.8,276273,174681,63.23
2026-09-18,ULTRACEMCO,EQ,11014.0,10764.0,458848,320335,69.81
2026-09-18,UPL,EQ,580.0,554.75,3779171,3050593,80.72
2026-09-18,VEDL,EQ,267.6,257.45,8484152,5668526,66.81
2026-09-18,VOLTAS,EQ,1110.9,1135.0,597381,426218,71.35
2026-09-18,WHIRLPOOL,EQ,717.7,727.4,1683148,849314,50.46
2026-09-18,WIPRO,EQ,166.83,166.4,23606474,13771360,58.34
2026-09-18,ZEEL,EQ,78.62,78.31,21977996,6726853,30.61
2026-09-18,ZYDUSLIFE,EQ,1160.0,1135.1,2789186,1330491,47.7
2026-09-21,AARTIIND,EQ,499.8,491.15,805286,352109,43.72
2026-09-21,ABB,EQ,7271.0,7270.5,161482,69567,43.08
2026-09-21,ABBOTINDIA,EQ,26960.0,27270.0,7355,4142,56.32
2026-09-21,ABCAPITAL,EQ,403.4,410.05,1591907,879196,55.23
2026-09-21,ABFRL,EQ,49.85,50.16,2352382,1066903,45.35
2026-09-21,ACC,EQ,1256.3,1259.7,66808,26953,40.34
2026-09-21,ADANIENT,EQ,2975.0,3020.0,782730,304923,38.96
2026-09-21,ADANIPORTS,EQ,1787.1,1824.0,2317822,1323764,57.11
2026-09-21,ALKEM,EQ,5364.0,5466.5,94968,55616,58.56
2026-09-21,AMBUJACEM,EQ,390.75,388.3,1048624,483901,46.15
2026-09-21,APOLLOHOSP,EQ,8912.0,8944.5,209388,120414,57.51
2026-09-21,APOLLOTYRE,EQ,409.3,409.3,446863,251926,56.38
2026-09-21,ASHOKLEY,EQ,161.75,163.0,7883370,3990954,50.62
2026-09-21,ASIANPAINT,EQ,2440.3,2451.3,268147,155068,57.83
2026-09-21,ASTRAL,EQ,1400.9,1427.7,184200,99784,54.17
2026-09-21,ATUL,EQ,6086.0,6170.5,19435,9579,49.29
2026-09-21,AUBANK,EQ,1038.0,1058.6,704386,415666,59.01
2026-09-21,AUROPHARMA,EQ,1713.4,1734.0,902487,448830,49.73
2026-09-21,AXISBANK,EQ,1250.0,1257.0,3680283,2504703,68.06
2026-09-21,BAJAJ-AUTO,EQ,11460.0,11414.0,93033,50506,54.29
2026-09-21,BAJAJFINSV,EQ,1849.8,1852.5,269959,138522,51.31
2026-09-21,BAJFINANCE,EQ,1021.3,1040.3,4170558,2905882,69.68
2026-09-21,BALKRISIND,EQ,2216.8,2265.3,180232,92670,51.42
2026-09-21,BALRAMCHIN,EQ,663.65,672.6,554898,167325,30.15
2026-09-21,BANDHANBNK,EQ,179.0,175.0,15271152,7136806,46.73
2026-09-21,BANKBARODA,EQ,233.64,234.94,4397710,2563074,58.28
2026-09-21,BATAINDIA,EQ,635.2,638.3,98799,55295,55.97
2026-09-21,BEL,EQ,398.5,393.3,9754868,5817695,59.64
2026-09-21,BERGEPAINT,EQ,450.6,458.65,860289,741519,86.19
2026-09-21,BHARATFORG,EQ,1968.9,1962.1,685946,389360,56.76
2026-09-21,BHARTIARTL,EQ,1830.2,1893.3,9716580,6268911,64.52
2026-09-21,BHEL,EQ,433.4,439.9,5111793,2486084,48.63
2026-09-21,BIOCON,EQ,395.0,385.0,3037626,1180904,38.88
2026-09-21,BOSCHLTD,EQ,47565.0,47000.0,15873,5570,35.09
2026-09-21,BPCL,EQ,312.75,314.0,3153498,1894234,60.07
2026-09-21,BRITANNIA,EQ,5023.0,4998.0,166876,103936,62.28
2026-09-21,BSOFT,EQ,284.15,280.4,791424,297390,37.58
2026-09-21,CANBK,EQ,123.7,123.78,5171600,2058715,39.81
2026-09-21,CANFINHOME,EQ,769.9,778.5,290056,157905,54.44
2026-09-21,CHAMBLFERT,EQ,417.2,414.9,498363,281312,56.45
2026-09-21,CHOLAFIN,EQ,1764.0,1800.0,922958,620666,67.25
2026-09-21,CIPLA,EQ,1386.1,1394.5,895131,422512,47.2
2026-09-21,COALINDIA,EQ,414.7,409.9,3442984,2026426,58.86
2026-09-21,COFORGE,EQ,1814.0,1841.0,1932416,1006308,52.08
2026-09-21,COLPAL,EQ,1892.0,1917.8,720315,521715,72.43
2026-09-21,CONCOR,EQ,487.05,504.55,885349,378912,42.8
2026-09-21,COROMANDEL,EQ,1940.8,1999.5,87865,54015,61.47
2026-09-21,CROMPTON,EQ,225.05,227.12,1491613,887357,59.49
2026-09-21,CUB,EQ,234.94,235.79,846007,369917,43.73
2026-09-21,CUMMINSIND,EQ,5067.0,5099.5,281295,188884,67.15
2026-09-21,DABUR,EQ,386.8,395.25,2097526,1362746,64.97
2026-09-21,DALBHARAT,EQ,1764.4,1761.4,123783,63348,51.18
2026-09-21,DEEPAKNTR,EQ,1586.3,1586.3,177305,90256,50.9
2026-09-21,DELTACORP,EQ,61.59,58.34,6078214,1744715,28.7
2026-09-21,DIVISLAB,EQ,9410.5,9375.0,380343,219098,57.61
2026-09-21,DIXON,EQ,13350.0,13005.0,219611,76032,34.62
2026-09-21,DLF,EQ,660.25,644.35,3148346,1684371,53.5
2026-09-21,DRREDDY,EQ,1198.3,1185.0,1718834,957919,55.73
2026-09-21,EICHERMOT,EQ,7512.5,7516.0,251852,147015,58.37
2026-09-21,ESCORTS,EQ,2819.8,2798.2,59112,32156,54.4
2026-09-21,EXIDEIND,EQ,434.5,435.85,1810338,960834,53.07
2026-09-21,FEDERALBNK,EQ,332.0,332.75,4137418,2409804,58.24
2026-09-21,GAIL,EQ,172.61,173.9,3734893,2318451,62.08
2026-09-21,GLENMARK,EQ,2450.0,2447.4,405696,209679,51.68
2026-09-21,GNFC,EQ,589.9,588.9,600276,248149,41.34
2026-09-21,GODREJCP,EQ,867.5,880.0,975825,485094,49.71
2026-09-21,GODREJPROP,EQ,1696.9,1691.1,398829,165056,41.39
2026-09-21,GRANULES,EQ,875.15,875.5,597035,280831,47.04
2026-09-21,GRASIM,EQ,3166.0,3209.2,187000,90803,48.56
2026-09-21,HAL,EQ,4826.0,4800.3,784570,368723,47.0
2026-09-21,HAVELLS,EQ,1103.1,1132.4,647751,305443,47.15
2026-09-21,HCLTECH,EQ,1281.0,1249.3,2751906,1231761,44.76
2026-09-21,HDFCAMC,EQ,2440.0,2425.0,503235,272914,54.23
2026-09-21,HDFCBANK,EQ,739.5,731.0,35482683,25653130,72.3
2026-09-21,HDFCLIFE,EQ,559.4,550.95,2831490,1259027,44.47
2026-09-21,HEROMOTOCO,EQ,5419.0,5285.5,355000,180988,50.98
2026-09-21,HINDALCO,EQ,981.2,986.5,3348127,2246548,67.1
2026-09-21,HINDCOPPER,EQ,503.95,497.4,4883834,1725202,35.32
2026-09-21,HINDPETRO,EQ,357.6,359.0,1629936,777535,47.7
2026-09-21,HINDUNILVR,EQ,1947.0,1932.0,864547,445015,51.47
2026-09-21,ICICIBANK,EQ,1345.0,1338.9,5705598,4128422,72.36
2026-09-21,ICICIGI,EQ,1509.1,1458.1,1427947,830791,58.18
2026-09-21,ICICIPRULI,EQ,493.0,492.0,997211,433603,43.48
2026-09-21,IDEA,EQ,13.84,13.92,298632816,121568417,40.71
2026-09-21,IDFCFIRSTB,EQ,85.8,85.92,20239022,11362492,56.14
2026-09-21,IEX,EQ,113.82,115.46,1812910,893435,49.28
2026-09-21,IGL,EQ,148.85,148.56,740058,369853,49.98
2026-09-21,INDHOTEL,EQ,745.0,732.75,2983659,1376438,46.13
2026-09-21,INDIACEM,EQ,345.0,344.8,94362,35162,37.26
2026-09-21,INDIAMART,EQ,1631.4,1646.3,49716,27753,55.82
2026-09-21,INDIGO,EQ,4941.0,4920.0,447018,210703,47.14
2026-09-21,INDUSINDBK,EQ,956.0,966.3,588104,321843,54.73
2026-09-21,INDUSTOWER,EQ,377.65,375.9,1695335,820191,48.38
2026-09-21,INFY,EQ,1038.5,1051.4,6074358,2838303,46.73
2026-09-21,INTELLECT,EQ,659.1,647.45,221574,92654,41.82
2026-09-21,IOC,EQ,136.53,137.0,8616145,5138576,59.64
2026-09-21,IPCALAB,EQ,2008.2,2009.6,173299,105727,61.01
2026-09-21,IRCTC,EQ,470.7,476.75,528264,223755,42.36
2026-09-21,ITC,EQ,267.0,262.3,8662786,4685983,54.09
2026-09-21,JINDALSTEL,EQ,1130.6,1119.5,708371,316008,44.61
2026-09-21,JKCEMENT,EQ,5087.0,5064.5,22433,13784,61.45
2026-09-21,JSWSTEEL,EQ,1268.6,1275.6,942361,508950,54.01
2026-09-21,JUBLFOOD,EQ,487.05,500.0,2200207,1113898,50.63
2026-09-21,KOTAKBANK,EQ,414.8,412.5,8470861,5349362,63.15
2026-09-21,LALPATHLAB,EQ,1920.4,1896.9,214308,129266,60.32
2026-09-21,LAURUSLABS,EQ,2017.5,1954.0,2170267,1014101,46.73
2026-09-21,LICHSGFIN,EQ,568.0,548.15,3749732,1568350,41.83
2026-09-21,LT,EQ,3904.8,3885.0,947371,602408,63.59
2026-09-21,LTTS,EQ,3307.0,3347.5,44214,23813,53.86
2026-09-21,LUPIN,EQ,2124.5,2083.0,429137,233246,54.35
2026-09-21,M&M,EQ,3055.3,3052.0,1056850,681010,64.44
2026-09-21,M&MFIN,EQ,354.7,353.3,1057055,564445,53.4
2026-09-21,MANAPPURAM,EQ,315.1,319.15,2669726,1216377,45.56
2026-09-21,MARICO,EQ,824.4,803.9,1672296,816395,48.82
2026-09-21,MARUTI,EQ,12153.0,12103.0,339171,208063,61.34
2026-09-21,MCX,EQ,3209.0,3260.0,1267161,438455,34.6
2026-09-21,METROPOLIS,EQ,593.4,597.45,185451,105266,56.76
2026-09-21,MFSL,EQ,1569.0,1559.0,534288,300714,56.28
2026-09-21,MGL,EQ,1077.8,1081.7,65214,34467,52.85
2026-09-21,MOTHERSON,EQ,162.91,162.57,7264642,3493655,48.09
2026-09-21,MPHASIS,EQ,2296.2,2300.4,206512,78831,38.17
2026-09-21,MRF,EQ,124855.0,125670.0,2449,1160,47.37
2026-09-21,MUTHOOTFIN,EQ,2854.2,2841.1,433892,249380,57.48
2026-09-21,NATIONALUM,EQ,352.5,350.5,2961381,1521901,51.39
2026-09-21,NAUKRI,EQ,1296.4,1251.2,1697517,919583,54.17
2026-09-21,NAVINFLUOR,EQ,8486.5,8590.0,99240,61541,62.01
2026-09-21,NESTLEIND,EQ,1385.0,1372.4,573071,299784,52.31
2026-09-21,NMDC,EQ,79.8,79.15,8513163,4862791,57.12
2026-09-21,NTPC,EQ,326.4,323.65,5098202,2776080,54.45
2026-09-21,OBEROIRLTY,EQ,1821.0,1785.0,960192,613872,63.93
2026-09-21,OFSS,EQ,10911.0,11896.0,565241,188757,33.39
2026-09-21,ONGC,EQ,235.63,232.8,6114044,3749624,61.33
2026-09-21,PAGEIND,EQ,35950.0,36400.0,15472,5617,36.3
2026-09-21,PERSISTENT,EQ,5449.0,5416.0,352582,147477,41.83
2026-09-21,PETRONET,EQ,287.5,292.6,1124206,612205,54.46
2026-09-21,PFC,EQ,344.75,342.55,9174012,6654051,72.53
2026-09-21,PIDILITIND,EQ,1573.2,1572.1,240443,137834,57.33
2026-09-21,PIIND,EQ,2321.8,2366.8,68758,32718,47.58
2026-09-21,PNB,EQ,118.0,117.27,8624424,3851581,44.66
2026-09-21,POLYCAB,EQ,8369.5,8400.0,211821,115863,54.7
2026-09-21,POWERGRID,EQ,266.1,270.3,6934502,4442508,64.06
2026-09-21,PVRINOX,EQ,1349.3,1324.7,460503,257672,55.95
2026-09-21,RAIN,EQ,212.18,206.92,3399674,1360926,40.03
2026-09-21,RAMCOCEM,EQ,885.1,869.75,373061,172035,46.11
2026-09-21,RBLBANK,EQ,402.4,415.9,2214016,989976,44.71
2026-09-21,RECLTD,EQ,310.2,312.0,3372052,2191039,64.98
2026-09-21,RELIANCE,EQ,1247.4,1226.4,10007218,6461366,64.57
2026-09-21,SAIL,EQ,177.3,177.33,7044243,2950557,41.89
2026-09-21,SBICARD,EQ,637.0,651.15,950045,541347,56.98
2026-09-21,SBILIFE,EQ,1756.0,1731.0,707336,427934,60.5
2026-09-21,SBIN,EQ,996.0,996.2,3590054,1902575,53.0
2026-09-21,SHREECEM,EQ,22550.0,22600.0,34945,24099,68.96
2026-09-21,SHRIRAMFIN,EQ,1011.8,1010.0,2189525,1373026,62.71
2026-09-21,SIEMENS,EQ,3887.0,3913.9,196942,84653,42.98
2026-09-21,SRF,EQ,2540.0,2512.0,103302,52885,51.19
2026-09-21,SUNPHARMA,EQ,1868.9,1837.3,2534364,1359095,53.63
2026-09-21,SUNTV,EQ,457.55,451.7,346139,167916,48.51
2026-09-21,SYNGENE,EQ,385.15,369.05,3622808,1610952,44.47
2026-09-21,TATACHEM,EQ,694.7,693.25,3253162,673191,20.69
2026-09-21,TATACOMM,EQ,1732.7,1780.1,110793,56004,50.55
2026-09-21,TATACONSUM,EQ,1000.6,996.0,688026,346512,50.36
2026-09-21,TATAPOWER,EQ,367.15,374.8,2875538,1434907,49.9
2026-09-21,TATASTEEL,EQ,183.4,185.54,9933718,3994284,40.21
2026-09-21,TCS,EQ,2128.7,2105.0,2330811,927858,39.81
2026-09-21,TECHM,EQ,1558.5,1537.1,970714,484954,49.96
2026-09-21,TITAN,EQ,4875.0,4798.5,665067,331382,49.83
2026-09-21,TORNTPHARM,EQ,4970.0,4840.0,361244,200890,55.61
2026-09-21,TRENT,EQ,2815.5,2824.0,592996,333315,56.21
2026-09-21,TVSMOTOR,EQ,4155.0,4171.3,183197,81062,44.25
2026-09-21,UBL,EQ,1227.8,1251.5,102377,60927,59.51
2026-09-21,ULTRACEMCO,EQ,11100.0,11014.0,152231,92061,60.47
2026-09-21,UPL,EQ,559.9,580.0,2691176,1788626,66.46
2026-09-21,VEDL,EQ,260.5,267.6,6600043,3499279,53.02
2026-09-21,VOLTAS,EQ,1142.1,1110.9,887002,328116,36.99
2026-09-21,WHIRLPOOL,EQ,723.65,717.7,316569,117883,37.24
2026-09-21,WIPRO,EQ,164.55,166.83,9282035,3670332,39.54
2026-09-21,ZEEL,EQ,77.68,78.62,9517177,2852204,29.97
2026-09-21,ZYDUSLIFE,EQ,1161.0,1160.0,864429,498594,57.68
2026-09-22,AARTIIND,EQ,496.0,499.8,478713,214636,44.84
2026-09-22,ABB,EQ,7120.5,7271.0,196683,82785,42.09
2026-09-22,ABBOTINDIA,EQ,27225.0,26960.0,4434,2734,61.66
2026-09-22,ABCAPITAL,EQ,397.0,403.4,2377189,1517166,63.82
2026-09-22,ABFRL,EQ,49.22,49.85,2744633,1402946,51.12
2026-09-22,ACC,EQ,1238.2,1256.3,79866,36471,45.67
2026-09-22,ADANIENT,EQ,2997.0,2975.0,793747,212395,26.76
2026-09-22,ADANIPORTS,EQ,1795.0,1787.1,871935,354243,40.63
2026-09-22,ALKEM,EQ,5331.5,5364.0,94905,69420,73.15
2026-09-22,AMBUJACEM,EQ,386.9,390.75,1155681,633258,54.8
2026-09-22,APOLLOHOSP,EQ,8835.5,8912.0,350507,243603,69.5
2026-09-22,APOLLOTYRE,EQ,402.55,409.3,600980,328583,54.67
2026-09-22,ASHOKLEY,EQ,160.75,161.75,8959874,4408407,49.2
2026-09-22,ASIANPAINT,EQ,2448.5,2440.3,414715,205383,49.52
2026-09-22,ASTRAL,EQ,1381.6,1400.9,419577,249557,59.48
2026-09-22,ATUL,EQ,6176.5,6086.0,92926,71078,76.49
2026-09-22,AUBANK,EQ,1036.4,1038.0,506494,259892,51.31
2026-09-22,AUROPHARMA,EQ,1700.0,1713.4,869831,521307,59.93
2026-09-22,AXISBANK,EQ,1242.7,1250.0,2689110,1412409,52.52
2026-09-22,BAJAJ-AUTO,EQ,11363.0,11460.0,154756,74823,48.35
2026-09-22,BAJAJFINSV,EQ,1823.4,1849.8,405051,199690,49.3
2026-09-22,BAJFINANCE,EQ,1008.8,1021.3,4581750,2905378,63.41
2026-09-22,BALKRISIND,EQ,2216.9,2216.8,103064,51812,50.27
2026-09-22,BALRAMCHIN,EQ,661.05,663.65,1293003,354597,27.42
2026-09-22,BANDHANBNK,EQ,184.7,179.0,22278301,12311295,55.26
2026-09-22,BANKBARODA,EQ,234.35,233.64,3787052,2074453,54.78
2026-09-22,BATAINDIA,EQ,631.75,635.2,122211,57132,46.75
2026-09-22,BEL,EQ,397.9,398.5,8488775,5176429,60.98
2026-09-22,BERGEPAINT,EQ,452.6,450.6,454498,247889,54.54
2026-09-22,BHARATFORG,EQ,2009.0,1968.9,982220,524736,53.42
2026-09-22,BHARTIARTL,EQ,1817.2,1830.2,4134236,2491873,60.27
2026-09-22,BHEL,EQ,425.8,433.4,4718245,1671641,35.43
2026-09-22,BIOCON,EQ,390.0,395.0,2816261,1546948,54.93
2026-09-22,BOSCHLTD,EQ,48290.0,47565.0,17807,10077,56.59
2026-09-22,BPCL,EQ,313.6,312.75,10959640,6254291,57.07
2026-09-22,BRITANNIA,EQ,4918.0,5023.0,177451,99883,56.29
2026-09-22,BSOFT,EQ,281.15,284.15,486688,255641,52.53
2026-09-22,CANBK,EQ,122.9,123.7,7064389,3105906,43.97
2026-09-22,CANFINHOME,EQ,759.55,769.9,339027,191092,56.36
2026-09-22,CHAMBLFERT,EQ,418.5,417.2,650166,425334,65.42
2026-09-22,CHOLAFIN,EQ,1759.1,1764.0,906681,595997,65.73
2026-09-22,CIPLA,EQ,1384.1,1386.1,767139,359861,46.91
2026-09-22,COALINDIA,EQ,428.0,414.7,16676174,8058415,48.32
2026-09-22,COFORGE,EQ,1803.0,1814.0,1220431,637789,52.26
2026-09-22,COLPAL,EQ,1869.0,1892.0,200338,102793,51.31
2026-09-22,CONCOR,EQ,467.0,487.05,2828067,1261597,44.61
2026-09-22,COROMANDEL,EQ,1944.9,1940.8,77210,50811,65.81
2026-09-22,CROMPTON,EQ,222.0,225.05,2814418,1372421,48.76
2026-09-22,CUB,EQ,227.21,234.94,2192380,997367,45.49
2026-09-22,CUMMINSIND,EQ,4962.5,5067.0,314342,194715,61.94
2026-09-22,DABUR,EQ,388.1,386.8,1352500,851422,62.95
2026-09-22,DALBHARAT,EQ,1741.6,1764.4,35465,18482,52.11
2026-09-22,DEEPAKNTR,EQ,1613.2,1586.3,183682,104469,56.87
2026-09-22,DELTACORP,EQ,61.77,61.59,2802181,1109317,39.59
2026-09-22,DIVISLAB,EQ,9352.0,9410.5,293688,180452,61.44
2026-09-22,DIXON,EQ,13084.0,13350.0,400815,133742,33.37
2026-09-22,DLF,EQ,669.5,660.25,5186082,3573009,68.9
2026-09-22,DRREDDY,EQ,1211.0,1198.3,3355097,2006621,59.81
2026-09-22,EICHERMOT,EQ,7427.0,7512.5,336400,225671,67.08
2026-09-22,ESCORTS,EQ,2793.6,2819.8,28639,14717,51.39
2026-09-22,EXIDEIND,EQ,429.7,434.5,1869658,979913,52.41
2026-09-22,FEDERALBNK,EQ,327.0,332.0,5612786,3481001,62.02
2026-09-22,GAIL,EQ,171.84,172.61,8361284,5312389,63.54
2026-09-22,GLENMARK,EQ,2461.4,2450.0,402355,236757,58.84
2026-09-22,GNFC,EQ,598.7,589.9,2063093,944487,45.78
2026-09-22,GODREJCP,EQ,873.6,867.5,483682,265441,54.88
2026-09-22,GODREJPROP,EQ,1699.5,1696.9,473583,175978,37.16
2026-09-22,GRANULES,EQ,864.05,875.15,640982,254781,39.75
2026-09-22,GRASIM,EQ,3128.2,3166.0,692941,457272,65.99
2026-09-22,HAL,EQ,4800.0,4826.0,548249,247140,45.08
2026-09-22,HAVELLS,EQ,1088.9,1103.1,252772,127769,50.55
2026-09-22,HCLTECH,EQ,1270.4,1281.0,2680986,914584,34.11
2026-09-22,HDFCAMC,EQ,2430.0,2440.0,481994,305960,63.48
2026-09-22,HDFCBANK,EQ,738.6,739.5,35483669,24362291,68.66
2026-09-22,HDFCLIFE,EQ,559.2,559.4,1788405,829455,46.38
2026-09-22,HEROMOTOCO,EQ,5373.0,5419.0,542248,336853,62.12
2026-09-22,HINDALCO,EQ,973.0,981.2,3336085,2195051,65.8
2026-09-22,HINDCOPPER,EQ,508.2,503.95,7778716,2201350,28.3
2026-09-22,HINDPETRO,EQ,360.7,357.6,5830757,2947469,50.55
2026-09-22,HINDUNILVR,EQ,1933.8,1947.0,1023040,587156,57.39
2026-09-22,ICICIBANK,EQ,1339.6,1345.0,6433249,3196333,49.68
2026-09-22,ICICIGI,EQ,1480.0,1509.1,690497,441110,63.88
2026-09-22,ICICIPRULI,EQ,486.65,493.0,517509,228505,44.15
2026-09-22,IDEA,EQ,14.27,13.84,527812273,141090480,26.73
2026-09-22,IDFCFIRSTB,EQ,85.37,85.8,7198920,3905611,54.25
2026-09-22,IEX,EQ,112.9,113.82,4454976,2494950,56.0
2026-09-22,IGL,EQ,146.68,148.85,2535771,1403653,55.35
2026-09-22,INDHOTEL,EQ,736.25,745.0,1255870,609609,48.54
2026-09-22,INDIACEM,EQ,340.65,345.0,97438,43740,44.89
2026-09-22,INDIAMART,EQ,1635.2,1631.4,39293,21397,54.45
2026-09-22,INDIGO,EQ,5030.0,4941.0,873833,490119,56.09
2026-09-22,INDUSINDBK,EQ,955.0,956.0,971946,587699,60.47
2026-09-22,INDUSTOWER,EQ,382.1,377.65,3537704,1968278,55.64
2026-09-22,INFY,EQ,1029.4,1038.5,9341109,5187113,55.53
2026-09-22,INTELLECT,EQ,647.75,659.1,466891,258788,55.43
2026-09-22,IOC,EQ,137.8,136.53,11156453,5092768,45.65
2026-09-22,IPCALAB,EQ,1992.4,2008.2,122345,77905,63.68
2026-09-22,IRCTC,EQ,469.65,470.7,431674,174894,40.52
2026-09-22,ITC,EQ,265.8,267.0,7177847,4327862,60.29
2026-09-22,JINDALSTEL,EQ,1141.0,1130.6,891592,497352,55.78
2026-09-22,JKCEMENT,EQ,5104.0,5087.0,19306,7299,37.81
2026-09-22,JSWSTEEL,EQ,1267.0,1268.6,874592,481399,55.04
2026-09-22,JUBLFOOD,EQ,491.1,487.05,1745967,1029006,58.94
2026-09-22,KOTAKBANK,EQ,412.65,414.8,3795161,2042061,53.81
2026-09-22,LALPATHLAB,EQ,1909.8,1920.4,262090,168803,64.41
2026-09-22,LAURUSLABS,EQ,2006.5,2017.5,1487044,834690,56.13
2026-09-22,LICHSGFIN,EQ,565.0,568.0,2772548,1404255,50.65
2026-09-22,LT,EQ,3866.4,3904.8,1355288,707733,52.22
2026-09-22,LTTS,EQ,3293.6,3307.0,40975,17251,42.1
2026-09-22,LUPIN,EQ,2135.0,2124.5,597568,396300,66.32
2026-09-22,M&M,EQ,3044.5,3055.3,1708090,1040414,60.91
2026-09-22,M&MFIN,EQ,352.4,354.7,1732378,1137071,65.64
2026-09-22,MANAPPURAM,EQ,319.3,315.1,2282054,1146501,50.24
2026-09-22,MARICO,EQ,830.0,824.4,1090303,704788,64.64
2026-09-22,MARUTI,EQ,12190.0,12153.0,246724,113920,46.17
2026-09-22,MCX,EQ,3262.6,3209.0,1069125,381659,35.7
2026-09-22,METROPOLIS,EQ,592.4,593.4,107949,59772,55.37
2026-09-22,MFSL,EQ,1554.2,1569.0,279864,155873,55.7
2026-09-22,MGL,EQ,1067.3,1077.8,236016,165049,69.93
2026-09-22,MOTHERSON,EQ,161.77,162.91,8031394,4417945,55.01
2026-09-22,MPHASIS,EQ,2265.0,2296.2,506297,296327,58.53
2026-09-22,MRF,EQ,124770.0,124855.0,1591,639,40.16
2026-09-22,MUTHOOTFIN,EQ,2831.5,2854.2,484238,268498,55.45
2026-09-22,NATIONALUM,EQ,352.2,352.5,2687468,1358644,50.55
2026-09-22,NAUKRI,EQ,1304.0,1296.4,1322215,585545,44.29
2026-09-22,NAVINFLUOR,EQ,8438.0,8486.5,72911,39042,53.55
2026-09-22,NESTLEIND,EQ,1363.9,1385.0,865008,570121,65.91
2026-09-22,NMDC,EQ,80.2,79.8,8885406,4694653,52.84
2026-09-22,NTPC,EQ,327.8,326.4,6219007,3972336,63.87
2026-09-22,OBEROIRLTY,EQ,1845.6,1821.0,470585,258129,54.85
2026-09-22,OFSS,EQ,10989.0,10911.0,232724,83376,35.83
2026-09-22,ONGC,EQ,236.13,235.63,8097173,4596833,56.77
2026-09-22,PAGEIND,EQ,37150.0,35950.0,38196,9901,25.92
2026-09-22,PERSISTENT,EQ,5366.0,5449.0,350423,148284,42.32
2026-09-22,PETRONET,EQ,281.75,287.5,1996961,1277259,63.96
2026-09-22,PFC,EQ,345.8,344.75,7604431,4733419,62.25
2026-09-22,PIDILITIND,EQ,1572.7,1573.2,482511,291001,60.31
2026-09-22,PIIND,EQ,2410.0,2321.8,837735,144799,17.28
2026-09-22,PNB,EQ,117.0,118.0,8967547,4139221,46.16
2026-09-22,POLYCAB,EQ,8350.0,8369.5,231281,129308,55.91
2026-09-22,POWERGRID,EQ,265.95,266.1,7314792,4737489,64.77
2026-09-22,PVRINOX,EQ,1334.8,1349.3,388638,198949,51.19
2026-09-22,RAIN,EQ,219.54,212.18,4482583,2149187,47.95
2026-09-22,RAMCOCEM,EQ,883.5,885.1,292303,215885,73.86
2026-09-22,RBLBANK,EQ,423.2,402.4,7366610,2106717,28.6
2026-09-22,RECLTD,EQ,307.1,310.2,4641953,2937282,63.28
2026-09-22,RELIANCE,EQ,1240.4,1247.4,10684376,6109518,57.18
2026-09-22,SAIL,EQ,174.01,177.3,7065250,2873670,40.67
2026-09-22,SBICARD,EQ,634.95,637.0,676501,336185,49.69
2026-09-22,SBILIFE,EQ,1756.3,1756.0,329671,190831,57.89
2026-09-22,SBIN,EQ,987.0,996.0,6126235,3052014,49.82
2026-09-22,SHREECEM,EQ,22200.0,22550.0,9585,3960,41.31
2026-09-22,SHRIRAMFIN,EQ,1006.0,1011.8,3773069,2411799,63.92
2026-09-22,SIEMENS,EQ,3858.0,3887.0,257553,107753,41.84
2026-09-22,SRF,EQ,2538.3,2540.0,69512,37825,54.42
2026-09-22,SUNPHARMA,EQ,1846.4,1868.9,1062235,676260,63.66
2026-09-22,SUNTV,EQ,490.1,457.55,3413835,774213,22.68
2026-09-22,SYNGENE,EQ,377.5,385.15,422362,200116,47.38
2026-09-22,TATACHEM,EQ,674.0,694.7,1586207,576929,36.37
2026-09-22,TATACOMM,EQ,1692.4,1732.7,136660,58531,42.83
2026-09-22,TATACONSUM,EQ,984.1,1000.6,683063,388106,56.82
2026-09-22,TATAPOWER,EQ,367.0,367.15,2521297,1277910,50.68
2026-09-22,TATASTEEL,EQ,184.97,183.4,17525509,7417657,42.32
2026-09-22,TCS,EQ,2105.0,2128.7,3641623,2002739,55.0
2026-09-22,TECHM,EQ,1551.6,1558.5,1013719,565537,55.79
2026-09-22,TITAN,EQ,4928.5,4875.0,1238174,649354,52.44
2026-09-22,TORNTPHARM,EQ,4935.0,4970.0,244345,158061,64.69
2026-09-22,TRENT,EQ,2782.9,2815.5,764083,357513,46.79
2026-09-22,TVSMOTOR,EQ,4140.0,4155.0,544904,362245,66.48
2026-09-22,UBL,EQ,1215.2,1227.8,88734,48794,54.99
2026-09-22,ULTRACEMCO,EQ,11000.0,11100.0,320797,195660,60.99
2026-09-22,UPL,EQ,559.9,559.9,2741227,1799721,65.65
2026-09-22,VEDL,EQ,263.0,260.5,5419840,2760167,50.93
2026-09-22,VOLTAS,EQ,1100.8,1142.1,1090998,539270,49.43
2026-09-22,WHIRLPOOL,EQ,721.05,723.65,104472,56154,53.75
2026-09-22,WIPRO,EQ,166.0,164.55,14726893,7779204,52.82
2026-09-22,ZEEL,EQ,78.21,77.68,8389460,1769208,21.09
2026-09-22,ZYDUSLIFE,EQ,1162.3,1161.0,1243696,698350,56.15
2026-09-23,AARTIIND,EQ,491.35,496.0,402389,228341,56.75
2026-09-23,ABB,EQ,7120.0,7120.5,91561,39553,43.2
2026-09-23,ABBOTINDIA,EQ,26935.0,27225.0,4547,2421,53.24
2026-09-23,ABCAPITAL,EQ,402.45,397.0,1960710,1136489,57.96
2026-09-23,ABFRL,EQ,49.09,49.22,2699462,1440863,53.38
2026-09-23,ACC,EQ,1251.4,1238.2,53120,20806,39.17
2026-09-23,ADANIENT,EQ,2993.2,2997.0,855435,338968,39.63
2026-09-23,ADANIPORTS,EQ,1807.3,1795.0,1185484,766791,64.68
2026-09-23,ALKEM,EQ,5417.5,5331.5,140012,68356,48.82
2026-09-23,AMBUJACEM,EQ,392.75,386.9,697717,290352,41.61
2026-09-23,APOLLOHOSP,EQ,9069.0,8835.5,419571,265276,63.23
2026-09-23,APOLLOTYRE,EQ,405.7,402.55,751954,401515,53.4
2026-09-23,ASHOKLEY,EQ,162.89,160.75,4011012,1902188,47.42
2026-09-23,ASIANPAINT,EQ,2455.0,2448.5,398823,238086,59.7
2026-09-23,ASTRAL,EQ,1394.8,1381.6,271088,159677,58.9
2026-09-23,ATUL,EQ,6118.0,6176.5,13834,7028,50.8
2026-09-23,AUBANK,EQ,1053.0,1036.4,1565213,915558,58.49
2026-09-23,AUROPHARMA,EQ,1721.5,1700.0,951081,581530,61.14
2026-09-23,AXISBANK,EQ,1243.2,1242.7,2287837,1255454,54.88
2026-09-23,BAJAJ-AUTO,EQ,11400.0,11363.0,158704,108345,68.27
2026-09-23,BAJAJFINSV,EQ,1846.5,1823.4,746622,318515,42.66
2026-09-23,BAJFINANCE,EQ,1043.2,1008.8,8618523,4586465,53.22
2026-09-23,BALKRISIND,EQ,2199.6,2216.9,93043,50855,54.66
2026-09-23,BALRAMCHIN,EQ,676.4,661.05,1023714,214675,20.97
2026-09-23,BANDHANBNK,EQ,191.38,184.7,41844761,15219177,36.37
2026-09-23,BANKBARODA,EQ,236.87,234.35,5657358,3221066,56.94
2026-09-23,BATAINDIA,EQ,637.2,631.75,117043,59060,50.46
2026-09-23,BEL,EQ,396.05,397.9,6731863,4110817,61.07
2026-09-23,BERGEPAINT,EQ,459.75,452.6,320195,139667,43.62
2026-09-23,BHARATFORG,EQ,2004.0,2009.0,759299,404253,53.24
2026-09-23,BHARTIARTL,EQ,1833.2,1817.2,3698253,2725316,73.69
2026-09-23,BHEL,EQ,423.1,425.8,5244031,2718895,51.85
2026-09-23,BIOCON,EQ,395.0,390.0,2665586,1449342,54.37
2026-09-23,BOSCHLTD,EQ,47955.0,48290.0,11137,4371,39.25
2026-09-23,BPCL,EQ,315.75,313.6,2065484,1173614,56.82
2026-09-23,BRITANNIA,EQ,4929.0,4918.0,207441,124691,60.11
2026-09-23,BSOFT,EQ,281.1,281.15,572371,273893,47.85
2026-09-23,CANBK,EQ,126.0,122.9,15597011,7804932,50.04
2026-09-23,CANFINHOME,EQ,757.95,759.55,216630,111592,51.51
2026-09-23,CHAMBLFERT,EQ,419.6,418.5,394631,245647,62.25
2026-09-23,CHOLAFIN,EQ,1774.0,1759.1,1227152,807865,65.83
2026-09-23,CIPLA,EQ,1383.0,1384.1,651221,361866,55.57
2026-09-23,COALINDIA,EQ,424.55,428.0,7956161,5116311,64.31
2026-09-23,COFORGE,EQ,1782.4,1803.0,1473720,836527,56.76
2026-09-23,COLPAL,EQ,1886.7,1869.0,271591,148889,54.82
2026-09-23,CONCOR,EQ,464.65,467.0,1369351,744513,54.37
2026-09-23,COROMANDEL,EQ,1956.0,1944.9,144853,83014,57.31
2026-09-23,CROMPTON,EQ,223.43,222.0,2224190,968258,43.53
2026-09-23,CUB,EQ,225.34,227.21,1269250,595324,46.9
2026-09-23,CUMMINSIND,EQ,5010.0,4962.5,235682,132468,56.21
2026-09-23,DABUR,EQ,387.4,388.1,1480659,728862,49.23
2026-09-23,DALBHARAT,EQ,1744.0,1741.6,28368,17775,62.66
2026-09-23,DEEPAKNTR,EQ,1635.8,1613.2,109445,59412,54.28
2026-09-23,DELTACORP,EQ,68.65,61.77,17802335,5521618,31.02
2026-09-23,DIVISLAB,EQ,9624.0,9352.0,489382,299059,61.11
2026-09-23,DIXON,EQ,13200.0,13084.0,191704,57820,30.16
2026-09-23,DLF,EQ,675.0,669.5,2425745,1244733,51.31
2026-09-23,DRREDDY,EQ,1211.2,1211.0,987420,614597,62.24
2026-09-23,EICHERMOT,EQ,7470.0,7427.0,215015,133269,61.98
2026-09-23,ESCORTS,EQ,2796.9,2793.6,95760,46457,48.51
2026-09-23,EXIDEIND,EQ,425.95,429.7,1111617,507555,45.66
2026-09-23,FEDERALBNK,EQ,331.3,327.0,5137220,3378696,65.77
2026-09-23,GAIL,EQ,172.95,171.84,3320082,2052099,61.81
2026-09-23,GLENMARK,EQ,2475.0,2461.4,597118,401194,67.19
2026-09-23,GNFC,EQ,623.05,598.7,1894770,830404,43.83
2026-09-23,GODREJCP,EQ,879.75,873.6,515092,285008,55.33
2026-09-23,GODREJPROP,EQ,1707.6,1699.5,307495,131883,42.89
2026-09-23,GRANULES,EQ,860.25,864.05,394983,210498,53.29
2026-09-23,GRASIM,EQ,3188.5,3128.2,411551,214650,52.16
2026-09-23,HAL,EQ,4836.0,4800.0,432866,218941,50.58
2026-09-23,HAVELLS,EQ,1096.5,1088.9,492115,269418,54.75
2026-09-23,HCLTECH,EQ,1256.7,1270.4,2724431,1589774,58.35
2026-09-23,HDFCAMC,EQ,2448.3,2430.0,266881,174356,65.33
2026-09-23,HDFCBANK,EQ,737.25,738.6,23197231,15746596,67.88
2026-09-23,HDFCLIFE,EQ,561.5,559.2,2018805,1222580,60.56
2026-09-23,HEROMOTOCO,EQ,5394.0,5373.0,304703,164008,53.83
2026-09-23,HINDALCO,EQ,1003.8,973.0,5158521,2908638,56.39
2026-09-23,HINDCOPPER,EQ,513.0,508.2,6140632,1911702,31.13
2026-09-23,HINDPETRO,EQ,360.0,360.7,1968247,886841,45.06
2026-09-23,HINDUNILVR,EQ,1950.0,1933.8,870342,558716,64.19
2026-09-23,ICICIBANK,EQ,1340.0,1339.6,4758314,2813317,59.12
2026-09-23,ICICIGI,EQ,1500.6,1480.0,708998,573264,80.86
2026-09-23,ICICIPRULI,EQ,484.5,486.65,750732,419501,55.88
2026-09-23,IDEA,EQ,14.52,14.27,272140999,79550020,29.23
2026-09-23,IDFCFIRSTB,EQ,87.9,85.37,64518343,30497881,47.27
2026-09-23,IEX,EQ,113.16,112.9,1437722,636173,44.25
2026-09-23,IGL,EQ,147.09,146.68,1211876,582132,48.04
2026-09-23,INDHOTEL,EQ,743.7,736.25,1295095,793604,61.28
2026-09-23,INDIACEM,EQ,340.05,340.65,112453,50765,45.14
2026-09-23,INDIAMART,EQ,1652.4,1635.2,71004,38852,54.72
2026-09-23,INDIGO,EQ,5028.5,5030.0,581998,405251,69.63
2026-09-23,INDUSINDBK,EQ,959.3,955.0,2626452,1817894,69.21
2026-09-23,INDUSTOWER,EQ,384.8,382.1,4979379,3461981,69.53
2026-09-23,INFY,EQ,1020.5,1029.4,5108734,3043550,59.58
2026-09-23,INTELLECT,EQ,668.05,647.75,549685,177678,32.32
2026-09-23,IOC,EQ,138.15,137.8,6601919,4309689,65.28
2026-09-23,IPCALAB,EQ,1962.6,1992.4,159445,82133,51.51
2026-09-23,IRCTC,EQ,463.8,469.65,920265,405712,44.09
2026-09-23,ITC,EQ,270.15,265.8,13142058,7798913,59.34
2026-09-23,JINDALSTEL,EQ,1175.3,1141.0,994851,214486,21.56
2026-09-23,JKCEMENT,EQ,5085.0,5104.0,61858,44096,71.29
2026-09-23,JSWSTEEL,EQ,1297.8,1267.0,1356042,590748,43.56
2026-09-23,JUBLFOOD,EQ,483.3,491.1,625258,294665,47.13
2026-09-23,KOTAKBANK,EQ,413.25,412.65,8628172,5620215,65.14
2026-09-23,LALPATHLAB,EQ,1924.3,1909.8,230347,129695,56.3
2026-09-23,LAURUSLABS,EQ,2034.0,2006.5,1363988,809944,59.38
2026-09-23,LICHSGFIN,EQ,572.5,565.0,3008551,1602817,53.28
2026-09-23,LT,EQ,3929.9,3866.4,945462,562252,59.47
2026-09-23,LTTS,EQ,3231.3,3293.6,48247,22289,46.2
2026-09-23,LUPIN,EQ,2102.8,2135.0,648814,434218,66.92
2026-09-23,M&M,EQ,3035.0,3044.5,2600352,1829712,70.36
2026-09-23,M&MFIN,EQ,348.6,352.4,672466,350733,52.16
2026-09-23,MANAPPURAM,EQ,320.4,319.3,3801599,2096323,55.14
2026-09-23,MARICO,EQ,832.3,830.0,836702,517331,61.83
2026-09-23,MARUTI,EQ,12230.0,12190.0,220483,106075,48.11
2026-09-23,MCX,EQ,3374.0,3262.6,2249890,935611,41.58
2026-09-23,METROPOLIS,EQ,585.5,592.4,218722,131145,59.96
2026-09-23,MFSL,EQ,1562.9,1554.2,324133,225018,69.42
2026-09-23,MGL,EQ,1092.8,1067.3,289762,83893,28.95
2026-09-23,MOTHERSON,EQ,164.4,161.77,7287266,3558796,48.84
2026-09-23,MPHASIS,EQ,2259.0,2265.0,219169,91334,41.67
2026-09-23,MRF,EQ,124580.0,124770.0,2354,1438,61.09
2026-09-23,MUTHOOTFIN,EQ,2856.5,2831.5,711064,422149,59.37
2026-09-23,NATIONALUM,EQ,363.45,352.2,6249209,3594224,57.51
2026-09-23,NAUKRI,EQ,1297.0,1304.0,1549637,882439,56.94
2026-09-23,NAVINFLUOR,EQ,8457.5,8438.0,173778,120441,69.31
2026-09-23,NESTLEIND,EQ,1387.2,1363.9,685984,426287,62.14
2026-09-23,NMDC,EQ,82.0,80.2,11699092,5422127,46.35
2026-09-23,NTPC,EQ,326.0,327.8,10525477,6514954,61.9
2026-09-23,OBEROIRLTY,EQ,1850.0,1845.6,389012,193414,49.72
2026-09-23,OFSS,EQ,10849.0,10989.0,174209,70940,40.72
2026-09-23,ONGC,EQ,236.9,236.13,8913385,6380774,71.59
2026-09-23,PAGEIND,EQ,37340.0,37150.0,17565,3612,20.56
2026-09-23,PERSISTENT,EQ,5240.0,5366.0,388889,135154,34.75
2026-09-23,PETRONET,EQ,285.85,281.75,1300396,812554,62.49
2026-09-23,PFC,EQ,346.0,345.8,11150266,7476330,67.05
2026-09-23,PIDILITIND,EQ,1588.1,1572.7,536262,315769,58.88
2026-09-23,PIIND,EQ,2386.0,2410.0,102874,38758,37.68
2026-09-23,PNB,EQ,118.3,117.0,12840968,6864635,53.46
2026-09-23,POLYCAB,EQ,8417.0,8350.0,226275,141269,62.43
2026-09-23,POWERGRID,EQ,270.2,265.95,6114433,4108460,67.19
2026-09-23,PVRINOX,EQ,1317.5,1334.8,481134,182260,37.88
2026-09-23,RAIN,EQ,221.86,219.54,2970299,1354069,45.59
2026-09-23,RAMCOCEM,EQ,885.05,883.5,237490,173870,73.21
2026-09-23,RBLBANK,EQ,428.0,423.2,3651779,1243168,34.04
2026-09-23,RECLTD,EQ,311.5,307.1,5448840,2890461,53.05
2026-09-23,RELIANCE,EQ,1248.0,1240.4,8352048,5575020,66.75
2026-09-23,SAIL,EQ,185.44,174.01,41615771,18184041,43.7
2026-09-23,SBICARD,EQ,635.0,634.95,461549,255452,55.35
2026-09-23,SBILIFE,EQ,1760.0,1756.3,513341,342729,66.76
2026-09-23,SBIN,EQ,994.1,987.0,4522248,2643995,58.47
2026-09-23,SHREECEM,EQ,22500.0,22200.0,10207,5014,49.12
2026-09-23,SHRIRAMFIN,EQ,1010.8,1006.0,2916356,1903240,65.26
2026-09-23,SIEMENS,EQ,3886.0,3858.0,133100,53668,40.32
2026-09-23,SRF,EQ,2550.0,2538.3,73197,38220,52.22
2026-09-23,SUNPHARMA,EQ,1865.0,1846.4,902514,655205,72.6
2026-09-23,SUNTV,EQ,490.2,490.1,1771617,1003242,56.63
2026-09-23,SYNGENE,EQ,381.85,377.5,369046,144607,39.18
2026-09-23,TATACHEM,EQ,669.9,674.0,1179765,397183,33.67
2026-09-23,TATACOMM,EQ,1700.6,1692.4,157911,101696,64.4
2026-09-23,TATACONSUM,EQ,994.3,984.1,850774,579363,68.1
2026-09-23,TATAPOWER,EQ,369.0,367.0,1418458,690118,48.65
2026-09-23,TATASTEEL,EQ,190.82,184.97,39798327,18533584,46.57
2026-09-23,TCS,EQ,2089.6,2105.0,2228402,1212713,54.42
2026-09-23,TECHM,EQ,1557.0,1551.6,851068,466585,54.82
2026-09-23,TITAN,EQ,4880.0,4928.5,769737,506955,65.86
2026-09-23,TORNTPHARM,EQ,4985.0,4935.0,309574,207506,67.03
2026-09-23,TRENT,EQ,2774.0,2782.9,839769,523154,62.3
2026-09-23,TVSMOTOR,EQ,4135.0,4140.0,862827,584907,67.79
2026-09-23,UBL,EQ,1242.3,1215.2,61203,29905,48.86
2026-09-23,ULTRACEMCO,EQ,11155.0,11000.0,218031,151470,69.47
2026-09-23,UPL,EQ,553.15,559.9,3211815,2214905,68.96
2026-09-23,VEDL,EQ,271.0,263.0,11735115,5817386,49.57
2026-09-23,VOLTAS,EQ,1130.0,1100.8,791314,192197,24.29
2026-09-23,WHIRLPOOL,EQ,865.25,721.05,10753329,1589323,14.78
2026-09-23,WIPRO,EQ,164.9,166.0,10856986,6155653,56.7
2026-09-23,ZEEL,EQ,77.28,78.21,13400743,3405295,25.41
2026-09-23,ZYDUSLIFE,EQ,1170.1,1162.3,1088359,632978,58.16
2026-09-24,AARTIIND,EQ,489.45,491.35,291316,138381,47.5
2026-09-24,ABB,EQ,7129.0,7120.0,141360,64136,45.37
2026-09-24,ABBOTINDIA,EQ,26860.0,26935.0,4496,1858,41.33
2026-09-24,ABCAPITAL,EQ,390.1,402.45,4053381,2290126,56.5
2026-09-24,ABFRL,EQ,48.06,49.09,5072424,2557825,50.43
2026-09-24,ACC,EQ,1236.1,1251.4,89640,58886,65.69
2026-09-24,ADANIENT,EQ,2900.0,2993.2,1082462,466774,43.12
2026-09-24,ADANIPORTS,EQ,1785.3,1807.3,1589739,1028458,64.69
2026-09-24,ALKEM,EQ,5326.0,5417.5,165474,51953,31.4
2026-09-24,AMBUJACEM,EQ,384.1,392.75,912389,388122,42.54
2026-09-24,APOLLOHOSP,EQ,8888.5,9069.0,383106,242630,63.33
2026-09-24,APOLLOTYRE,EQ,397.95,405.7,432811,203275,46.97
2026-09-24,ASHOKLEY,EQ,157.3,162.89,8138134,3893684,47.84
2026-09-24,ASIANPAINT,EQ,2392.7,2455.0,259577,136443,52.56
2026-09-24,ASTRAL,EQ,1392.0,1394.8,539189,334731,62.08
2026-09-24,ATUL,EQ,6135.5,6118.0,22896,13893,60.68
2026-09-24,AUBANK,EQ,1000.1,1053.0,3448868,1737714,50.39
2026-09-24,AUROPHARMA,EQ,1716.0,1721.5,819753,370956,45.25
2026-09-24,AXISBANK,EQ,1186.5,1243.2,10890660,5862610,53.83
2026-09-24,BAJAJ-AUTO,EQ,11208.0,11400.0,106766,42018,39.36
2026-09-24,BAJAJFINSV,EQ,1762.3,1846.5,1520045,817714,53.8
2026-09-24,BAJFINANCE,EQ,982.0,1043.2,13385656,7008277,52.36
2026-09-24,BALKRISIND,EQ,2167.8,2199.6,49847,27532,55.23
2026-09-24,BALRAMCHIN,EQ,659.4,676.4,578395,182830,31.61
2026-09-24,BANDHANBNK,EQ,182.9,191.38,19300035,7583944,39.29
2026-09-24,BANKBARODA,EQ,234.3,236.87,3751372,1621954,43.24
2026-09-24,BATAINDIA,EQ,627.0,637.2,89666,54407,60.68
2026-09-24,BEL,EQ,392.0,396.05,5841116,2933274,50.22
2026-09-24,BERGEPAINT,EQ,449.4,459.75,671583,429819,64.0
2026-09-24,BHARATFORG,EQ,1998.9,2004.0,1248669,729458,58.42
2026-09-24,BHARTIARTL,EQ,1795.8,1833.2,4567379,3225848,70.63
2026-09-24,BHEL,EQ,415.35,423.1,5474876,2423131,44.26
2026-09-24,BIOCON,EQ,387.0,395.0,1708424,886323,51.88
2026-09-24,BOSCHLTD,EQ,47750.0,47955.0,14604,5105,34.96
2026-09-24,BPCL,EQ,307.1,315.75,3225066,1717816,53.26
2026-09-24,BRITANNIA,EQ,4895.0,4929.0,184523,107204,58.1
2026-09-24,BSOFT,EQ,277.7,281.1,673742,310211,46.04
2026-09-24,CANBK,EQ,125.9,126.0,9112129,3384210,37.14
2026-09-24,CANFINHOME,EQ,743.15,757.95,224170,131387,58.61
2026-09-24,CHAMBLFERT,EQ,418.2,419.6,269494,133117,49.4
2026-09-24,CHOLAFIN,EQ,1681.7,1774.0,4152387,1893180,45.59
2026-09-24,CIPLA,EQ,1399.0,1383.0,1580784,499273,31.58
2026-09-24,COALINDIA,EQ,422.0,424.55,3565762,2197015,61.61
2026-09-24,COFORGE,EQ,1785.9,1782.4,1123720,464584,41.34
2026-09-24,COLPAL,EQ,1854.8,1886.7,374034,239512,64.03
2026-09-24,CONCOR,EQ,466.3,464.65,2952951,1386980,46.97
2026-09-24,COROMANDEL,EQ,1942.5,1956.0,368429,330837,89.8
2026-09-24,CROMPTON,EQ,219.8,223.43,1694754,638329,37.66
2026-09-24,CUB,EQ,220.52,225.34,3679351,2014975,54.76
2026-09-24,CUMMINSIND,EQ,4973.0,5010.0,164357,94115,57.26
2026-09-24,DABUR,EQ,385.7,387.4,836163,492987,58.96
2026-09-24,DALBHARAT,EQ,1721.2,1744.0,18355,9848,53.65
2026-09-24,DEEPAKNTR,EQ,1600.9,1635.8,90646,47278,52.16
2026-09-24,DELTACORP,EQ,72.68,68.65,28302261,5759870,20.35
2026-09-24,DIVISLAB,EQ,9602.0,9624.0,666667,392486,58.87
2026-09-24,DIXON,EQ,13299.0,13200.0,185172,67061,36.22
2026-09-24,DLF,EQ,670.4,675.0,5074007,2822910,55.63
2026-09-24,DRREDDY,EQ,1200.4,1211.2,1667696,1084475,65.03
2026-09-24,EICHERMOT,EQ,7338.5,7470.0,258170,150320,58.23
2026-09-24,ESCORTS,EQ,2822.9,2796.9,321127,161271,50.22
2026-09-24,EXIDEIND,EQ,426.55,425.95,3273879,853081,26.06
2026-09-24,FEDERALBNK,EQ,329.5,331.3,6031916,3243704,53.78
2026-09-24,GAIL,EQ,173.85,172.95,6183667,3820170,61.78
2026-09-24,GLENMARK,EQ,2430.4,2475.0,453221,244668,53.98
2026-09-24,GNFC,EQ,625.1,623.05,1155725,434557,37.6
2026-09-24,GODREJCP,EQ,875.0,879.75,692739,356275,51.43
2026-09-24,GODREJPROP,EQ,1671.2,1707.6,481036,234539,48.76
2026-09-24,GRANULES,EQ,853.0,860.25,327434,159996,48.86
2026-09-24,GRASIM,EQ,3166.5,3188.5,471338,251649,53.39
2026-09-24,HAL,EQ,4774.2,4836.0,357585,152459,42.64
2026-09-24,HAVELLS,EQ,1090.0,1096.5,374085,148573,39.72
2026-09-24,HCLTECH,EQ,1243.6,1256.7,822109,350113,42.59
2026-09-24,HDFCAMC,EQ,2380.3,2448.3,680651,430685,63.28
2026-09-24,HDFCBANK,EQ,728.9,737.25,29575194,16649331,56.29
2026-09-24,HDFCLIFE,EQ,526.9,561.5,17905953,6650472,37.14
2026-09-24,HEROMOTOCO,EQ,5296.0,5394.0,360294,176067,48.87
2026-09-24,HINDALCO,EQ,982.0,1003.8,4331000,2562796,59.17
2026-09-24,HINDCOPPER,EQ,495.7,513.0,5874882,2475898,42.14
2026-09-24,HINDPETRO,EQ,350.4,360.0,3088358,1726065,55.89
2026-09-24,HINDUNILVR,EQ,1933.5,1950.0,1257687,619760,49.28
2026-09-24,ICICIBANK,EQ,1334.5,1340.0,8653920,4860876,56.17
2026-09-24,ICICIGI,EQ,1577.0,1500.6,2743847,884799,32.25
2026-09-24,ICICIPRULI,EQ,464.5,484.5,7763087,3800027,48.95
2026-09-24,IDEA,EQ,14.12,14.52,364050771,105872945,29.08
2026-09-24,IDFCFIRSTB,EQ,83.76,87.9,40583451,22251266,54.83
2026-09-24,IEX,EQ,111.2,113.16,2660046,1486814,55.89
2026-09-24,IGL,EQ,145.74,147.09,1180776,746139,63.19
2026-09-24,INDHOTEL,EQ,728.8,743.7,1140542,652705,57.23
2026-09-24,INDIACEM,EQ,330.1,340.05,144709,75523,52.19
2026-09-24,INDIAMART,EQ,1635.9,1652.4,92462,45007,48.68
2026-09-24,INDIGO,EQ,4890.0,5028.5,570454,354097,62.07
2026-09-24,INDUSINDBK,EQ,919.5,959.3,5861520,2868352,48.94
2026-09-24,INDUSTOWER,EQ,379.85,384.8,3016883,1833221,60.77
2026-09-24,INFY,EQ,1014.5,1020.5,6891893,3913347,56.78
2026-09-24,INTELLECT,EQ,638.7,668.05,266408,137872,51.75
2026-09-24,IOC,EQ,136.27,138.15,7245913,4642281,64.07
2026-09-24,IPCALAB,EQ,1997.1,1962.6,272964,101094,37.04
2026-09-24,IRCTC,EQ,461.2,463.8,467961,218694,46.73
2026-09-24,ITC,EQ,268.0,270.15,7398276,4027148,54.43
2026-09-24,JINDALSTEL,EQ,1157.8,1175.3,598786,230041,38.42
2026-09-24,JKCEMENT,EQ,5184.5,5085.0,42384,19000,44.83
2026-09-24,JSWSTEEL,EQ,1273.2,1297.8,836579,430907,51.51
2026-09-24,JUBLFOOD,EQ,478.9,483.3,339592,107089,31.53
2026-09-24,KOTAKBANK,EQ,405.0,413.25,12799846,8346079,65.2
2026-09-24,LALPATHLAB,EQ,1961.3,1924.3,430163,176614,41.06
2026-09-24,LAURUSLABS,EQ,2026.2,2034.0,1388039,706124,50.87
2026-09-24,LICHSGFIN,EQ,564.25,572.5,1297709,556000,42.84
2026-09-24,LT,EQ,3858.4,3929.9,1649308,1014421,61.51
2026-09-24,LTTS,EQ,3209.1,3231.3,27363,11761,42.98
2026-09-24,LUPIN,EQ,2100.7,2102.8,533164,355182,66.62
2026-09-24,M&M,EQ,2982.7,3035.0,1903721,1170992,61.51
2026-09-24,M&MFIN,EQ,339.9,348.6,1834421,1008484,54.98
2026-09-24,MANAPPURAM,EQ,324.95,320.4,4674648,1837816,39.31
2026-09-24,MARICO,EQ,824.55,832.3,919851,582893,63.37
2026-09-24,MARUTI,EQ,11990.0,12230.0,393665,189841,48.22
2026-09-24,MCX,EQ,3427.7,3374.0,4133428,1323930,32.03
2026-09-24,METROPOLIS,EQ,582.95,585.5,143495,80345,55.99
2026-09-24,MFSL,EQ,1410.0,1562.9,11421840,5752789,50.37
2026-09-24,MGL,EQ,1079.6,1092.8,51860,29478,56.84
2026-09-24,MOTHERSON,EQ,162.5,164.4,22050862,15071278,68.35
2026-09-24,MPHASIS,EQ,2248.2,2259.0,151071,63148,41.8
2026-09-24,MRF,EQ,123985.0,124580.0,3125,1678,53.7
2026-09-24,MUTHOOTFIN,EQ,2825.3,2856.5,460320,236673,51.41
2026-09-24,NATIONALUM,EQ,358.4,363.45,3247810,1396720,43.0
2026-09-24,NAUKRI,EQ,1224.0,1297.0,3155710,1605785,50.89
2026-09-24,NAVINFLUOR,EQ,8461.0,8457.5,58189,30357,52.17
2026-09-24,NESTLEIND,EQ,1351.0,1387.2,800885,533379,66.6
2026-09-24,NMDC,EQ,80.82,82.0,5166455,2615120,50.62
2026-09-24,NTPC,EQ,326.6,326.0,7662580,4818261,62.88
2026-09-24,OBEROIRLTY,EQ,1837.5,1850.0,468799,241769,51.57
2026-09-24,OFSS,EQ,10925.0,10849.0,142508,48421,33.98
2026-09-24,ONGC,EQ,239.0,236.9,8493746,5301642,62.42
2026-09-24,PAGEIND,EQ,37500.0,37340.0,16407,5120,31.21
2026-09-24,PERSISTENT,EQ,5277.0,5240.0,411640,138780,33.71
2026-09-24,PETRONET,EQ,286.6,285.85,1049770,524671,49.98
2026-09-24,PFC,EQ,339.35,346.0,7953489,5096790,64.08
2026-09-24,PIDILITIND,EQ,1522.0,1588.1,1259222,715581,56.83
2026-09-24,PIIND,EQ,2393.5,2386.0,115568,46646,40.36
2026-09-24,PNB,EQ,117.12,118.3,10755825,4470569,41.56
2026-09-24,POLYCAB,EQ,8366.5,8417.0,237772,114187,48.02
2026-09-24,POWERGRID,EQ,266.4,270.2,8968993,5709613,63.66
2026-09-24,PVRINOX,EQ,1256.7,1317.5,673506,385302,57.21
2026-09-24,RAIN,EQ,218.23,221.86,4226826,2024008,47.88
2026-09-24,RAMCOCEM,EQ,872.1,885.05,91368,42575,46.6
2026-09-24,RBLBANK,EQ,412.75,428.0,7315903,2647703,36.19
2026-09-24,RECLTD,EQ,308.25,311.5,5871620,3158321,53.79
2026-09-24,RELIANCE,EQ,1219.2,1248.0,13923795,8532985,61.28
2026-09-24,SAIL,EQ,184.0,185.44,24815644,7493765,30.2
2026-09-24,SBICARD,EQ,618.4,635.0,1184379,524886,44.32
2026-09-24,SBILIFE,EQ,1755.0,1760.0,3449627,1782128,51.66
2026-09-24,SBIN,EQ,978.5,994.1,13724672,9938065,72.41
2026-09-24,SHREECEM,EQ,22350.0,22500.0,17131,5772,33.69
2026-09-24,SHRIRAMFIN,EQ,990.0,1010.8,4096126,2684380,65.53
2026-09-24,SIEMENS,EQ,3841.8,3886.0,199507,95549,47.89
2026-09-24,SRF,EQ,2533.8,2550.0,110060,43861,39.85
2026-09-24,SUNPHARMA,EQ,1849.9,1865.0,1742885,1090701,62.58
2026-09-24,SUNTV,EQ,512.7,490.2,3364719,574910,17.09
2026-09-24,SYNGENE,EQ,380.35,381.85,230354,104881,45.53
2026-09-24,TATACHEM,EQ,652.2,669.9,765531,292096,38.16
2026-09-24,TATACOMM,EQ,1670.0,1700.6,111964,76317,68.16
2026-09-24,TATACONSUM,EQ,986.3,994.3,1002889,684817,68.28
2026-09-24,TATAPOWER,EQ,363.45,369.0,2708315,1219508,45.03
2026-09-24,TATASTEEL,EQ,188.02,190.82,15701549,6718012,42.79
2026-09-24,TCS,EQ,2087.0,2089.6,1760662,770410,43.76
2026-09-24,TECHM,EQ,1543.0,1557.0,1707105,926971,54.3
2026-09-24,TITAN,EQ,4832.5,4880.0,504126,271588,53.87
2026-09-24,TORNTPHARM,EQ,4928.5,4985.0,255716,140297,54.86
2026-09-24,TRENT,EQ,2700.0,2774.0,556839,286223,51.4
2026-09-24,TVSMOTOR,EQ,4091.0,4135.0,933899,608128,65.12
2026-09-24,UBL,EQ,1270.2,1242.3,133103,70820,53.21
2026-09-24,ULTRACEMCO,EQ,11056.0,11155.0,304695,162131,53.21
2026-09-24,UPL,EQ,549.6,553.15,1278779,735778,57.54
2026-09-24,VEDL,EQ,267.5,271.0,5685750,3145012,55.31
2026-09-24,VOLTAS,EQ,1113.4,1130.0,530213,219522,41.4
2026-09-24,WHIRLPOOL,EQ,853.45,865.25,7497954,838701,11.19
2026-09-24,WIPRO,EQ,163.64,164.9,7033397,2595901,36.91
2026-09-24,ZEEL,EQ,78.17,77.28,14869768,4685490,31.51
2026-09-24,ZYDUSLIFE,EQ,1180.3,1170.1,1965875,1057657,53.8
2026-09-25,AARTIIND,EQ,489.25,489.45,302323,134418,44.46
2026-09-25,ABB,EQ,7052.5,7129.0,80574,29779,36.96
2026-09-25,ABBOTINDIA,EQ,26955.0,26860.0,2263,1096,48.43
2026-09-25,ABCAPITAL,EQ,390.0,390.1,2752305,1399798,50.86
2026-09-25,ABFRL,EQ,49.14,48.06,4619236,2610611,56.52
2026-09-25,ACC,EQ,1236.4,1236.1,45301,23107,51.01
2026-09-25,ADANIENT,EQ,2916.5,2900.0,570504,157646,27.63
2026-09-25,ADANIPORTS,EQ,1788.0,1785.3,895306,420134,46.93
2026-09-25,ALKEM,EQ,5274.0,5326.0,28742,11676,40.62
2026-09-25,AMBUJACEM,EQ,383.8,384.1,1180134,541688,45.9
2026-09-25,APOLLOHOSP,EQ,8889.0,8888.5,438457,312900,71.36
2026-09-25,APOLLOTYRE,EQ,400.1,397.95,316665,166264,52.5
2026-09-25,ASHOKLEY,EQ,159.08,157.3,10274172,5964873,58.06
2026-09-25,ASIANPAINT,EQ,2444.0,2392.7,426982,181390,42.48
2026-09-25,ASTRAL,EQ,1399.0,1392.0,358868,214753,59.84
2026-09-25,ATUL,EQ,6070.5,6135.5,15678,8799,56.12
2026-09-25,AUBANK,EQ,1018.0,1000.1,2524193,1480951,58.67
2026-09-25,AUROPHARMA,EQ,1712.0,1716.0,624705,288914,46.25
2026-09-25,AXISBANK,EQ,1222.4,1186.5,6923162,4061493,58.67
2026-09-25,BAJAJ-AUTO,EQ,11281.0,11208.0,121620,66018,54.28
2026-09-25,BAJAJFINSV,EQ,1771.0,1762.3,1419352,833133,58.7
2026-09-25,BAJFINANCE,EQ,996.9,982.0,5467794,3771749,68.98
2026-09-25,BALKRISIND,EQ,2185.3,2167.8,114990,61821,53.76
2026-09-25,BALRAMCHIN,EQ,685.8,659.4,4511284,483804,10.72
2026-09-25,BANDHANBNK,EQ,187.7,182.9,10120013,3860628,38.15
2026-09-25,BANKBARODA,EQ,235.26,234.3,2493756,1243103,49.85
2026-09-25,BATAINDIA,EQ,629.8,627.0,95375,41466,43.48
2026-09-25,BEL,EQ,393.55,392.0,6083441,3395315,55.81
2026-09-25,BERGEPAINT,EQ,458.35,449.4,219110,96385,43.99
2026-09-25,BHARATFORG,EQ,2008.0,1998.9,549393,314966,57.33
2026-09-25,BHARTIARTL,EQ,1785.4,1795.8,4766200,3460273,72.6
2026-09-25,BHEL,EQ,418.95,415.35,6852409,2948115,43.02
2026-09-25,BIOCON,EQ,382.15,387.0,2694397,1390773,51.62
2026-09-25,BOSCHLTD,EQ,48250.0,47750.0,18852,9359,49.64
2026-09-25,BPCL,EQ,308.5,307.1,1893466,985016,52.02
2026-09-25,BRITANNIA,EQ,4937.5,4895.0,107642,55383,51.45
2026-09-25,BSOFT,EQ,274.05,277.7,874041,418161,47.84
2026-09-25,CANBK,EQ,124.99,125.9,8341932,3929678,47.11
2026-09-25,CANFINHOME,EQ,753.25,743.15,352616,219484,62.24
2026-09-25,CHAMBLFERT,EQ,417.95,418.2,551322,319554,57.96
2026-09-25,CHOLAFIN,EQ,1662.7,1681.7,2878656,1803938,62.67
2026-09-25,CIPLA,EQ,1399.7,1399.0,1166527,422353,36.21
2026-09-25,COALINDIA,EQ,426.1,422.0,4798343,2790062,58.15
2026-09-25,COFORGE,EQ,1784.0,1785.9,803153,343978,42.83
2026-09-25,COLPAL,EQ,1855.8,1854.8,359623,197689,54.97
2026-09-25,CONCOR,EQ,461.5,466.3,704143,221333,31.43
2026-09-25,COROMANDEL,EQ,1963.9,1942.5,49460,23731,47.98
2026-09-25,CROMPTON,EQ,218.6,219.8,1374776,532495,38.73
2026-09-25,CUB,EQ,225.57,220.52,1484087,744880,50.19
2026-09-25,CUMMINSIND,EQ,4945.0,4973.0,337303,215891,64.01
2026-09-25,DABUR,EQ,385.6,385.7,690022,391166,56.69
2026-09-25,DALBHARAT,EQ,1700.2,1721.2,254282,175277,68.93
2026-09-25,DEEPAKNTR,EQ,1587.1,1600.9,69925,33440,47.82
2026-09-25,DELTACORP,EQ,76.84,72.68,26445158,4887142,18.48
2026-09-25,DIVISLAB,EQ,9619.5,9602.0,388859,268418,69.03
2026-09-25,DIXON,EQ,13390.0,13299.0,276046,91028,32.98
2026-09-25,DLF,EQ,683.0,670.4,3573018,1856744,51.97
2026-09-25,DRREDDY,EQ,1201.0,1200.4,1001238,611796,61.1
2026-09-25,EICHERMOT,EQ,7360.0,7338.5,201194,113360,56.34
2026-09-25,ESCORTS,EQ,2855.7,2822.9,42484,20035,47.16
2026-09-25,EXIDEIND,EQ,423.65,426.55,1864971,904854,48.52
2026-09-25,FEDERALBNK,EQ,322.0,329.5,6128694,2679356,43.72
2026-09-25,GAIL,EQ,172.7,173.85,5454851,3065459,56.2
2026-09-25,GLENMARK,EQ,2380.0,2430.4,785299,450492,57.37
2026-09-25,GNFC,EQ,630.3,625.1,1734397,937974,54.08
2026-09-25,GODREJCP,EQ,880.0,875.0,288234,138571,48.08
2026-09-25,GODREJPROP,EQ,1700.1,1671.2,273610,112993,41.3
2026-09-25,GRANULES,EQ,868.65,853.0,597420,280684,46.98
2026-09-25,GRASIM,EQ,3191.0,3166.5,773413,461742,59.7
2026-09-25,HAL,EQ,4800.0,4774.2,384467,190961,49.67
2026-09-25,HAVELLS,EQ,1096.5,1090.0,308307,150582,48.84
2026-09-25,HCLTECH,EQ,1258.0,1243.6,1568243,637460,40.65
2026-09-25,HDFCAMC,EQ,2378.0,2380.3,363424,212214,58.39
2026-09-25,HDFCBANK,EQ,735.6,728.9,19853034,12291121,61.91
2026-09-25,HDFCLIFE,EQ,531.0,526.9,4285606,1530444,35.71
2026-09-25,HEROMOTOCO,EQ,5360.0,5296.0,299598,152341,50.85
2026-09-25,HINDALCO,EQ,977.0,982.0,2469481,1485726,60.16
2026-09-25,HINDCOPPER,EQ,494.65,495.7,3649150,1252473,34.32
2026-09-25,HINDPETRO,EQ,351.0,350.4,4957719,3239499,65.34
2026-09-25,HINDUNILVR,EQ,1942.9,1933.5,732074,393977,53.82
2026-09-25,ICICIBANK,EQ,1326.8,1334.5,10841310,6632395,61.18
2026-09-25,ICICIGI,EQ,1553.7,1577.0,850179,439070,51.64
2026-09-25,ICICIPRULI,EQ,463.0,464.5,1121971,463736,41.33
2026-09-25,IDEA,EQ,14.26,14.12,309260435,110476443,35.72
2026-09-25,IDFCFIRSTB,EQ,83.8,83.76,20425204,10911151,53.42
2026-09-25,IEX,EQ,112.7,111.2,2079348,882789,42.46
2026-09-25,IGL,EQ,144.95,145.74,975286,596880,61.2
2026-09-25,INDHOTEL,EQ,726.8,728.8,1538596,975769,63.42
2026-09-25,INDIACEM,EQ,323.1,330.1,247095,76897,31.12
2026-09-25,INDIAMART,EQ,1642.1,1635.9,31410,19535,62.19
2026-09-25,INDIGO,EQ,4940.0,4890.0,408716,232868,56.98
2026-09-25,INDUSINDBK,EQ,912.2,919.5,1426025,694266,48.69
2026-09-25,INDUSTOWER,EQ,374.65,379.85,2952516,1871862,63.4
2026-09-25,INFY,EQ,1000.2,1014.5,10240700,5519877,53.9
2026-09-25,INTELLECT,EQ,633.05,638.7,218132,84178,38.59
2026-09-25,IOC,EQ,135.7,136.27,7769991,3803734,48.95
2026-09-25,IPCALAB,EQ,1970.8,1997.1,263825,145320,55.08
2026-09-25,IRCTC,EQ,458.7,461.2,362569,182403,50.31
2026-09-25,ITC,EQ,269.0,268.0,6240148,3496255,56.03
2026-09-25,JINDALSTEL,EQ,1164.8,1157.8,423334,143550,33.91
2026-09-25,JKCEMENT,EQ,5000.0,5184.5,23835,10752,45.11
2026-09-25,JSWSTEEL,EQ,1277.0,1273.2,1032391,615932,59.66
2026-09-25,JUBLFOOD,EQ,484.55,478.9,945073,412795,43.68
2026-09-25,KOTAKBANK,EQ,404.0,405.0,18175573,13329647,73.34
2026-09-25,LALPATHLAB,EQ,1952.3,1961.3,452137,151424,33.49
2026-09-25,LAURUSLABS,EQ,2007.0,2026.2,1442142,674813,46.79
2026-09-25,LICHSGFIN,EQ,566.0,564.25,1070523,484704,45.28
2026-09-25,LT,EQ,3876.2,3858.4,1230579,759705,61.74
2026-09-25,LTTS,EQ,3206.1,3209.1,23468,9685,41.27
2026-09-25,LUPIN,EQ,2092.0,2100.7,431672,259599,60.14
2026-09-25,M&M,EQ,3035.0,2982.7,2080300,1351546,64.97
2026-09-25,M&MFIN,EQ,333.1,339.9,1662139,862995,51.92
2026-09-25,MANAPPURAM,EQ,334.0,324.95,4493331,1741563,38.76
2026-09-25,MARICO,EQ,819.0,824.55,459905,244990,53.27
2026-09-25,MARUTI,EQ,12065.0,11990.0,283642,173044,61.01
2026-09-25,MCX,EQ,3324.9,3427.7,2386852,856654,35.89
2026-09-25,METROPOLIS,EQ,582.6,582.95,130509,71991,55.16
2026-09-25,MFSL,EQ,1458.0,1410.0,3617694,1481000,40.94
2026-09-25,MGL,EQ,1071.3,1079.6,104630,65429,62.53
2026-09-25,MOTHERSON,EQ,165.71,162.5,14239797,7291227,51.2
2026-09-25,MPHASIS,EQ,2234.0,2248.2,197680,63575,32.16
2026-09-25,MRF,EQ,124035.0,123985.0,2338,1244,53.21
2026-09-25,MUTHOOTFIN,EQ,2835.0,2825.3,312523,191336,61.22
2026-09-25,NATIONALUM,EQ,358.7,358.4,1869148,728866,38.99
2026-09-25,NAUKRI,EQ,1254.8,1224.0,1135428,396309,34.9
2026-09-25,NAVINFLUOR,EQ,8584.5,8461.0,107462,64971,60.46
2026-09-25,NESTLEIND,EQ,1362.6,1351.0,382857,201803,52.71
2026-09-25,NMDC,EQ,79.9,80.82,11080041,5263256,47.5
2026-09-25,NTPC,EQ,326.6,326.6,6075589,3755958,61.82
2026-09-25,OBEROIRLTY,EQ,1858.5,1837.5,638248,256745,40.23
2026-09-25,OFSS,EQ,10770.0,10925.0,545314,86646,15.89
2026-09-25,ONGC,EQ,235.86,239.0,5066494,2721372,53.71
2026-09-25,PAGEIND,EQ,37695.0,37500.0,15467,5725,37.01
2026-09-25,PERSISTENT,EQ,5372.0,5277.0,307915,85938,27.91
2026-09-25,PETRONET,EQ,286.5,286.6,880374,527975,59.97
2026-09-25,PFC,EQ,338.0,339.35,8623661,6233229,72.28
2026-09-25,PIDILITIND,EQ,1517.2,1522.0,503315,221595,44.03
2026-09-25,PIIND,EQ,2400.0,2393.5,446431,261485,58.57
2026-09-25,PNB,EQ,116.6,117.12,8069096,3859452,47.83
2026-09-25,POLYCAB,EQ,8408.5,8366.5,296612,158208,53.34
2026-09-25,POWERGRID,EQ,269.5,266.4,6241140,4018547,64.39
2026-09-25,PVRINOX,EQ,1254.6,1256.7,374832,153982,41.08
2026-09-25,RAIN,EQ,219.35,218.23,3244552,1200967,37.01
2026-09-25,RAMCOCEM,EQ,867.55,872.1,301245,197086,65.42
2026-09-25,RBLBANK,EQ,415.05,412.75,3419454,934260,27.32
2026-09-25,RECLTD,EQ,312.95,308.25,3896789,2218461,56.93
2026-09-25,RELIANCE,EQ,1226.0,1219.2,13138735,8311348,63.26
2026-09-25,SAIL,EQ,185.0,184.0,9681139,2541221,26.25
2026-09-25,SBICARD,EQ,611.2,618.4,1310548,663930,50.66
2026-09-25,SBILIFE,EQ,1742.0,1755.0,1018504,577919,56.74
2026-09-25,SBIN,EQ,983.0,978.5,3759097,1679428,44.68
2026-09-25,SHREECEM,EQ,22520.0,22350.0,10112,4295,42.47
2026-09-25,SHRIRAMFIN,EQ,994.1,990.0,2700614,1575759,58.35
2026-09-25,SIEMENS,EQ,3877.0,3841.8,80353,24430,30.4
2026-09-25,SRF,EQ,2540.0,2533.8,105615,29993,28.4
2026-09-25,SUNPHARMA,EQ,1852.2,1849.9,683246,402844,58.96
2026-09-25,SUNTV,EQ,513.2,512.7,791506,242280,30.61
2026-09-25,SYNGENE,EQ,378.7,380.35,177820,93806,52.75
2026-09-25,TATACHEM,EQ,643.75,652.2,1131484,376264,33.25
2026-09-25,TATACOMM,EQ,1666.5,1670.0,126901,63657,50.16
2026-09-25,TATACONSUM,EQ,983.2,986.3,885948,583547,65.87
2026-09-25,TATAPOWER,EQ,367.5,363.45,1727813,769980,44.56
2026-09-25,TATASTEEL,EQ,187.97,188.02,15890667,7417410,46.68
2026-09-25,TCS,EQ,2082.0,2087.0,3342195,1581726,47.33
2026-09-25,TECHM,EQ,1548.0,1543.0,939846,516051,54.91
2026-09-25,TITAN,EQ,4884.0,4832.5,368677,171981,46.65
2026-09-25,TORNTPHARM,EQ,4988.5,4928.5,386632,252493,65.31
2026-09-25,TRENT,EQ,2669.3,2700.0,1054993,543013,51.47
2026-09-25,TVSMOTOR,EQ,4157.3,4091.0,411326,245514,59.69
2026-09-25,UBL,EQ,1251.3,1270.2,168060,124744,74.23
2026-09-25,ULTRACEMCO,EQ,11155.0,11056.0,191155,106237,55.58
2026-09-25,UPL,EQ,550.05,549.6,2067628,1232257,59.6
2026-09-25,VEDL,EQ,266.35,267.5,3768892,1874383,49.73
2026-09-25,VOLTAS,EQ,1118.2,1113.4,368727,183854,49.86
2026-09-25,WHIRLPOOL,EQ,918.9,853.45,27943285,1546571,5.53
2026-09-25,WIPRO,EQ,164.02,163.64,9700283,4782890,49.31
2026-09-25,ZEEL,EQ,76.87,78.17,8793820,2939649,33.43
2026-09-25,ZYDUSLIFE,EQ,1203.9,1180.3,1991779,836167,41.98
2026-09-28,AARTIIND,EQ,476.6,489.25,270786,137436,50.75
2026-09-28,ABB,EQ,6972.5,7052.5,209202,110373,52.76
2026-09-28,ABBOTINDIA,EQ,26740.0,26955.0,5515,2541,46.07
2026-09-28,ABCAPITAL,EQ,382.7,390.0,1840670,903159,49.07
2026-09-28,ABFRL,EQ,47.59,49.14,3614922,1676436,46.38
2026-09-28,ACC,EQ,1213.5,1236.4,151619,103283,68.12
2026-09-28,ADANIENT,EQ,2831.1,2916.5,1259525,534014,42.4
2026-09-28,ADANIPORTS,EQ,1743.7,1788.0,1262576,718074,56.87
2026-09-28,ALKEM,EQ,5175.0,5274.0,101714,52250,51.37
2026-09-28,AMBUJACEM,EQ,374.35,383.8,1653664,765609,46.3
2026-09-28,APOLLOHOSP,EQ,8860.0,8889.0,429429,284944,66.35
2026-09-28,APOLLOTYRE,EQ,389.6,400.1,453772,251444,55.41
2026-09-28,ASHOKLEY,EQ,155.22,159.08,12214126,7040282,57.64
2026-09-28,ASIANPAINT,EQ,2420.0,2444.0,1097754,803527,73.2
2026-09-28,ASTRAL,EQ,1370.5,1399.0,233641,106314,45.5
2026-09-28,ATUL,EQ,5991.0,6070.5,22706,12358,54.43
2026-09-28,AUBANK,EQ,995.3,1018.0,1347711,830137,61.6
2026-09-28,AUROPHARMA,EQ,1697.5,1712.0,657590,389437,59.22
2026-09-28,AXISBANK,EQ,1209.9,1222.4,4771499,2822944,59.16
2026-09-28,BAJAJ-AUTO,EQ,11024.0,11281.0,241334,139681,57.88
2026-09-28,BAJAJFINSV,EQ,1752.0,1771.0,536952,275968,51.4
2026-09-28,BAJFINANCE,EQ,985.0,996.9,7707443,5345118,69.35
2026-09-28,BALKRISIND,EQ,2153.8,2185.3,74316,46092,62.02
2026-09-28,BALRAMCHIN,EQ,680.7,685.8,1951668,338613,17.35
2026-09-28,BANDHANBNK,EQ,181.0,187.7,8979766,3492325,38.89
2026-09-28,BANKBARODA,EQ,227.5,235.26,7031453,3679245,52.33
2026-09-28,BATAINDIA,EQ,624.7,629.8,118577,49265,41.55
2026-09-28,BEL,EQ,385.5,393.55,11661372,7268410,62.33
2026-09-28,BERGEPAINT,EQ,452.85,458.35,354792,190441,53.68
2026-09-28,BHARATFORG,EQ,1957.0,2008.0,583093,357641,61.34
2026-09-28,BHARTIARTL,EQ,1771.4,1785.4,4683537,3045809,65.03
2026-09-28,BHEL,EQ,411.9,418.95,7754932,3633503,46.85
2026-09-28,BIOCON,EQ,374.9,382.15,2233035,1031765,46.2
2026-09-28,BOSCHLTD,EQ,47020.0,48250.0,15211,7252,47.68
2026-09-28,BPCL,EQ,302.25,308.5,2813265,1670364,59.37
2026-09-28,BRITANNIA,EQ,4915.0,4937.5,305787,202745,66.3
2026-09-28,BSOFT,EQ,271.25,274.05,1023070,497857,48.66
2026-09-28,CANBK,EQ,120.65,124.99,16272294,9355821,57.5
2026-09-28,CANFINHOME,EQ,737.6,753.25,105181,57297,54.47
2026-09-28,CHAMBLFERT,EQ,418.45,417.95,399648,209507,52.42
2026-09-28,CHOLAFIN,EQ,1634.2,1662.7,1194338,705881,59.1
2026-09-28,CIPLA,EQ,1383.7,1399.7,711020,391398,55.05
2026-09-28,COALINDIA,EQ,422.5,426.1,5492668,2932180,53.38
2026-09-28,COFORGE,EQ,1773.0,1784.0,1102782,530747,48.13
2026-09-28,COLPAL,EQ,1845.9,1855.8,427586,267622,62.59
2026-09-28,CONCOR,EQ,450.0,461.5,874795,400641,45.8
2026-09-28,COROMANDEL,EQ,1899.1,1963.9,58461,28268,48.35
2026-09-28,CROMPTON,EQ,218.8,218.6,2511271,1038549,41.36
2026-09-28,CUB,EQ,215.99,225.57,4824507,2407507,49.9
2026-09-28,CUMMINSIND,EQ,4855.0,4945.0,469449,324615,69.15
2026-09-28,DABUR,EQ,385.75,385.6,2851715,2079717,72.93
2026-09-28,DALBHARAT,EQ,1651.6,1700.2,91040,62762,68.94
2026-09-28,DEEPAKNTR,EQ,1550.8,1587.1,100481,64492,64.18
2026-09-28,DELTACORP,EQ,72.2,76.84,13847267,3957767,28.58
2026-09-28,DIVISLAB,EQ,9550.0,9619.5,380253,233836,61.49
2026-09-28,DIXON,EQ,13640.0,13390.0,571209,258513,45.26
2026-09-28,DLF,EQ,663.55,683.0,2765032,1285468,46.49
2026-09-28,DRREDDY,EQ,1221.0,1201.0,3401676,1699168,49.95
2026-09-28,EICHERMOT,EQ,7213.5,7360.0,423079,271217,64.11
2026-09-28,ESCORTS,EQ,2740.7,2855.7,98486,57131,58.01
2026-09-28,EXIDEIND,EQ,411.75,423.65,946136,425309,44.95
2026-09-28,FEDERALBNK,EQ,325.0,322.0,7819379,4291444,54.88
2026-09-28,GAIL,EQ,172.45,172.7,11202821,6982681,62.33
2026-09-28,GLENMARK,EQ,2325.7,2380.0,985878,528698,53.63
2026-09-28,GNFC,EQ,620.65,630.3,495792,251478,50.72
2026-09-28,GODREJCP,EQ,868.0,880.0,1193447,703738,58.97
2026-09-28,GODREJPROP,EQ,1669.8,1700.1,422392,165265,39.13
2026-09-28,GRANULES,EQ,851.4,868.65,457582,267173,58.39
2026-09-28,GRASIM,EQ,3150.0,3191.0,746885,464561,62.2
2026-09-28,HAL,EQ,4738.0,4800.0,810334,530977,65.53
2026-09-28,HAVELLS,EQ,1085.0,1096.5,735161,391693,53.28
2026-09-28,HCLTECH,EQ,1252.6,1258.0,2272247,1291238,56.83
2026-09-28,HDFCAMC,EQ,2302.3,2378.0,877414,551340,62.84
2026-09-28,HDFCBANK,EQ,719.05,735.6,21675579,12480352,57.58
2026-09-28,HDFCLIFE,EQ,531.6,531.0,2307139,935818,40.56
2026-09-28,HEROMOTOCO,EQ,5390.0,5360.0,340540,192342,56.48
2026-09-28,HINDALCO,EQ,955.9,977.0,3354458,1759083,52.44
2026-09-28,HINDCOPPER,EQ,479.6,494.65,6075956,2791997,45.95
2026-09-28,HINDPETRO,EQ,342.45,351.0,4062685,2240038,55.14
2026-09-28,HINDUNILVR,EQ,1896.0,1942.9,1852879,1189853,64.22
2026-09-28,ICICIBANK,EQ,1302.0,1326.8,6327946,3824533,60.44
2026-09-28,ICICIGI,EQ,1540.0,1553.7,453608,263819,58.16
2026-09-28,ICICIPRULI,EQ,458.7,463.0,1352420,754560,55.79
2026-09-28,IDEA,EQ,13.47,14.26,500546584,169938914,33.95
2026-09-28,IDFCFIRSTB,EQ,80.55,83.8,21063238,11228116,53.31
2026-09-28,IEX,EQ,111.35,112.7,2050585,896901,43.74
2026-09-28,IGL,EQ,143.44,144.95,1200707,677410,56.42
2026-09-28,INDHOTEL,EQ,711.0,726.8,2741065,1841575,67.18
2026-09-28,INDIACEM,EQ,312.4,323.1,151875,61560,40.53
2026-09-28,INDIAMART,EQ,1637.0,1642.1,30046,15528,51.68
2026-09-28,INDIGO,EQ,4874.5,4940.0,547789,284227,51.89
2026-09-28,INDUSINDBK,EQ,909.7,912.2,1794894,897331,49.99
2026-09-28,INDUSTOWER,EQ,360.0,374.65,6106607,2908745,47.63
2026-09-28,INFY,EQ,1003.2,1000.2,8567672,4476217,52.25
2026-09-28,INTELLECT,EQ,631.55,633.05,209648,103205,49.23
2026-09-28,IOC,EQ,133.32,135.7,5538248,2997501,54.12
2026-09-28,IPCALAB,EQ,1919.3,1970.8,170123,108038,63.51
2026-09-28,IRCTC,EQ,453.5,458.7,368467,212314,57.62
2026-09-28,ITC,EQ,265.2,269.0,7863377,4783147,60.83
2026-09-28,JINDALSTEL,EQ,1139.6,1164.8,713950,384619,53.87
2026-09-28,JKCEMENT,EQ,4993.5,5000.0,13802,5451,39.49
2026-09-28,JSWSTEEL,EQ,1264.1,1277.0,1216506,658383,54.12
2026-09-28,JUBLFOOD,EQ,478.7,484.55,1167993,614820,52.64
2026-09-28,KOTAKBANK,EQ,401.55,404.0,15062655,10168792,67.51
2026-09-28,LALPATHLAB,EQ,1942.1,1952.3,137296,69423,50.56
2026-09-28,LAURUSLABS,EQ,2010.7,2007.0,950451,471563,49.61
2026-09-28,LICHSGFIN,EQ,564.15,566.0,2923229,1327318,45.41
2026-09-28,LT,EQ,3766.4,3876.2,1361601,787250,57.82
2026-09-28,LTTS,EQ,3211.6,3206.1,35810,17594,49.13
2026-09-28,LUPIN,EQ,2062.0,2092.0,529550,307246,58.02
2026-09-28,M&M,EQ,2995.0,3035.0,2078624,1365246,65.68
2026-09-28,M&MFIN,EQ,331.75,333.1,763309,367105,48.09
2026-09-28,MANAPPURAM,EQ,313.0,334.0,8621230,3412915,39.59
2026-09-28,MARICO,EQ,813.25,819.0,1076911,654381,60.76
2026-09-28,MARUTI,EQ,12008.0,12065.0,301830,161985,53.67
2026-09-28,MCX,EQ,3263.5,3324.9,1090601,431641,39.58
2026-09-28,METROPOLIS,EQ,572.3,582.6,94505,51552,54.55
2026-09-28,MFSL,EQ,1444.0,1458.0,455773,192088,42.15
2026-09-28,MGL,EQ,1048.8,1071.3,135973,71510,52.59
2026-09-28,MOTHERSON,EQ,162.37,165.71,9738841,4700012,48.26
2026-09-28,MPHASIS,EQ,2237.5,2234.0,310054,148004,47.73
2026-09-28,MRF,EQ,123425.0,124035.0,1620,857,52.9
2026-09-28,MUTHOOTFIN,EQ,2760.0,2835.0,804121,406431,50.54
2026-09-28,NATIONALUM,EQ,349.0,358.7,7127278,2881854,40.43
2026-09-28,NAUKRI,EQ,1253.9,1254.8,1070424,573362,53.56
2026-09-28,NAVINFLUOR,EQ,8432.5,8584.5,44157,28216,63.9
2026-09-28,NESTLEIND,EQ,1346.0,1362.6,702425,471037,67.06
2026-09-28,NMDC,EQ,77.43,79.9,24084137,14931259,62.0
2026-09-28,NTPC,EQ,321.1,326.6,5982092,3388168,56.64
2026-09-28,OBEROIRLTY,EQ,1830.0,1858.5,364239,167622,46.02
2026-09-28,OFSS,EQ,10800.0,10770.0,194825,64346,33.03
2026-09-28,ONGC,EQ,230.0,235.86,9819757,5851025,59.58
2026-09-28,PAGEIND,EQ,37500.0,37695.0,15742,7606,48.32
2026-09-28,PERSISTENT,EQ,5328.5,5372.0,335528,138283,41.21
2026-09-28,PETRONET,EQ,289.85,286.5,2937411,1299657,44.24
2026-09-28,PFC,EQ,330.0,338.0,10003097,6120734,61.19
2026-09-28,PIDILITIND,EQ,1503.0,1517.2,585752,323383,55.21
2026-09-28,PIIND,EQ,2349.0,2400.0,113053,43489,38.47
2026-09-28,PNB,EQ,112.6,116.6,14250157,7298960,51.22
2026-09-28,POLYCAB,EQ,8191.0,8408.5,274844,140387,51.08
2026-09-28,POWERGRID,EQ,261.85,269.5,10278456,6956394,67.68
2026-09-28,PVRINOX,EQ,1225.0,1254.6,396422,205462,51.83
2026-09-28,RAIN,EQ,215.45,219.35,2291717,1039425,45.36
2026-09-28,RAMCOCEM,EQ,848.65,867.55,76181,35075,46.04
2026-09-28,RBLBANK,EQ,407.0,415.05,1955370,782506,40.02
2026-09-28,RECLTD,EQ,303.25,312.95,6245559,3150774,50.45
2026-09-28,RELIANCE,EQ,1197.6,1226.0,13602349,9461665,69.56
2026-09-28,SAIL,EQ,184.2,185.0,14311000,4543906,31.75
2026-09-28,SBICARD,EQ,591.0,611.2,1388562,687062,49.48
2026-09-28,SBILIFE,EQ,1728.1,1742.0,1337514,782823,58.53
2026-09-28,SBIN,EQ,962.0,983.0,9846646,6098244,61.93
2026-09-28,SHREECEM,EQ,22170.0,22520.0,17002,9138,53.75
2026-09-28,SHRIRAMFIN,EQ,976.3,994.1,4953660,3364440,67.92
2026-09-28,SIEMENS,EQ,3785.5,3877.0,180360,90158,49.99
2026-09-28,SRF,EQ,2491.5,2540.0,183054,91242,49.84
2026-09-28,SUNPHARMA,EQ,1838.0,1852.2,947719,609524,64.31
2026-09-28,SUNTV,EQ,519.9,513.2,1271129,361134,28.41
2026-09-28,SYNGENE,EQ,376.0,378.7,271472,157021,57.84
2026-09-28,TATACHEM,EQ,641.45,643.75,2286959,497688,21.76
2026-09-28,TATACOMM,EQ,1655.3,1666.5,145808,82053,56.27
2026-09-28,TATACONSUM,EQ,960.0,983.2,1307916,718660,54.95
2026-09-28,TATAPOWER,EQ,361.9,367.5,2982387,1421227,47.65
2026-09-28,TATASTEEL,EQ,186.3,187.97,13628891,5216873,38.28
2026-09-28,TCS,EQ,2070.7,2082.0,2457049,1025136,41.72
2026-09-28,TECHM,EQ,1542.2,1548.0,1261918,743278,58.9
2026-09-28,TITAN,EQ,4819.5,4884.0,632938,414613,65.51
2026-09-28,TORNTPHARM,EQ,4869.0,4988.5,402847,285004,70.75
2026-09-28,TRENT,EQ,2626.0,2669.3,636905,357657,56.16
2026-09-28,TVSMOTOR,EQ,4095.0,4157.3,574256,359060,62.53
2026-09-28,UBL,EQ,1217.4,1251.3,42919,20252,47.19
2026-09-28,ULTRACEMCO,EQ,11025.0,11155.0,331811,204344,61.58
2026-09-28,UPL,EQ,549.5,550.05,1557384,947633,60.85
2026-09-28,VEDL,EQ,259.0,266.35,7437078,3738929,50.27
2026-09-28,VOLTAS,EQ,1135.5,1118.2,933414,217715,23.32
2026-09-28,WHIRLPOOL,EQ,917.1,918.9,4140030,393723,9.51
2026-09-28,WIPRO,EQ,161.56,164.02,10309220,4426063,42.93
2026-09-28,ZEEL,EQ,76.5,76.87,11131489,3538856,31.79
2026-09-28,ZYDUSLIFE,EQ,1215.0,1203.9,3986338,1613630,40.48
2026-09-29,AARTIIND,EQ,469.9,476.6,392844,183419,46.69
2026-09-29,ABB,EQ,6660.5,6972.5,213768,104538,48.9
2026-09-29,ABBOTINDIA,EQ,27270.0,26740.0,20582,6839,33.23
2026-09-29,ABCAPITAL,EQ,378.0,382.7,4503197,2765396,61.41
2026-09-29,ABFRL,EQ,46.24,47.59,12856547,6909597,53.74
2026-09-29,ACC,EQ,1202.6,1213.5,731645,460648,62.96
2026-09-29,ADANIENT,EQ,2972.9,2831.1,4062231,2751041,67.72
2026-09-29,ADANIPORTS,EQ,1822.0,1743.7,4214197,2982330,70.77
2026-09-29,ALKEM,EQ,5250.0,5175.0,244410,126663,51.82
2026-09-29,AMBUJACEM,EQ,365.75,374.35,1769537,828319,46.81
2026-09-29,APOLLOHOSP,EQ,8659.0,8860.0,609210,403816,66.29
2026-09-29,APOLLOTYRE,EQ,406.75,389.6,5125753,3019547,58.91
2026-09-29,ASHOKLEY,EQ,153.44,155.22,14351744,7500104,52.26
2026-09-29,ASIANPAINT,EQ,2415.0,2420.0,909789,622435,68.42
2026-09-29,ASTRAL,EQ,1375.0,1370.5,933913,548381,58.72
2026-09-29,ATUL,EQ,5982.5,5991.0,30980,16168,52.19
2026-09-29,AUBANK,EQ,1005.2,995.3,1870471,1123487,60.06
2026-09-29,AUROPHARMA,EQ,1697.7,1697.5,1159038,751145,64.81
2026-09-29,AXISBANK,EQ,1212.1,1209.9,7260302,4692570,64.63
2026-09-29,BAJAJ-AUTO,EQ,10811.0,11024.0,527929,321611,60.92
2026-09-29,BAJAJFINSV,EQ,1742.4,1752.0,858895,561831,65.41
2026-09-29,BAJFINANCE,EQ,973.8,985.0,8612123,5835954,67.76
2026-09-29,BALKRISIND,EQ,2126.2,2153.8,142506,79218,55.59
2026-09-29,BALRAMCHIN,EQ,672.9,680.7,602496,124280,20.63
2026-09-29,BANDHANBNK,EQ,185.31,181.0,9533177,4159924,43.64
2026-09-29,BANKBARODA,EQ,227.68,227.5,7198395,2863540,39.78
2026-09-29,BATAINDIA,EQ,620.35,624.7,137084,65086,47.48
2026-09-29,BEL,EQ,387.75,385.5,13517154,9574623,70.83
2026-09-29,BERGEPAINT,EQ,448.2,452.85,610722,429756,70.37
2026-09-29,BHARATFORG,EQ,1942.0,1957.0,1101271,658367,59.78
2026-09-29,BHARTIARTL,EQ,1771.2,1771.4,9811381,7115256,72.52
2026-09-29,BHEL,EQ,413.35,411.9,6607415,2975954,45.04
2026-09-29,BIOCON,EQ,377.0,374.9,2779766,1252307,45.05
2026-09-29,BOSCHLTD,EQ,45700.0,47020.0,14828,6531,44.05
2026-09-29,BPCL,EQ,299.35,302.25,4538466,2815202,62.03
2026-09-29,BRITANNIA,EQ,4835.0,4915.0,524981,311912,59.41
2026-09-29,BSOFT,EQ,269.05,271.25,916800,376343,41.05
2026-09-29,CANBK,EQ,119.51,120.65,20596639,10071078,48.9
2026-09-29,CANFINHOME,EQ,731.7,737.6,182975,104316,57.01
2026-09-29,CHAMBLFERT,EQ,413.55,418.45,665522,482033,72.43
2026-09-29,CHOLAFIN,EQ,1627.3,1634.2,1489025,848738,57.0
2026-09-29,CIPLA,EQ,1379.3,1383.7,1479526,924048,62.46
2026-09-29,COALINDIA,EQ,425.0,422.5,7457218,4836141,64.85
2026-09-29,COFORGE,EQ,1722.0,1773.0,1932111,919338,47.58
2026-09-29,COLPAL,EQ,1785.1,1845.9,262461,162033,61.74
2026-09-29,CONCOR,EQ,443.5,450.0,1737443,826682,47.58
2026-09-29,COROMANDEL,EQ,1792.9,1899.1,374773,233107,62.2
2026-09-29,CROMPTON,EQ,211.37,218.8,5902708,3148515,53.34
2026-09-29,CUB,EQ,214.91,215.99,1556485,829888,53.32
2026-09-29,CUMMINSIND,EQ,4800.0,4855.0,796818,522546,65.58
2026-09-29,DABUR,EQ,380.4,385.75,6185956,4077755,65.92
2026-09-29,DALBHARAT,EQ,1637.4,1651.6,51490,30065,58.39
2026-09-29,DEEPAKNTR,EQ,1529.0,1550.8,187781,102329,54.49
2026-09-29,DELTACORP,EQ,78.69,72.2,12538926,3532408,28.17
2026-09-29,DIVISLAB,EQ,9431.0,9550.0,652089,477375,73.21
2026-09-29,DIXON,EQ,13250.0,13640.0,305508,100192,32.8
2026-09-29,DLF,EQ,653.0,663.55,4736174,2827767,59.71
2026-09-29,DRREDDY,EQ,1251.9,1221.0,5347128,2450987,45.84
2026-09-29,EICHERMOT,EQ,7179.0,7213.5,596560,405924,68.04
2026-09-29,ESCORTS,EQ,2706.2,2740.7,40955,23699,57.87
2026-09-29,EXIDEIND,EQ,407.0,411.75,2034310,896159,44.05
2026-09-29,FEDERALBNK,EQ,320.2,325.0,9570469,5948294,62.15
2026-09-29,GAIL,EQ,170.04,172.45,12119087,7854635,64.81
2026-09-29,GLENMARK,EQ,2441.5,2325.7,1277155,839781,65.75
2026-09-29,GNFC,EQ,611.5,620.65,588636,275950,46.88
2026-09-29,GODREJCP,EQ,855.0,868.0,1360604,728925,53.57
2026-09-29,GODREJPROP,EQ,1634.4,1669.8,410924,208984,50.86
2026-09-29,GRANULES,EQ,866.75,851.4,1132457,587549,51.88
2026-09-29,GRASIM,EQ,3100.0,3150.0,1153762,749930,65.0
2026-09-29,HAL,EQ,4549.3,4738.0,1096291,770580,70.29
2026-09-29,HAVELLS,EQ,1043.3,1085.0,1014330,530909,52.34
2026-09-29,HCLTECH,EQ,1222.0,1252.6,5604932,3919100,69.92
2026-09-29,HDFCAMC,EQ,2223.3,2302.3,1311015,895472,68.3
2026-09-29,HDFCBANK,EQ,722.7,719.05,42755901,27394310,64.07
2026-09-29,HDFCLIFE,EQ,523.55,531.6,7693601,5047562,65.61
2026-09-29,HEROMOTOCO,EQ,5208.0,5390.0,681672,435745,63.92
2026-09-29,HINDALCO,EQ,955.2,955.9,5092531,3280214,64.41
2026-09-29,HINDCOPPER,EQ,474.35,479.6,9198111,5047978,54.88
2026-09-29,HINDPETRO,EQ,349.2,342.45,4074720,2022024,49.62
2026-09-29,HINDUNILVR,EQ,1863.8,1896.0,2057852,1360824,66.13
2026-09-29,ICICIBANK,EQ,1292.2,1302.0,14811396,10452543,70.57
2026-09-29,ICICIGI,EQ,1515.0,1540.0,756660,429986,56.83
2026-09-29,ICICIPRULI,EQ,444.55,458.7,2919254,1300279,44.54
2026-09-29,IDEA,EQ,13.56,13.47,1150179404,663435062,57.68
2026-09-29,IDFCFIRSTB,EQ,79.46,80.55,36206575,21054689,58.15
2026-09-29,IEX,EQ,106.39,111.35,7359823,3756042,51.03
2026-09-29,IGL,EQ,142.02,143.44,3801920,1811415,47.64
2026-09-29,INDHOTEL,EQ,714.35,711.0,26142773,20196083,77.25
2026-09-29,INDIACEM,EQ,303.7,312.4,130348,66530,51.04
2026-09-29,INDIAMART,EQ,1612.9,1637.0,69706,45277,64.95
2026-09-29,INDIGO,EQ,4872.0,4874.5,409270,231612,56.59
2026-09-29,INDUSINDBK,EQ,878.0,909.7,3205911,2064779,64.41
2026-09-29,INDUSTOWER,EQ,367.55,360.0,8836110,4344795,49.17
2026-09-29,INFY,EQ,1015.4,1003.2,12992711,8332513,64.13
2026-09-29,INTELLECT,EQ,613.25,631.55,262246,126625,48.28
2026-09-29,IOC,EQ,131.33,133.32,10116269,5536542,54.73
2026-09-29,IPCALAB,EQ,1938.1,1919.3,246042,121687,49.46
2026-09-29,IRCTC,EQ,452.55,453.5,645641,329024,50.96
2026-09-29,ITC,EQ,265.1,265.2,14419948,10034744,69.59
2026-09-29,JINDALSTEL,EQ,1130.0,1139.6,760609,415288,54.6
2026-09-29,JKCEMENT,EQ,4824.5,4993.5,29444,17345,58.91
2026-09-29,JSWSTEEL,EQ,1272.4,1264.1,2499215,1702154,68.11
2026-09-29,JUBLFOOD,EQ,463.0,478.7,2376051,839013,35.31
2026-09-29,KOTAKBANK,EQ,406.0,401.55,32613940,24743358,75.87
2026-09-29,LALPATHLAB,EQ,1950.4,1942.1,401450,235934,58.77
2026-09-29,LAURUSLABS,EQ,1979.0,2010.7,2431575,1498906,61.64
2026-09-29,LICHSGFIN,EQ,548.5,564.15,2870480,1430540,49.84
2026-09-29,LT,EQ,3749.1,3766.4,2546475,1651943,64.87
2026-09-29,LTTS,EQ,3081.6,3211.6,114793,55221,48.1
2026-09-29,LUPIN,EQ,2052.1,2062.0,942745,484588,51.4
2026-09-29,M&M,EQ,2947.8,2995.0,3270487,2067736,63.22
2026-09-29,M&MFIN,EQ,328.05,331.75,1791118,1069181,59.69
2026-09-29,MANAPPURAM,EQ,316.45,313.0,9763639,3282797,33.62
2026-09-29,MARICO,EQ,787.15,813.25,1626109,907583,55.81
2026-09-29,MARUTI,EQ,11877.0,12008.0,519770,260314,50.08
2026-09-29,MCX,EQ,3232.0,3263.5,2094968,996827,47.58
2026-09-29,METROPOLIS,EQ,562.3,572.3,249077,150973,60.61
2026-09-29,MFSL,EQ,1392.4,1444.0,955322,429239,44.93
2026-09-29,MGL,EQ,1050.5,1048.8,113670,60524,53.25
2026-09-29,MOTHERSON,EQ,158.56,162.37,14156331,8085155,57.11
2026-09-29,MPHASIS,EQ,2154.4,2237.5,420858,272925,64.85
2026-09-29,MRF,EQ,123080.0,123425.0,2824,1277,45.22
2026-09-29,MUTHOOTFIN,EQ,2736.8,2760.0,1190791,749956,62.98
2026-09-29,NATIONALUM,EQ,346.65,349.0,7334608,3969801,54.12
2026-09-29,NAUKRI,EQ,1245.0,1253.9,1242585,677296,54.51
2026-09-29,NAVINFLUOR,EQ,8234.5,8432.5,136712,78469,57.4
2026-09-29,NESTLEIND,EQ,1345.7,1346.0,1748621,1244825,71.19
2026-09-29,NMDC,EQ,77.0,77.43,19014554,11547273,60.73
2026-09-29,NTPC,EQ,323.5,321.1,11956206,7965519,66.62
2026-09-29,OBEROIRLTY,EQ,1762.9,1830.0,395959,226879,57.3
2026-09-29,OFSS,EQ,10406.0,10800.0,181154,77981,43.05
2026-09-29,ONGC,EQ,230.0,230.0,13380638,8963790,66.99
2026-09-29,PAGEIND,EQ,36580.0,37500.0,25120,11436,45.53
2026-09-29,PERSISTENT,EQ,5162.0,5328.5,294063,138178,46.99
2026-09-29,PETRONET,EQ,282.95,289.85,2819999,1601436,56.79
2026-09-29,PFC,EQ,324.1,330.0,13111275,8148933,62.15
2026-09-29,PIDILITIND,EQ,1461.0,1503.0,1073488,684097,63.73
2026-09-29,PIIND,EQ,2288.8,2349.0,186578,90822,48.68
2026-09-29,PNB,EQ,111.75,112.6,25885049,14872131,57.45
2026-09-29,POLYCAB,EQ,8102.5,8191.0,1645809,1195469,72.64
2026-09-29,POWERGRID,EQ,261.5,261.85,25174350,16810545,66.78
2026-09-29,PVRINOX,EQ,1190.1,1225.0,816749,468760,57.39
2026-09-29,RAIN,EQ,215.41,215.45,2705102,1194466,44.16
2026-09-29,RAMCOCEM,EQ,844.25,848.65,339013,218418,64.43
2026-09-29,RBLBANK,EQ,402.0,407.0,4214429,2169430,51.48
2026-09-29,RECLTD,EQ,292.45,303.25,39781303,30069786,75.59
2026-09-29,RELIANCE,EQ,1182.0,1197.6,24191416,17501766,72.35
2026-09-29,SAIL,EQ,181.82,184.2,21241634,9339808,43.97
2026-09-29,SBICARD,EQ,581.0,591.0,1392600,764531,54.9
2026-09-29,SBILIFE,EQ,1735.0,1728.1,1598671,1171894,73.3
2026-09-29,SBIN,EQ,964.7,962.0,26781498,18768750,70.08
2026-09-29,SHREECEM,EQ,21900.0,22170.0,450209,333143,74.0
2026-09-29,SHRIRAMFIN,EQ,971.5,976.3,6176420,4546322,73.61
2026-09-29,SIEMENS,EQ,3710.0,3785.5,344496,175145,50.84
2026-09-29,SRF,EQ,2420.1,2491.5,290746,146435,50.37
2026-09-29,SUNPHARMA,EQ,1865.0,1838.0,3083083,1969001,63.86
2026-09-29,SUNTV,EQ,553.25,519.9,3444850,1191998,34.6
2026-09-29,SYNGENE,EQ,367.2,376.0,582282,280642,48.2
2026-09-29,TATACHEM,EQ,613.85,641.45,3290504,683620,20.78
2026-09-29,TATACOMM,EQ,1654.7,1655.3,215427,131502,61.04
2026-09-29,TATACONSUM,EQ,967.7,960.0,2410899,1613567,66.93
2026-09-29,TATAPOWER,EQ,359.0,361.9,10743181,6914235,64.36
2026-09-29,TATASTEEL,EQ,188.0,186.3,28159048,14296534,50.77
2026-09-29,TCS,EQ,2032.4,2070.7,4437783,2944983,66.36
2026-09-29,TECHM,EQ,1510.5,1542.2,3218354,2102127,65.32
2026-09-29,TITAN,EQ,4675.0,4819.5,1188414,738980,62.18
2026-09-29,TORNTPHARM,EQ,4894.0,4869.0,725626,447219,61.63
2026-09-29,TRENT,EQ,2635.0,2626.0,1548590,962210,62.13
2026-09-29,TVSMOTOR,EQ,4091.1,4095.0,765737,459746,60.04
2026-09-29,UBL,EQ,1210.2,1217.4,116267,55121,47.41
2026-09-29,ULTRACEMCO,EQ,10829.0,11025.0,514924,301780,58.61
2026-09-29,UPL,EQ,538.0,549.5,3270756,1724029,52.71
2026-09-29,VEDL,EQ,260.0,259.0,9517563,5441025,57.17
2026-09-29,VOLTAS,EQ,1090.0,1135.5,1279969,762064,59.54
2026-09-29,WHIRLPOOL,EQ,888.2,917.1,1761949,347214,19.71
2026-09-29,WIPRO,EQ,156.79,161.56,164453787,144035654,87.58
2026-09-29,ZEEL,EQ,74.14,76.5,15872606,5541222,34.91
2026-09-29,ZYDUSLIFE,EQ,1200.5,1215.0,2372609,1224775,51.62
2026-09-30,AARTIIND,EQ,475.7,469.9,723013,231893,32.07
2026-09-30,ABB,EQ,6776.0,6660.5,229223,87576,38.21
2026-09-30,ABBOTINDIA,EQ,27125.0,27270.0,5645,2674,47.37
2026-09-30,ABCAPITAL,EQ,380.6,378.0,3567531,1842839,51.66
2026-09-30,ABFRL,EQ,46.32,46.24,3805401,1859424,48.86
2026-09-30,ACC,EQ,1204.1,1202.6,63787,19902,31.2
2026-09-30,ADANIENT,EQ,2903.4,2972.9,1663023,715486,43.02
2026-09-30,ADANIPORTS,EQ,1798.3,1822.0,3199507,2028638,63.4
2026-09-30,ALKEM,EQ,5163.5,5250.0,146577,92850,63.35
2026-09-30,AMBUJACEM,EQ,374.0,365.75,3219926,1749477,54.33
2026-09-30,APOLLOHOSP,EQ,8165.5,8659.0,2108531,1240085,58.81
2026-09-30,APOLLOTYRE,EQ,404.7,406.75,684149,266314,38.93
2026-09-30,ASHOKLEY,EQ,154.19,153.44,17703276,9633312,54.42
2026-09-30,ASIANPAINT,EQ,2402.6,2415.0,553695,380102,68.65
2026-09-30,ASTRAL,EQ,1370.4,1375.0,258131,155122,60.09
2026-09-30,ATUL,EQ,5915.5,5982.5,61199,48217,78.79
2026-09-30,AUBANK,EQ,1010.3,1005.2,1358165,779687,57.41
2026-09-30,AUROPHARMA,EQ,1672.0,1697.7,1138610,581710,51.09
2026-09-30,AXISBANK,EQ,1226.0,1212.1,6178741,4006094,64.84
2026-09-30,BAJAJ-AUTO,EQ,10874.0,10811.0,313712,194751,62.08
2026-09-30,BAJAJFINSV,EQ,1731.0,1742.4,1086211,674694,62.11
2026-09-30,BAJFINANCE,EQ,959.4,973.8,6625616,4364562,65.87
2026-09-30,BALKRISIND,EQ,2117.0,2126.2,119706,70666,59.03
2026-09-30,BALRAMCHIN,EQ,662.85,672.9,1285691,321372,25.0
2026-09-30,BANDHANBNK,EQ,178.23,185.31,13031625,5930414,45.51
2026-09-30,BANKBARODA,EQ,230.55,227.68,10920670,5601014,51.29
2026-09-30,BATAINDIA,EQ,618.75,620.35,59998,27755,46.26
2026-09-30,BEL,EQ,388.3,387.75,9671143,5991739,61.95
2026-09-30,BERGEPAINT,EQ,455.45,448.2,302319,168812,55.84
2026-09-30,BHARATFORG,EQ,1926.0,1942.0,1059256,627277,59.22
2026-09-30,BHARTIARTL,EQ,1757.0,1771.2,8080358,6077503,75.21
2026-09-30,BHEL,EQ,415.5,413.35,8153812,4314852,52.92
2026-09-30,BIOCON,EQ,370.3,377.0,1849491,1008563,54.53
2026-09-30,BOSCHLTD,EQ,47100.0,45700.0,30394,13298,43.75
2026-09-30,BPCL,EQ,303.2,299.35,5525502,3337311,60.4
2026-09-30,BRITANNIA,EQ,4830.0,4835.0,485651,295139,60.77
2026-09-30,BSOFT,EQ,271.7,269.05,1727416,644957,37.34
2026-09-30,CANBK,EQ,119.44,119.51,12579795,7132252,56.7
2026-09-30,CANFINHOME,EQ,719.2,731.7,235321,157938,67.12
2026-09-30,CHAMBLFERT,EQ,409.25,413.55,384509,197612,51.39
2026-09-30,CHOLAFIN,EQ,1620.0,1627.3,1860436,1040328,55.92
2026-09-30,CIPLA,EQ,1346.0,1379.3,1063964,561302,52.76
2026-09-30,COALINDIA,EQ,425.0,425.0,7436925,4205600,56.55
2026-09-30,COFORGE,EQ,1749.1,1722.0,3113656,1010798,32.46
2026-09-30,COLPAL,EQ,1763.3,1785.1,276534,153872,55.64
2026-09-30,CONCOR,EQ,447.5,443.5,1094966,454381,41.5
2026-09-30,COROMANDEL,EQ,1758.2,1792.9,612561,453196,73.98
2026-09-30,CROMPTON,EQ,208.67,211.37,1957515,1021459,52.18
2026-09-30,CUB,EQ,226.05,214.91,8157697,2419033,29.65
2026-09-30,CUMMINSIND,EQ,4760.0,4800.0,573791,386742,67.4
2026-09-30,DABUR,EQ,380.1,380.4,1957070,1138347,58.17
2026-09-30,DALBHARAT,EQ,1683.7,1637.4,111663,52345,46.88
2026-09-30,DEEPAKNTR,EQ,1529.8,1529.0,141444,70921,50.14
2026-09-30,DELTACORP,EQ,80.51,78.69,84962418,8633859,10.16
2026-09-30,DIVISLAB,EQ,9291.5,9431.0,541269,343242,63.41
2026-09-30,DIXON,EQ,13100.0,13250.0,273569,126448,46.22
2026-09-30,DLF,EQ,674.0,653.0,5830044,3636760,62.38
2026-09-30,DRREDDY,EQ,1233.0,1251.9,4026022,2418877,60.08
2026-09-30,EICHERMOT,EQ,7150.0,7179.0,418141,278633,66.64
2026-09-30,ESCORTS,EQ,2715.2,2706.2,45053,22386,49.69
2026-09-30,EXIDEIND,EQ,412.6,407.0,2723921,1443366,52.99
2026-09-30,FEDERALBNK,EQ,317.4,320.2,5485971,3622569,66.03
2026-09-30,GAIL,EQ,170.55,170.04,12187561,8718896,71.54
2026-09-30,GLENMARK,EQ,2334.7,2441.5,1261905,712031,56.43
2026-09-30,GNFC,EQ,604.4,611.5,973991,650099,66.75
2026-09-30,GODREJCP,EQ,850.0,855.0,1632650,1196247,73.27
2026-09-30,GODREJPROP,EQ,1628.5,1634.4,832521,450369,54.1
2026-09-30,GRANULES,EQ,846.55,866.75,819196,396967,48.46
2026-09-30,GRASIM,EQ,3061.9,3100.0,448156,288842,64.45
2026-09-30,HAL,EQ,4668.0,4549.3,1233758,659216,53.43
2026-09-30,HAVELLS,EQ,1016.0,1043.3,1394518,932953,66.9
2026-09-30,HCLTECH,EQ,1230.0,1222.0,4242658,2775416,65.42
2026-09-30,HDFCAMC,EQ,2280.7,2223.3,908968,521135,57.33
2026-09-30,HDFCBANK,EQ,708.7,722.7,39365496,26227188,66.62
2026-09-30,HDFCLIFE,EQ,521.2,523.55,5062593,2855410,56.4
2026-09-30,HEROMOTOCO,EQ,5241.0,5208.0,567810,357406,62.94
2026-09-30,HINDALCO,EQ,941.8,955.2,4420021,3068316,69.42
2026-09-30,HINDCOPPER,EQ,472.65,474.35,5881618,2716324,46.18
2026-09-30,HINDPETRO,EQ,350.35,349.2,2520543,1196362,47.46
2026-09-30,HINDUNILVR,EQ,1879.1,1863.8,1430335,906320,63.36
2026-09-30,ICICIBANK,EQ,1321.7,1292.2,14095232,9637057,68.37
2026-09-30,ICICIGI,EQ,1590.0,1515.0,1952166,1321417,67.69
2026-09-30,ICICIPRULI,EQ,443.8,444.55,839768,488644,58.19
2026-09-30,IDEA,EQ,12.95,13.56,640485531,242138110,37.81
2026-09-30,IDFCFIRSTB,EQ,81.44,79.46,23332019,11342087,48.61
2026-09-30,IEX,EQ,107.0,106.39,3890920,1731455,44.5
2026-09-30,IGL,EQ,145.61,142.02,3093267,1670772,54.01
2026-09-30,INDHOTEL,EQ,728.65,714.35,3733640,2368508,63.44
2026-09-30,INDIACEM,EQ,301.85,303.7,337561,170475,50.5
2026-09-30,INDIAMART,EQ,1629.0,1612.9,101414,66622,65.69
2026-09-30,INDIGO,EQ,4984.0,4872.0,624800,293234,46.93
2026-09-30,INDUSINDBK,EQ,901.4,878.0,2428835,1347257,55.47
2026-09-30,INDUSTOWER,EQ,373.2,367.55,6712752,4055797,60.42
2026-09-30,INFY,EQ,994.1,1015.4,13508984,7503495,55.54
2026-09-30,INTELLECT,EQ,613.65,613.25,457036,190296,41.64
2026-09-30,IOC,EQ,134.93,131.33,9545086,5023657,52.63
2026-09-30,IPCALAB,EQ,1927.0,1938.1,312460,191360,61.24
2026-09-30,IRCTC,EQ,455.4,452.55,829734,281406,33.92
2026-09-30,ITC,EQ,262.75,265.1,14079098,9069214,64.42
2026-09-30,JINDALSTEL,EQ,1134.9,1130.0,1535849,860929,56.06
2026-09-30,JKCEMENT,EQ,5076.0,4824.5,106778,67716,63.42
2026-09-30,JSWSTEEL,EQ,1253.4,1272.4,1329600,856126,64.39
2026-09-30,JUBLFOOD,EQ,456.7,463.0,797358,344143,43.16
2026-09-30,KOTAKBANK,EQ,417.0,406.0,32537029,24934520,76.63
2026-09-30,LALPATHLAB,EQ,1987.0,1950.4,525994,296313,56.33
2026-09-30,LAURUSLABS,EQ,1980.0,1979.0,1397926,745849,53.35
2026-09-30,LICHSGFIN,EQ,530.2,548.5,5474497,2481949,45.34
2026-09-30,LT,EQ,3760.0,3749.1,2396040,1682730,70.23
2026-09-30,LTTS,EQ,3228.6,3081.6,146167,67341,46.07
2026-09-30,LUPIN,EQ,2030.2,2052.1,1085192,693348,63.89
2026-09-30,M&M,EQ,2950.0,2947.8,2332540,1423112,61.01
2026-09-30,M&MFIN,EQ,324.85,328.05,920944,450709,48.94
2026-09-30,MANAPPURAM,EQ,315.85,316.45,3430831,1093690,31.88
2026-09-30,MARICO,EQ,786.0,787.15,2455494,1568241,63.87
2026-09-30,MARUTI,EQ,11967.0,11877.0,430286,239591,55.68
2026-09-30,MCX,EQ,3300.4,3232.0,2066935,962694,46.58
2026-09-30,METROPOLIS,EQ,541.7,562.3,572003,393160,68.73
2026-09-30,MFSL,EQ,1373.4,1392.4,931017,465815,50.03
2026-09-30,MGL,EQ,1058.0,1050.5,217105,106671,49.13
2026-09-30,MOTHERSON,EQ,163.26,158.56,15307995,7288019,47.61
2026-09-30,MPHASIS,EQ,2154.4,2154.4,701536,351212,50.06
2026-09-30,MRF,EQ,125280.0,123080.0,4133,2452,59.33
2026-09-30,MUTHOOTFIN,EQ,2737.1,2736.8,459482,250976,54.62
2026-09-30,NATIONALUM,EQ,340.95,346.65,5109676,2732598,53.48
2026-09-30,NAUKRI,EQ,1219.5,1245.0,1589054,885665,55.74
2026-09-30,NAVINFLUOR,EQ,8245.0,8234.5,161189,87137,54.06
2026-09-30,NESTLEIND,EQ,1310.0,1345.7,1278279,931330,72.86
2026-09-30,NMDC,EQ,76.54,77.0,15817494,10080902,63.73
2026-09-30,NTPC,EQ,322.75,323.5,6908628,4796323,69.43
2026-09-30,OBEROIRLTY,EQ,1765.7,1762.9,573434,344938,60.15
2026-09-30,OFSS,EQ,10630.0,10406.0,272759,114113,41.84
2026-09-30,ONGC,EQ,225.8,230.0,11131417,7031366,63.17
2026-09-30,PAGEIND,EQ,36385.0,36580.0,83553,46356,55.48
2026-09-30,PERSISTENT,EQ,5279.0,5162.0,611251,246026,40.25
2026-09-30,PETRONET,EQ,284.5,282.95,2419296,1763606,72.9
2026-09-30,PFC,EQ,325.5,324.1,9986223,6863158,68.73
2026-09-30,PIDILITIND,EQ,1465.1,1461.0,940925,640988,68.12
2026-09-30,PIIND,EQ,2310.0,2288.8,174009,92364,53.08
2026-09-30,PNB,EQ,113.06,111.75,15255055,7199086,47.19
2026-09-30,POLYCAB,EQ,8026.0,8102.5,494724,282588,57.12
2026-09-30,POWERGRID,EQ,260.5,261.5,9769840,6714728,68.73
2026-09-30,PVRINOX,EQ,1242.7,1190.1,711172,358955,50.47
2026-09-30,RAIN,EQ,213.94,215.41,2138947,933055,43.62
2026-09-30,RAMCOCEM,EQ,845.55,844.25,205668,97563,47.44
2026-09-30,RBLBANK,EQ,403.35,402.0,3855694,1506785,39.08
2026-09-30,RECLTD,EQ,299.0,292.45,6842344,3480429,50.87
2026-09-30,RELIANCE,EQ,1187.0,1182.0,16376789,11410605,69.68
2026-09-30,SAIL,EQ,181.49,181.82,15646382,7533677,48.15
2026-09-30,SBICARD,EQ,578.05,581.0,582328,270008,46.37
2026-09-30,SBILIFE,EQ,1696.4,1735.0,1813203,1161914,64.08
2026-09-30,SBIN,EQ,959.5,964.7,8010571,4602916,57.46
2026-09-30,SHREECEM,EQ,22345.0,21900.0,20963,11724,55.93
2026-09-30,SHRIRAMFIN,EQ,982.7,971.5,5552495,3904861,70.33
2026-09-30,SIEMENS,EQ,3725.6,3710.0,183302,84056,45.86
2026-09-30,SRF,EQ,2472.5,2420.1,292029,159759,54.71
2026-09-30,SUNPHARMA,EQ,1816.6,1865.0,2401495,1531347,63.77
2026-09-30,SUNTV,EQ,605.0,553.25,34672457,2808283,8.1
2026-09-30,SYNGENE,EQ,365.3,367.2,345192,201268,58.31
2026-09-30,TATACHEM,EQ,611.45,613.85,1113198,424966,38.18
2026-09-30,TATACOMM,EQ,1656.2,1654.7,137552,86820,63.12
2026-09-30,TATACONSUM,EQ,949.5,967.7,1708408,1172061,68.61
2026-09-30,TATAPOWER,EQ,359.0,359.0,5401745,2911813,53.91
2026-09-30,TATASTEEL,EQ,184.3,188.0,32381754,18805312,58.07
2026-09-30,TCS,EQ,2050.6,2032.4,3656425,1846172,50.49
2026-09-30,TECHM,EQ,1524.0,1510.5,2794174,1603590,57.39
2026-09-30,TITAN,EQ,4587.0,4675.0,927060,597556,64.46
2026-09-30,TORNTPHARM,EQ,4800.0,4894.0,397999,224651,56.45
2026-09-30,TRENT,EQ,2621.6,2635.0,785465,483793,61.59
2026-09-30,TVSMOTOR,EQ,4106.0,4091.1,605529,368838,60.91
2026-09-30,UBL,EQ,1158.1,1210.2,322312,195835,60.76
2026-09-30,ULTRACEMCO,EQ,10956.0,10829.0,257558,152344,59.15
2026-09-30,UPL,EQ,539.75,538.0,3114983,2053544,65.92
2026-09-30,VEDL,EQ,259.0,260.0,8639213,5245797,60.72
2026-09-30,VOLTAS,EQ,1070.0,1090.0,1028057,461489,44.89
2026-09-30,WHIRLPOOL,EQ,890.25,888.2,3226987,465748,14.43
2026-09-30,WIPRO,EQ,158.5,156.79,15966068,7414612,46.44
2026-09-30,ZEEL,EQ,74.47,74.14,13100562,4782821,36.51
2026-09-30,ZYDUSLIFE,EQ,1162.0,1200.5,1614233,828899,51.35
2026-10-01,AARTIIND,EQ,465.1,475.7,486186,246474,50.7
2026-10-01,ABB,EQ,6900.0,6776.0,240835,94135,39.09
2026-10-01,ABBOTINDIA,EQ,26840.0,27125.0,6879,3809,55.37
2026-10-01,ABCAPITAL,EQ,375.05,380.6,5001023,3303385,66.05
2026-10-01,ABFRL,EQ,44.53,46.32,5512411,2439906,44.26
2026-10-01,ACC,EQ,1182.8,1204.1,146983,73095,49.73
2026-10-01,ADANIENT,EQ,2816.8,2903.4,2100334,883201,42.05
2026-10-01,ADANIPORTS,EQ,1737.8,1798.3,2157928,1135518,52.62
2026-10-01,ALKEM,EQ,5220.0,5163.5,291015,193803,66.6
2026-10-01,AMBUJACEM,EQ,362.25,374.0,3893265,1310858,33.67
2026-10-01,APOLLOHOSP,EQ,8133.5,8165.5,939105,521015,55.48
2026-10-01,APOLLOTYRE,EQ,404.75,404.7,708176,291292,41.13
2026-10-01,ASHOKLEY,EQ,150.48,154.19,20574319,7814579,37.98
2026-10-01,ASIANPAINT,EQ,2407.0,2402.6,1005836,708123,70.4
2026-10-01,ASTRAL,EQ,1344.0,1370.4,299231,148055,49.48
2026-10-01,ATUL,EQ,5861.0,5915.5,22403,11759,52.49
2026-10-01,AUBANK,EQ,987.0,1010.3,2487890,1363974,54.82
2026-10-01,AUROPHARMA,EQ,1676.8,1672.0,1074057,541384,50.41
2026-10-01,AXISBANK,EQ,1217.1,1226.0,7005197,4268198,60.93
2026-10-01,BAJAJ-AUTO,EQ,10045.0,10874.0,1491300,395718,26.54
2026-10-01,BAJAJFINSV,EQ,1732.6,1731.0,2292234,1687527,73.62
2026-10-01,BAJFINANCE,EQ,948.3,959.4,5698769,3384035,59.38
2026-10-01,BALKRISIND,EQ,2083.5,2117.0,326468,214389,65.67
2026-10-01,BALRAMCHIN,EQ,649.05,662.85,838261,240804,28.73
2026-10-01,BANDHANBNK,EQ,176.0,178.23,11142144,3934354,35.31
2026-10-01,BANKBARODA,EQ,230.82,230.55,9034271,4660592,51.59
2026-10-01,BATAINDIA,EQ,613.0,618.75,126719,60548,47.78
2026-10-01,BEL,EQ,383.1,388.3,10250149,5644252,55.07
2026-10-01,BERGEPAINT,EQ,452.4,455.45,386752,204444,52.86
2026-10-01,BHARATFORG,EQ,1875.0,1926.0,1151437,654778,56.87
2026-10-01,BHARTIARTL,EQ,1741.1,1757.0,5609657,3583928,63.89
2026-10-01,BHEL,EQ,421.0,415.5,12669050,4566551,36.04
2026-10-01,BIOCON,EQ,370.7,370.3,2525268,1075165,42.58
2026-10-01,BOSCHLTD,EQ,45480.0,47100.0,48572,23515,48.41
2026-10-01,BPCL,EQ,300.6,303.2,5618518,2744515,48.85
2026-10-01,BRITANNIA,EQ,4778.0,4830.0,362699,219743,60.59
2026-10-01,BSOFT,EQ,269.75,271.7,1536439,623557,40.58
2026-10-01,CANBK,EQ,118.36,119.44,13953325,6397676,45.85
2026-10-01,CANFINHOME,EQ,711.0,719.2,417879,270798,64.8
2026-10-01,CHAMBLFERT,EQ,399.3,409.25,447087,247940,55.46
2026-10-01,CHOLAFIN,EQ,1580.0,1620.0,1699959,1007334,59.26
2026-10-01,CIPLA,EQ,1344.0,1346.0,921789,485444,52.66
2026-10-01,COALINDIA,EQ,420.4,425.0,7514836,3976619,52.92
2026-10-01,COFORGE,EQ,1826.0,1749.1,3419070,1411427,41.28
2026-10-01,COLPAL,EQ,1735.0,1763.3,412868,242292,58.69
2026-10-01,CONCOR,EQ,442.0,447.5,877730,331806,37.8
2026-10-01,COROMANDEL,EQ,1763.6,1758.2,239111,115582,48.34
2026-10-01,CROMPTON,EQ,202.7,208.67,4535645,2248867,49.58
2026-10-01,CUB,EQ,230.04,226.05,4776469,1660304,34.76
2026-10-01,CUMMINSIND,EQ,4860.0,4760.0,393680,191666,48.69
2026-10-01,DABUR,EQ,374.25,380.1,2455226,1446262,58.91
2026-10-01,DALBHARAT,EQ,1682.1,1683.7,77064,44487,57.73
2026-10-01,DEEPAKNTR,EQ,1492.8,1529.8,157119,82867,52.74
2026-10-01,DELTACORP,EQ,73.48,80.51,31237756,4346382,13.91
2026-10-01,DIVISLAB,EQ,9249.0,9291.5,567310,380899,67.14
2026-10-01,DIXON,EQ,12700.0,13100.0,258830,89948,34.75
2026-10-01,DLF,EQ,658.4,674.0,6264045,3526995,56.31
2026-10-01,DRREDDY,EQ,1206.2,1233.0,2607818,1700288,65.2
2026-10-01,EICHERMOT,EQ,6920.0,7150.0,817452,402040,49.18
2026-10-01,ESCORTS,EQ,2667.3,2715.2,338525,91357,26.99
2026-10-01,EXIDEIND,EQ,409.45,412.6,2369486,1147869,48.44
2026-10-01,FEDERALBNK,EQ,318.2,317.4,11278668,6477946,57.44
2026-10-01,GAIL,EQ,171.22,170.55,6882008,4017459,58.38
2026-10-01,GLENMARK,EQ,2331.0,2334.7,972522,655232,67.37
2026-10-01,GNFC,EQ,589.15,604.4,629192,318519,50.62
2026-10-01,GODREJCP,EQ,840.0,850.0,838419,451367,53.84
2026-10-01,GODREJPROP,EQ,1595.8,1628.5,496337,212956,42.91
2026-10-01,GRANULES,EQ,821.75,846.55,783432,467843,59.72
2026-10-01,GRASIM,EQ,2962.0,3061.9,1385746,743673,53.67
2026-10-01,HAL,EQ,4601.0,4668.0,739864,314778,42.55
2026-10-01,HAVELLS,EQ,1040.0,1016.0,2030089,1095439,53.96
2026-10-01,HCLTECH,EQ,1243.1,1230.0,3430282,1798613,52.43
2026-10-01,HDFCAMC,EQ,2308.1,2280.7,1134071,696049,61.38
2026-10-01,HDFCBANK,EQ,721.2,708.7,37389857,23672227,63.31
2026-10-01,HDFCLIFE,EQ,534.2,521.2,4008935,1772636,44.22
2026-10-01,HEROMOTOCO,EQ,5168.0,5241.0,862662,400994,46.48
2026-10-01,HINDALCO,EQ,941.85,941.8,5877840,3315920,56.41
2026-10-01,HINDCOPPER,EQ,462.15,472.65,6827265,2970971,43.52
2026-10-01,HINDPETRO,EQ,345.0,350.35,5754484,3069870,53.35
2026-10-01,HINDUNILVR,EQ,1836.0,1879.1,1331680,693799,52.1
2026-10-01,ICICIBANK,EQ,1310.6,1321.7,13163495,7513021,57.07
2026-10-01,ICICIGI,EQ,1563.0,1590.0,1189772,720274,60.54
2026-10-01,ICICIPRULI,EQ,448.05,443.8,1267559,645040,50.89
2026-10-01,IDEA,EQ,12.64,12.95,612490273,206895944,33.78
2026-10-01,IDFCFIRSTB,EQ,80.39,81.44,24434109,13629991,55.78
2026-10-01,IEX,EQ,105.98,107.0,3180623,1296004,40.75
2026-10-01,IGL,EQ,142.79,145.61,2346741,1050374,44.76
2026-10-01,INDHOTEL,EQ,718.0,728.65,4023940,2479424,61.62
2026-10-01,INDIACEM,EQ,295.15,301.85,231935,103896,44.8
2026-10-01,INDIAMART,EQ,1620.3,1629.0,60779,30881,50.81
2026-10-01,INDIGO,EQ,4929.9,4984.0,592514,289977,48.94
2026-10-01,INDUSINDBK,EQ,886.85,901.4,1761249,915846,52.0
2026-10-01,INDUSTOWER,EQ,376.25,373.2,9498411,5266407,55.45
2026-10-01,INFY,EQ,1035.0,994.1,15166446,7881166,51.96
2026-10-01,INTELLECT,EQ,610.95,613.65,271796,131012,48.2
2026-10-01,IOC,EQ,131.34,134.93,12239747,6317831,51.62
2026-10-01,IPCALAB,EQ,1943.2,1927.0,323967,186183,57.47
2026-10-01,IRCTC,EQ,454.1,455.4,1528758,639247,41.81
2026-10-01,ITC,EQ,255.9,262.75,16447266,9899979,60.19
2026-10-01,JINDALSTEL,EQ,1100.5,1134.9,862948,369331,42.8
2026-10-01,JKCEMENT,EQ,4952.0,5076.0,335492,284609,84.83
2026-10-01,JSWSTEEL,EQ,1233.0,1253.4,3158301,1845572,58.44
2026-10-01,JUBLFOOD,EQ,443.4,456.7,1560787,719835,46.12
2026-10-01,KOTAKBANK,EQ,418.35,417.0,76637247,44580122,58.17
2026-10-01,LALPATHLAB,EQ,2005.1,1987.0,542969,250656,46.16
2026-10-01,LAURUSLABS,EQ,1984.0,1980.0,1459687,674994,46.24
2026-10-01,LICHSGFIN,EQ,509.0,530.2,5986497,2853745,47.67
2026-10-01,LT,EQ,3693.4,3760.0,2220932,1328217,59.8
2026-10-01,LTTS,EQ,3267.8,3228.6,80220,36033,44.92
2026-10-01,LUPIN,EQ,2031.2,2030.2,825892,460242,55.73
2026-10-01,M&M,EQ,2860.0,2950.0,5453321,3209037,58.85
2026-10-01,M&MFIN,EQ,319.75,324.85,3088333,2001567,64.81
2026-10-01,MANAPPURAM,EQ,308.9,315.85,7653852,3757441,49.09
2026-10-01,MARICO,EQ,781.35,786.0,1777571,1026344,57.74
2026-10-01,MARUTI,EQ,11386.0,11967.0,885820,407293,45.98
2026-10-01,MCX,EQ,3204.0,3300.4,2002629,958514,47.86
2026-10-01,METROPOLIS,EQ,537.9,541.7,446423,292646,65.55
2026-10-01,MFSL,EQ,1392.0,1373.4,1151973,624432,54.21
2026-10-01,MGL,EQ,1045.4,1058.0,226314,119154,52.65
2026-10-01,MOTHERSON,EQ,157.03,163.26,23039471,10590287,45.97
2026-10-01,MPHASIS,EQ,2250.2,2154.4,1178274,303963,25.8
2026-10-01,MRF,EQ,123715.0,125280.0,3448,1434,41.59
2026-10-01,MUTHOOTFIN,EQ,2697.1,2737.1,553592,285031,51.49
2026-10-01,NATIONALUM,EQ,334.9,340.95,4672624,2064497,44.18
2026-10-01,NAUKRI,EQ,1200.0,1219.5,2219568,1379983,62.17
2026-10-01,NAVINFLUOR,EQ,8136.5,8245.0,94936,47724,50.27
2026-10-01,NESTLEIND,EQ,1307.7,1310.0,1626876,1046757,64.34
2026-10-01,NMDC,EQ,74.64,76.54,17077400,8354730,48.92
2026-10-01,NTPC,EQ,315.1,322.75,10094465,6209088,61.51
2026-10-01,OBEROIRLTY,EQ,1754.6,1765.7,282807,135641,47.96
2026-10-01,OFSS,EQ,10420.0,10630.0,194062,68263,35.18
2026-10-01,ONGC,EQ,222.37,225.8,13099985,8236216,62.87
2026-10-01,PAGEIND,EQ,36660.0,36385.0,40495,16877,41.68
2026-10-01,PERSISTENT,EQ,5367.0,5279.0,506268,184637,36.47
2026-10-01,PETRONET,EQ,285.5,284.5,1678508,1159542,69.08
2026-10-01,PFC,EQ,318.0,325.5,9777829,5639126,57.67
2026-10-01,PIDILITIND,EQ,1464.0,1465.1,867267,527089,60.78
2026-10-01,PIIND,EQ,2236.0,2310.0,125263,56664,45.24
2026-10-01,PNB,EQ,109.57,113.06,11365686,4880322,42.94
2026-10-01,POLYCAB,EQ,7990.0,8026.0,463691,264765,57.1
2026-10-01,POWERGRID,EQ,254.55,260.5,10976701,7271623,66.25
2026-10-01,PVRINOX,EQ,1215.3,1242.7,321029,170618,53.15
2026-10-01,RAIN,EQ,208.52,213.94,4313649,1826134,42.33
2026-10-01,RAMCOCEM,EQ,830.85,845.55,82325,37215,45.2
2026-10-01,RBLBANK,EQ,411.4,403.35,5387538,1606806,29.82
2026-10-01,RECLTD,EQ,287.75,299.0,9069239,5236874,57.74
2026-10-01,RELIANCE,EQ,1167.7,1187.0,16771221,10270423,61.24
2026-10-01,SAIL,EQ,174.5,181.49,26206885,11319003,43.19
2026-10-01,SBICARD,EQ,563.2,578.05,962872,397833,41.32
2026-10-01,SBILIFE,EQ,1721.6,1696.4,3329860,2123012,63.76
2026-10-01,SBIN,EQ,954.1,959.5,7390452,3749288,50.73
2026-10-01,SHREECEM,EQ,21900.0,22345.0,59306,36070,60.82
2026-10-01,SHRIRAMFIN,EQ,945.0,982.7,5599670,3556104,63.51
2026-10-01,SIEMENS,EQ,3804.0,3725.6,243713,102983,42.26
2026-10-01,SRF,EQ,2486.2,2472.5,352530,216304,61.36
2026-10-01,SUNPHARMA,EQ,1801.0,1816.6,2314700,1480497,63.96
2026-10-01,SUNTV,EQ,599.9,605.0,6014245,630606,10.49
2026-10-01,SYNGENE,EQ,361.3,365.3,530462,285826,53.88
2026-10-01,TATACHEM,EQ,607.8,611.45,1216894,416581,34.23
2026-10-01,TATACOMM,EQ,1683.0,1656.2,140782,59823,42.49
2026-10-01,TATACONSUM,EQ,957.0,949.5,1829307,1143846,62.53
2026-10-01,TATAPOWER,EQ,350.15,359.0,4222986,1911462,45.26
2026-10-01,TATASTEEL,EQ,178.0,184.3,47659952,24965751,52.38
2026-10-01,TCS,EQ,2075.0,2050.6,3428501,1882153,54.9
2026-10-01,TECHM,EQ,1533.0,1524.0,2663224,1287903,48.36
2026-10-01,TITAN,EQ,4515.7,4587.0,694098,400316,57.67
2026-10-01,TORNTPHARM,EQ,4767.3,4800.0,357701,204542,57.18
2026-10-01,TRENT,EQ,2580.0,2621.6,896919,506086,56.42
2026-10-01,TVSMOTOR,EQ,4021.0,4106.0,1234692,604750,48.98
2026-10-01,UBL,EQ,1188.8,1158.1,143713,66548,46.31
2026-10-01,ULTRACEMCO,EQ,10710.0,10956.0,570684,326085,57.14
2026-10-01,UPL,EQ,516.8,539.75,2466891,1487057,60.28
2026-10-01,VEDL,EQ,252.05,259.0,10131800,5238360,51.7
2026-10-01,VOLTAS,EQ,1053.2,1070.0,638996,250782,39.25
2026-10-01,WHIRLPOOL,EQ,861.65,890.25,1044003,251245,24.07
2026-10-01,WIPRO,EQ,159.35,158.5,18521731,10746142,58.02
2026-10-01,ZEEL,EQ,71.92,74.47,13789871,5119967,37.13
2026-10-01,ZYDUSLIFE,EQ,1145.7,1162.0,2547369,1489237,58.46
2026-10-02,AARTIIND,EQ,465.1,475.7,486186,246474,50.7
2026-10-02,ABB,EQ,6900.0,6776.0,240835,94135,39.09
2026-10-02,ABBOTINDIA,EQ,26840.0,27125.0,6879,3809,55.37
2026-10-02,ABCAPITAL,EQ,375.05,380.6,5001023,3303385,66.05
2026-10-02,ABFRL,EQ,44.53,46.32,5512411,2439906,44.26
2026-10-02,ACC,EQ,1182.8,1204.1,146983,73095,49.73
2026-10-02,ADANIENT,EQ,2816.8,2903.4,2100334,883201,42.05
2026-10-02,ADANIPORTS,EQ,1737.8,1798.3,2157928,1135518,52.62
2026-10-02,ALKEM,EQ,5220.0,5163.5,291015,193803,66.6
2026-10-02,AMBUJACEM,EQ,362.25,374.0,3893265,1310858,33.67
2026-10-02,APOLLOHOSP,EQ,8133.5,8165.5,939105,521015,55.48
2026-10-02,APOLLOTYRE,EQ,404.75,404.7,708176,291292,41.13
2026-10-02,ASHOKLEY,EQ,150.48,154.19,20574319,7814579,37.98
2026-10-02,ASIANPAINT,EQ,2407.0,2402.6,1005836,708123,70.4
2026-10-02,ASTRAL,EQ,1344.0,1370.4,299231,148055,49.48
2026-10-02,ATUL,EQ,5861.0,5915.5,22403,11759,52.49
2026-10-02,AUBANK,EQ,987.0,1010.3,2487890,1363974,54.82
2026-10-02,AUROPHARMA,EQ,1676.8,1672.0,1074057,541384,50.41
2026-10-02,AXISBANK,EQ,1217.1,1226.0,7005197,4268198,60.93
2026-10-02,BAJAJ-AUTO,EQ,10045.0,10874.0,1491300,395718,26.54
2026-10-02,BAJAJFINSV,EQ,1732.6,1731.0,2292234,1687527,73.62
2026-10-02,BAJFINANCE,EQ,948.3,959.4,5698769,3384035,59.38
2026-10-02,BALKRISIND,EQ,2083.5,2117.0,326468,214389,65.67
2026-10-02,BALRAMCHIN,EQ,649.05,662.85,838261,240804,28.73
2026-10-02,BANDHANBNK,EQ,176.0,178.23,11142144,3934354,35.31
2026-10-02,BANKBARODA,EQ,230.82,230.55,9034271,4660592,51.59
2026-10-02,BATAINDIA,EQ,613.0,618.75,126719,60548,47.78
2026-10-02,BEL,EQ,383.1,388.3,10250149,5644252,55.07
2026-10-02,BERGEPAINT,EQ,452.4,455.45,386752,204444,52.86
2026-10-02,BHARATFORG,EQ,1875.0,1926.0,1151437,654778,56.87
2026-10-02,BHARTIARTL,EQ,1741.1,1757.0,5609657,3583928,63.89
2026-10-02,BHEL,EQ,421.0,415.5,12669050,4566551,36.04
2026-10-02,BIOCON,EQ,370.7,370.3,2525268,1075165,42.58
2026-10-02,BOSCHLTD,EQ,45480.0,47100.0,48572,23515,48.41
2026-10-02,BPCL,EQ,300.6,303.2,5618518,2744515,48.85
2026-10-02,BRITANNIA,EQ,4778.0,4830.0,362699,219743,60.59
2026-10-02,BSOFT,EQ,269.75,271.7,1536439,623557,40.58
2026-10-02,CANBK,EQ,118.36,119.44,13953325,6397676,45.85
2026-10-02,CANFINHOME,EQ,711.0,719.2,417879,270798,64.8
2026-10-02,CHAMBLFERT,EQ,399.3,409.25,447087,247940,55.46
2026-10-02,CHOLAFIN,EQ,1580.0,1620.0,1699959,1007334,59.26
2026-10-02,CIPLA,EQ,1344.0,1346.0,921789,485444,52.66
2026-10-02,COALINDIA,EQ,420.4,425.0,7514836,3976619,52.92
2026-10-02,COFORGE,EQ,1826.0,1749.1,3419070,1411427,41.28
2026-10-02,COLPAL,EQ,1735.0,1763.3,412868,242292,58.69
2026-10-02,CONCOR,EQ,442.0,447.5,877730,331806,37.8
2026-10-02,COROMANDEL,EQ,1763.6,1758.2,239111,115582,48.34
2026-10-02,CROMPTON,EQ,202.7,208.67,4535645,2248867,49.58
2026-10-02,CUB,EQ,230.04,226.05,4776469,1660304,34.76
2026-10-02,CUMMINSIND,EQ,4860.0,4760.0,393680,191666,48.69
2026-10-02,DABUR,EQ,374.25,380.1,2455226,1446262,58.91
2026-10-02,DALBHARAT,EQ,1682.1,1683.7,77064,44487,57.73
2026-10-02,DEEPAKNTR,EQ,1492.8,1529.8,157119,82867,52.74
2026-10-02,DELTACORP,EQ,73.48,80.51,31237756,4346382,13.91
2026-10-02,DIVISLAB,EQ,9249.0,9291.5,567310,380899,67.14
2026-10-02,DIXON,EQ,12700.0,13100.0,258830,89948,34.75
2026-10-02,DLF,EQ,658.4,674.0,6264045,3526995,56.31
2026-10-02,DRREDDY,EQ,1206.2,1233.0,2607818,1700288,65.2
2026-10-02,EICHERMOT,EQ,6920.0,7150.0,817452,402040,49.18
2026-10-02,ESCORTS,EQ,2667.3,2715.2,338525,91357,26.99
2026-10-02,EXIDEIND,EQ,409.45,412.6,2369486,1147869,48.44
2026-10-02,FEDERALBNK,EQ,318.2,317.4,11278668,6477946,57.44
2026-10-02,GAIL,EQ,171.22,170.55,6882008,4017459,58.38
2026-10-02,GLENMARK,EQ,2331.0,2334.7,972522,655232,67.37
2026-10-02,GNFC,EQ,589.15,604.4,629192,318519,50.62
2026-10-02,GODREJCP,EQ,840.0,850.0,838419,451367,53.84
2026-10-02,GODREJPROP,EQ,1595.8,1628.5,496337,212956,42.91
2026-10-02,GRANULES,EQ,821.75,846.55,783432,467843,59.72
2026-10-02,GRASIM,EQ,2962.0,3061.9,1385746,743673,53.67
2026-10-02,HAL,EQ,4601.0,4668.0,739864,314778,42.55
2026-10-02,HAVELLS,EQ,1040.0,1016.0,2030089,1095439,53.96
2026-10-02,HCLTECH,EQ,1243.1,1230.0,3430282,1798613,52.43
2026-10-02,HDFCAMC,EQ,2308.1,2280.7,1134071,696049,61.38
2026-10-02,HDFCBANK,EQ,721.2,708.7,37389857,23672227,63.31
2026-10-02,HDFCLIFE,EQ,534.2,521.2,4008935,1772636,44.22
2026-10-02,HEROMOTOCO,EQ,5168.0,5241.0,862662,400994,46.48
2026-10-02,HINDALCO,EQ,941.85,941.8,5877840,3315920,56.41
2026-10-02,HINDCOPPER,EQ,462.15,472.65,6827265,2970971,43.52
2026-10-02,HINDPETRO,EQ,345.0,350.35,5754484,3069870,53.35
2026-10-02,HINDUNILVR,EQ,1836.0,1879.1,1331680,693799,52.1
2026-10-02,ICICIBANK,EQ,1310.6,1321.7,13163495,7513021,57.07
2026-10-02,ICICIGI,EQ,1563.0,1590.0,1189772,720274,60.54
2026-10-02,ICICIPRULI,EQ,448.05,443.8,1267559,645040,50.89
2026-10-02,IDEA,EQ,12.64,12.95,612490273,206895944,33.78
2026-10-02,IDFCFIRSTB,EQ,80.39,81.44,24434109,13629991,55.78
2026-10-02,IEX,EQ,105.98,107.0,3180623,1296004,40.75
2026-10-02,IGL,EQ,142.79,145.61,2346741,1050374,44.76
2026-10-02,INDHOTEL,EQ,718.0,728.65,4023940,2479424,61.62
2026-10-02,INDIACEM,EQ,295.15,301.85,231935,103896,44.8
2026-10-02,INDIAMART,EQ,1620.3,1629.0,60779,30881,50.81
2026-10-02,INDIGO,EQ,4929.9,4984.0,592514,289977,48.94
2026-10-02,INDUSINDBK,EQ,886.85,901.4,1761249,915846,52.0
2026-10-02,INDUSTOWER,EQ,376.25,373.2,9498411,5266407,55.45
2026-10-02,INFY,EQ,1035.0,994.1,15166446,7881166,51.96
2026-10-02,INTELLECT,EQ,610.95,613.65,271796,131012,48.2
2026-10-02,IOC,EQ,131.34,134.93,12239747,6317831,51.62
2026-10-02,IPCALAB,EQ,1943.2,1927.0,323967,186183,57.47
2026-10-02,IRCTC,EQ,454.1,455.4,1528758,639247,41.81
2026-10-02,ITC,EQ,255.9,262.75,16447266,9899979,60.19
2026-10-02,JINDALSTEL,EQ,1100.5,1134.9,862948,369331,42.8
2026-10-02,JKCEMENT,EQ,4952.0,5076.0,335492,284609,84.83
2026-10-02,JSWSTEEL,EQ,1233.0,1253.4,3158301,1845572,58.44
2026-10-02,JUBLFOOD,EQ,443.4,456.7,1560787,719835,46.12
2026-10-02,KOTAKBANK,EQ,418.35,417.0,76637247,44580122,58.17
2026-10-02,LALPATHLAB,EQ,2005.1,1987.0,542969,250656,46.16
2026-10-02,LAURUSLABS,EQ,1984.0,1980.0,1459687,674994,46.24
2026-10-02,LICHSGFIN,EQ,509.0,530.2,5986497,2853745,47.67
2026-10-02,LT,EQ,3693.4,3760.0,2220932,1328217,59.8
2026-10-02,LTTS,EQ,3267.8,3228.6,80220,36033,44.92
2026-10-02,LUPIN,EQ,2031.2,2030.2,825892,460242,55.73
2026-10-02,M&M,EQ,2860.0,2950.0,5453321,3209037,58.85
2026-10-02,M&MFIN,EQ,319.75,324.85,3088333,2001567,64.81
2026-10-02,MANAPPURAM,EQ,308.9,315.85,7653852,3757441,49.09
2026-10-02,MARICO,EQ,781.35,786.0,1777571,1026344,57.74
2026-10-02,MARUTI,EQ,11386.0,11967.0,885820,407293,45.98
2026-10-02,MCX,EQ,3204.0,3300.4,2002629,958514,47.86
2026-10-02,METROPOLIS,EQ,537.9,541.7,446423,292646,65.55
2026-10-02,MFSL,EQ,1392.0,1373.4,1151973,624432,54.21
2026-10-02,MGL,EQ,1045.4,1058.0,226314,119154,52.65
2026-10-02,MOTHERSON,EQ,157.03,163.26,23039471,10590287,45.97
2026-10-02,MPHASIS,EQ,2250.2,2154.4,1178274,303963,25.8
2026-10-02,MRF,EQ,123715.0,125280.0,3448,1434,41.59
2026-10-02,MUTHOOTFIN,EQ,2697.1,2737.1,553592,285031,51.49
2026-10-02,NATIONALUM,EQ,334.9,340.95,4672624,2064497,44.18
2026-10-02,NAUKRI,EQ,1200.0,1219.5,2219568,1379983,62.17
2026-10-02,NAVINFLUOR,EQ,8136.5,8245.0,94936,47724,50.27
2026-10-02,NESTLEIND,EQ,1307.7,1310.0,1626876,1046757,64.34
2026-10-02,NMDC,EQ,74.64,76.54,17077400,8354730,48.92
2026-10-02,NTPC,EQ,315.1,322.75,10094465,6209088,61.51
2026-10-02,OBEROIRLTY,EQ,1754.6,1765.7,282807,135641,47.96
2026-10-02,OFSS,EQ,10420.0,10630.0,194062,68263,35.18
2026-10-02,ONGC,EQ,222.37,225.8,13099985,8236216,62.87
2026-10-02,PAGEIND,EQ,36660.0,36385.0,40495,16877,41.68
2026-10-02,PERSISTENT,EQ,5367.0,5279.0,506268,184637,36.47
2026-10-02,PETRONET,EQ,285.5,284.5,1678508,1159542,69.08
2026-10-02,PFC,EQ,318.0,325.5,9777829,5639126,57.67
2026-10-02,PIDILITIND,EQ,1464.0,1465.1,867267,527089,60.78
2026-10-02,PIIND,EQ,2236.0,2310.0,125263,56664,45.24
2026-10-02,PNB,EQ,109.57,113.06,11365686,4880322,42.94
2026-10-02,POLYCAB,EQ,7990.0,8026.0,463691,264765,57.1
2026-10-02,POWERGRID,EQ,254.55,260.5,10976701,7271623,66.25
2026-10-02,PVRINOX,EQ,1215.3,1242.7,321029,170618,53.15
2026-10-02,RAIN,EQ,208.52,213.94,4313649,1826134,42.33
2026-10-02,RAMCOCEM,EQ,830.85,845.55,82325,37215,45.2
2026-10-02,RBLBANK,EQ,411.4,403.35,5387538,1606806,29.82
2026-10-02,RECLTD,EQ,287.75,299.0,9069239,5236874,57.74
2026-10-02,RELIANCE,EQ,1167.7,1187.0,16771221,10270423,61.24
2026-10-02,SAIL,EQ,174.5,181.49,26206885,11319003,43.19
2026-10-02,SBICARD,EQ,563.2,578.05,962872,397833,41.32
2026-10-02,SBILIFE,EQ,1721.6,1696.4,3329860,2123012,63.76
2026-10-02,SBIN,EQ,954.1,959.5,7390452,3749288,50.73
2026-10-02,SHREECEM,EQ,21900.0,22345.0,59306,36070,60.82
2026-10-02,SHRIRAMFIN,EQ,945.0,982.7,5599670,3556104,63.51
2026-10-02,SIEMENS,EQ,3804.0,3725.6,243713,102983,42.26
2026-10-02,SRF,EQ,2486.2,2472.5,352530,216304,61.36
2026-10-02,SUNPHARMA,EQ,1801.0,1816.6,2314700,1480497,63.96
2026-10-02,SUNTV,EQ,599.9,605.0,6014245,630606,10.49
2026-10-02,SYNGENE,EQ,361.3,365.3,530462,285826,53.88
2026-10-02,TATACHEM,EQ,607.8,611.45,1216894,416581,34.23
2026-10-02,TATACOMM,EQ,1683.0,1656.2,140782,59823,42.49
2026-10-02,TATACONSUM,EQ,957.0,949.5,1829307,1143846,62.53
2026-10-02,TATAPOWER,EQ,350.15,359.0,4222986,1911462,45.26
2026-10-02,TATASTEEL,EQ,178.0,184.3,47659952,24965751,52.38
2026-10-02,TCS,EQ,2075.0,2050.6,3428501,1882153,54.9
2026-10-02,TECHM,EQ,1533.0,1524.0,2663224,1287903,48.36
2026-10-02,TITAN,EQ,4515.7,4587.0,694098,400316,57.67
2026-10-02,TORNTPHARM,EQ,4767.3,4800.0,357701,204542,57.18
2026-10-02,TRENT,EQ,2580.0,2621.6,896919,506086,56.42
2026-10-02,TVSMOTOR,EQ,4021.0,4106.0,1234692,604750,48.98
2026-10-02,UBL,EQ,1188.8,1158.1,143713,66548,46.31
2026-10-02,ULTRACEMCO,EQ,10710.0,10956.0,570684,326085,57.14
2026-10-02,UPL,EQ,516.8,539.75,2466891,1487057,60.28
2026-10-02,VEDL,EQ,252.05,259.0,10131800,5238360,51.7
2026-10-02,VOLTAS,EQ,1053.2,1070.0,638996,250782,39.25
2026-10-02,WHIRLPOOL,EQ,861.65,890.25,1044003,251245,24.07
2026-10-02,WIPRO,EQ,159.35,158.5,18521731,10746142,58.02
2026-10-02,ZEEL,EQ,71.92,74.47,13789871,5119967,37.13
2026-10-02,ZYDUSLIFE,EQ,1145.7,1162.0,2547369,1489237,58.46
2026-10-05,AARTIIND,EQ,470.85,465.1,561260,231239,41.2
2026-10-05,ABB,EQ,6895.0,6900.0,157334,74160,47.14
2026-10-05,ABBOTINDIA,EQ,26240.0,26840.0,5773,2491,43.15
2026-10-05,ABCAPITAL,EQ,377.4,375.05,1609846,840130,52.19
2026-10-05,ABFRL,EQ,44.34,44.53,3728699,1701511,45.63
2026-10-05,ACC,EQ,1184.4,1182.8,85873,39051,45.48
2026-10-05,ADANIENT,EQ,2864.0,2816.8,1782260,941305,52.82
2026-10-05,ADANIPORTS,EQ,1774.0,1737.8,2792824,1654334,59.24
2026-10-05,ALKEM,EQ,5192.5,5220.0,102619,53686,52.32
2026-10-05,AMBUJACEM,EQ,366.5,362.25,1848613,790227,42.75
2026-10-05,APOLLOHOSP,EQ,7985.0,8133.5,895216,522495,58.37
2026-10-05,APOLLOTYRE,EQ,401.6,404.75,213763,88531,41.42
2026-10-05,ASHOKLEY,EQ,152.6,150.48,9914723,4786609,48.28
2026-10-05,ASIANPAINT,EQ,2366.0,2407.0,916254,525260,57.33
2026-10-05,ASTRAL,EQ,1362.1,1344.0,325806,162231,49.79
2026-10-05,ATUL,EQ,5856.0,5861.0,41593,34630,83.26
2026-10-05,AUBANK,EQ,1029.2,987.0,3358977,1621239,48.27
2026-10-05,AUROPHARMA,EQ,1674.9,1676.8,958714,529534,55.23
2026-10-05,AXISBANK,EQ,1222.2,1217.1,7472163,4913595,65.76
2026-10-05,BAJAJ-AUTO,EQ,10024.0,10045.0,354238,164978,46.57
2026-10-05,BAJAJFINSV,EQ,1751.4,1732.6,1075845,618882,57.53
2026-10-05,BAJFINANCE,EQ,970.0,948.3,12682669,6293257,49.62
2026-10-05,BALKRISIND,EQ,2066.5,2083.5,95715,60439,63.14
2026-10-05,BALRAMCHIN,EQ,671.5,649.05,1055611,207132,19.62
2026-10-05,BANDHANBNK,EQ,168.27,176.0,18154959,7021966,38.68
2026-10-05,BANKBARODA,EQ,232.8,230.82,10802904,5502031,50.93
2026-10-05,BATAINDIA,EQ,611.05,613.0,76879,30362,39.49
2026-10-05,BEL,EQ,384.85,383.1,10909395,5774962,52.94
2026-10-05,BERGEPAINT,EQ,458.4,452.4,514017,301277,58.61
2026-10-05,BHARATFORG,EQ,1833.0,1875.0,1029681,590152,57.31
2026-10-05,BHARTIARTL,EQ,1779.9,1741.1,7310041,5434630,74.34
2026-10-05,BHEL,EQ,429.0,421.0,8225965,3401644,41.35
2026-10-05,BIOCON,EQ,369.8,370.7,2121058,1241228,58.52
2026-10-05,BOSCHLTD,EQ,44960.0,45480.0,41822,25349,60.61
2026-10-05,BPCL,EQ,296.95,300.6,7903107,4725402,59.79
2026-10-05,BRITANNIA,EQ,4770.0,4778.0,204743,132347,64.64
2026-10-05,BSOFT,EQ,276.0,269.75,1555308,518819,33.36
2026-10-05,CANBK,EQ,118.5,118.36,22263750,12660112,56.86
2026-10-05,CANFINHOME,EQ,724.7,711.0,355842,207000,58.17
2026-10-05,CHAMBLFERT,EQ,397.6,399.3,432450,212352,49.1
2026-10-05,CHOLAFIN,EQ,1605.4,1580.0,1378981,787249,57.09
2026-10-05,CIPLA,EQ,1335.5,1344.0,1084209,645805,59.56
2026-10-05,COALINDIA,EQ,425.1,420.4,7764099,4676606,60.23
2026-10-05,COFORGE,EQ,1852.0,1826.0,3693526,1716771,46.48
2026-10-05,COLPAL,EQ,1775.0,1735.0,173685,100983,58.14
2026-10-05,CONCOR,EQ,441.45,442.0,949906,470256,49.51
2026-10-05,COROMANDEL,EQ,1801.4,1763.6,189198,129757,68.58
2026-10-05,CROMPTON,EQ,211.5,202.7,3915311,1091002,27.87
2026-10-05,CUB,EQ,227.65,230.04,1115230,472194,42.34
2026-10-05,CUMMINSIND,EQ,4832.3,4860.0,707402,499512,70.61
2026-10-05,DABUR,EQ,378.65,374.25,685009,249901,36.48
2026-10-05,DALBHARAT,EQ,1673.7,1682.1,20725,9876,47.65
2026-10-05,DEEPAKNTR,EQ,1497.0,1492.8,108056,54049,50.02
2026-10-05,DELTACORP,EQ,85.43,73.48,105531303,9680535,9.17
2026-10-05,DIVISLAB,EQ,9196.0,9249.0,480338,342890,71.39
2026-10-05,DIXON,EQ,12748.0,12700.0,211036,78613,37.25
2026-10-05,DLF,EQ,673.0,658.4,3470586,1848398,53.26
2026-10-05,DRREDDY,EQ,1203.0,1206.2,3075974,1857594,60.39
2026-10-05,EICHERMOT,EQ,7021.5,6920.0,381658,209504,54.89
2026-10-05,ESCORTS,EQ,2820.9,2667.3,222028,82815,37.3
2026-10-05,EXIDEIND,EQ,405.25,409.45,1713639,873429,50.97
2026-10-05,FEDERALBNK,EQ,327.35,318.2,7542230,4211030,55.83
2026-10-05,GAIL,EQ,167.5,171.22,9655433,5801626,60.09
2026-10-05,GLENMARK,EQ,2295.0,2331.0,490378,245450,50.05
2026-10-05,GNFC,EQ,586.3,589.15,297893,129196,43.37
2026-10-05,GODREJCP,EQ,837.0,840.0,788467,469415,59.54
2026-10-05,GODREJPROP,EQ,1599.9,1595.8,509332,255247,50.11
2026-10-05,GRANULES,EQ,817.25,821.75,575094,243114,42.27
2026-10-05,GRASIM,EQ,2972.0,2962.0,263562,143924,54.61
2026-10-05,HAL,EQ,4680.0,4601.0,465865,263181,56.49
2026-10-05,HAVELLS,EQ,1046.7,1040.0,845006,453819,53.71
2026-10-05,HCLTECH,EQ,1201.9,1243.1,3843425,1463806,38.09
2026-10-05,HDFCAMC,EQ,2346.0,2308.1,1244530,845481,67.94
2026-10-05,HDFCBANK,EQ,704.8,721.2,66056690,41947959,63.5
2026-10-05,HDFCLIFE,EQ,531.0,534.2,3381490,1677519,49.61
2026-10-05,HEROMOTOCO,EQ,5089.5,5168.0,1072997,512603,47.77
2026-10-05,HINDALCO,EQ,938.4,941.85,4401291,2576133,58.53
2026-10-05,HINDCOPPER,EQ,478.65,462.15,5563749,2254682,40.52
2026-10-05,HINDPETRO,EQ,342.35,345.0,2875288,1557381,54.16
2026-10-05,HINDUNILVR,EQ,1838.4,1836.0,975071,631635,64.78
2026-10-05,ICICIBANK,EQ,1332.0,1310.6,13223493,8126759,61.46
2026-10-05,ICICIGI,EQ,1600.0,1563.0,1196366,698762,58.41
2026-10-05,ICICIPRULI,EQ,454.9,448.05,1224982,569471,46.49
2026-10-05,IDEA,EQ,12.74,12.64,460591162,164503410,35.72
2026-10-05,IDFCFIRSTB,EQ,82.22,80.39,18439126,9138347,49.56
2026-10-05,IEX,EQ,104.3,105.98,3096998,1387421,44.8
2026-10-05,IGL,EQ,142.1,142.79,948892,426954,45.0
2026-10-05,INDHOTEL,EQ,725.0,718.0,3696656,2467143,66.74
2026-10-05,INDIACEM,EQ,299.05,295.15,143087,56732,39.65
2026-10-05,INDIAMART,EQ,1591.5,1620.3,61789,27433,44.4
2026-10-05,INDIGO,EQ,4935.0,4929.9,404828,189103,46.71
2026-10-05,INDUSINDBK,EQ,886.6,886.85,2459043,1474618,59.97
2026-10-05,INDUSTOWER,EQ,380.2,376.25,5862757,3948476,67.35
2026-10-05,INFY,EQ,1020.5,1035.0,12126808,5083314,41.92
2026-10-05,INTELLECT,EQ,600.2,610.95,306571,164873,53.78
2026-10-05,IOC,EQ,130.5,131.34,9644919,4840473,50.19
2026-10-05,IPCALAB,EQ,1951.3,1943.2,210605,123481,58.63
2026-10-05,IRCTC,EQ,452.8,454.1,1583641,742657,46.9
2026-10-05,ITC,EQ,268.9,255.9,49020716,30475361,62.17
2026-10-05,JINDALSTEL,EQ,1097.3,1100.5,444005,178068,40.1
2026-10-05,JKCEMENT,EQ,4981.5,4952.0,9705,3423,35.27
2026-10-05,JSWSTEEL,EQ,1235.3,1233.0,1047395,600739,57.36
2026-10-05,JUBLFOOD,EQ,445.7,443.4,949778,461623,48.6
2026-10-05,KOTAKBANK,EQ,416.0,418.35,21967652,14138771,64.36
2026-10-05,LALPATHLAB,EQ,1971.3,2005.1,350211,233494,66.67
2026-10-05,LAURUSLABS,EQ,1971.4,1984.0,1374138,637810,46.42
2026-10-05,LICHSGFIN,EQ,505.0,509.0,1495045,643737,43.06
2026-10-05,LT,EQ,3750.0,3693.4,2323437,1647674,70.92
2026-10-05,LTTS,EQ,3219.5,3267.8,62578,19439,31.06
2026-10-05,LUPIN,EQ,2011.0,2031.2,571495,322745,56.47
2026-10-05,M&M,EQ,2857.6,2860.0,3307236,2062573,62.37
2026-10-05,M&MFIN,EQ,326.2,319.75,3956735,1378389,34.84
2026-10-05,MANAPPURAM,EQ,310.7,308.9,3951162,2017810,51.07
2026-10-05,MARICO,EQ,790.0,781.35,3353838,1877095,55.97
2026-10-05,MARUTI,EQ,11532.0,11386.0,757171,489432,64.64
2026-10-05,MCX,EQ,3181.7,3204.0,1386833,622395,44.88
2026-10-05,METROPOLIS,EQ,553.6,537.9,264357,167596,63.4
2026-10-05,MFSL,EQ,1348.0,1392.0,2005008,1286675,64.17
2026-10-05,MGL,EQ,1043.7,1045.4,66059,35100,53.13
2026-10-05,MOTHERSON,EQ,156.5,157.03,14480075,8157007,56.33
2026-10-05,MPHASIS,EQ,2297.1,2250.2,1107616,580930,52.45
2026-10-05,MRF,EQ,123330.0,123715.0,3098,1277,41.22
2026-10-05,MUTHOOTFIN,EQ,2716.4,2697.1,499788,268410,53.7
2026-10-05,NATIONALUM,EQ,340.0,334.9,5169746,2487770,48.12
2026-10-05,NAUKRI,EQ,1201.7,1200.0,2021519,1086579,53.75
2026-10-05,NAVINFLUOR,EQ,8272.0,8136.5,133656,84305,63.08
2026-10-05,NESTLEIND,EQ,1297.1,1307.7,1676136,1092313,65.17
2026-10-05,NMDC,EQ,73.74,74.64,11989948,5898036,49.19
2026-10-05,NTPC,EQ,321.8,315.1,9458589,6339138,67.02
2026-10-05,OBEROIRLTY,EQ,1751.2,1754.6,419733,266943,63.6
2026-10-05,OFSS,EQ,10470.0,10420.0,158183,57332,36.24
2026-10-05,ONGC,EQ,224.9,222.37,19420879,13513768,69.58
2026-10-05,PAGEIND,EQ,37465.0,36660.0,24628,10694,43.42
2026-10-05,PERSISTENT,EQ,5530.0,5367.0,768988,284751,37.03
2026-10-05,PETRONET,EQ,290.0,285.5,2861154,1397738,48.85
2026-10-05,PFC,EQ,322.0,318.0,11353503,7334254,64.6
2026-10-05,PIDILITIND,EQ,1487.7,1464.0,843401,633497,75.11
2026-10-05,PIIND,EQ,2220.0,2236.0,210128,100221,47.7
2026-10-05,PNB,EQ,112.35,109.57,12282429,4002454,32.59
2026-10-05,POLYCAB,EQ,8080.0,7990.0,424158,276162,65.11
2026-10-05,POWERGRID,EQ,257.0,254.55,7327971,4777513,65.2
2026-10-05,PVRINOX,EQ,1231.4,1215.3,279083,129377,46.36
2026-10-05,RAIN,EQ,208.02,208.52,1705460,734479,43.07
2026-10-05,RAMCOCEM,EQ,837.1,830.85,93347,60021,64.3
2026-10-05,RBLBANK,EQ,416.55,411.4,4238401,1229051,29.0
2026-10-05,RECLTD,EQ,295.65,287.75,8639552,5891707,68.19
2026-10-05,RELIANCE,EQ,1186.4,1167.7,14254907,8879870,62.29
2026-10-05,SAIL,EQ,176.95,174.5,11407529,4768803,41.8
2026-10-05,SBICARD,EQ,566.0,563.2,778398,348965,44.83
2026-10-05,SBILIFE,EQ,1709.5,1721.6,1322426,838863,63.43
2026-10-05,SBIN,EQ,958.0,954.1,8165087,4989171,61.1
2026-10-05,SHREECEM,EQ,21990.0,21900.0,39075,24431,62.52
2026-10-05,SHRIRAMFIN,EQ,971.4,945.0,5092892,3028020,59.46
2026-10-05,SIEMENS,EQ,3701.1,3804.0,184140,81422,44.22
2026-10-05,SRF,EQ,2460.0,2486.2,204482,121234,59.29
2026-10-05,SUNPHARMA,EQ,1779.7,1801.0,1290843,736077,57.02
2026-10-05,SUNTV,EQ,626.85,599.9,4762809,516718,10.85
2026-10-05,SYNGENE,EQ,357.4,361.3,327748,166211,50.71
2026-10-05,TATACHEM,EQ,617.4,607.8,953155,235260,24.68
2026-10-05,TATACOMM,EQ,1677.2,1683.0,88150,34745,39.42
2026-10-05,TATACONSUM,EQ,953.75,957.0,1540341,1045565,67.88
2026-10-05,TATAPOWER,EQ,351.5,350.15,2763239,1543257,55.85
2026-10-05,TATASTEEL,EQ,178.14,178.0,20426029,10429502,51.06
2026-10-05,TCS,EQ,2114.4,2075.0,5270768,2458708,46.65
2026-10-05,TECHM,EQ,1535.9,1533.0,3346008,1943226,58.08
2026-10-05,TITAN,EQ,4580.0,4515.7,731987,430115,58.76
2026-10-05,TORNTPHARM,EQ,4772.0,4767.3,332068,203134,61.17
2026-10-05,TRENT,EQ,2580.0,2580.0,802316,480030,59.83
2026-10-05,TVSMOTOR,EQ,4031.0,4021.0,706602,337596,47.78
2026-10-05,UBL,EQ,1183.3,1188.8,56186,30312,53.95
2026-10-05,ULTRACEMCO,EQ,10850.0,10710.0,314538,198143,62.99
2026-10-05,UPL,EQ,502.5,516.8,5330366,3078846,57.76
2026-10-05,VEDL,EQ,255.05,252.05,7161255,4051298,56.57
2026-10-05,VOLTAS,EQ,1061.3,1053.2,436486,134505,30.82
2026-10-05,WHIRLPOOL,EQ,871.75,861.65,825507,181131,21.94
2026-10-05,WIPRO,EQ,162.14,159.35,30838863,17848579,57.88
2026-10-05,ZEEL,EQ,73.57,71.92,15449821,5951945,38.52
2026-10-05,ZYDUSLIFE,EQ,1139.0,1145.7,1592973,784232,49.23
2026-10-06,AARTIIND,EQ,481.15,470.85,755429,271331,35.92
2026-10-06,ABB,EQ,7122.5,6895.0,241531,107786,44.63
2026-10-06,ABBOTINDIA,EQ,26115.0,26240.0,12533,8338,66.53
2026-10-06,ABCAPITAL,EQ,378.9,377.4,4873650,3427340,70.32
2026-10-06,ABFRL,EQ,45.68,44.34,10464192,2193239,20.96
2026-10-06,ACC,EQ,1177.0,1184.4,62747,28005,44.63
2026-10-06,ADANIENT,EQ,2849.9,2864.0,1240051,608011,49.03
2026-10-06,ADANIPORTS,EQ,1783.4,1774.0,1684154,883094,52.44
2026-10-06,ALKEM,EQ,5292.0,5192.5,63668,33361,52.4
2026-10-06,AMBUJACEM,EQ,361.55,366.5,2356458,1278283,54.25
2026-10-06,APOLLOHOSP,EQ,7914.5,7985.0,1072883,694538,64.74
2026-10-06,APOLLOTYRE,EQ,401.55,401.6,333239,144654,43.41
2026-10-06,ASHOKLEY,EQ,153.7,152.6,9995070,5363173,53.66
2026-10-06,ASIANPAINT,EQ,2424.2,2366.0,439473,253201,57.61
2026-10-06,ASTRAL,EQ,1402.3,1362.1,359782,179664,49.94
2026-10-06,ATUL,EQ,6000.0,5856.0,37620,19470,51.75
2026-10-06,AUBANK,EQ,1028.0,1029.2,1179591,507320,43.01
2026-10-06,AUROPHARMA,EQ,1692.8,1674.9,1009636,632856,62.68
2026-10-06,AXISBANK,EQ,1248.0,1222.2,7518330,4101666,54.56
2026-10-06,BAJAJ-AUTO,EQ,10017.0,10024.0,159069,85826,53.96
2026-10-06,BAJAJFINSV,EQ,1752.4,1751.4,552353,314525,56.94
2026-10-06,BAJFINANCE,EQ,963.1,970.0,4380406,2497513,57.02
2026-10-06,BALKRISIND,EQ,2082.7,2066.5,122686,71919,58.62
2026-10-06,BALRAMCHIN,EQ,691.3,671.5,2257521,430380,19.06
2026-10-06,BANDHANBNK,EQ,164.15,168.27,12148002,5362636,44.14
2026-10-06,BANKBARODA,EQ,232.73,232.8,5312668,3142359,59.15
2026-10-06,BATAINDIA,EQ,619.85,611.05,71929,33412,46.45
2026-10-06,BEL,EQ,387.4,384.85,10038178,6034102,60.11
2026-10-06,BERGEPAINT,EQ,472.55,458.4,383616,199904,52.11
2026-10-06,BHARATFORG,EQ,1880.0,1833.0,1089594,664971,61.03
2026-10-06,BHARTIARTL,EQ,1810.5,1779.9,5155150,2984811,57.9
2026-10-06,BHEL,EQ,452.0,429.0,22865195,6924401,30.28
2026-10-06,BIOCON,EQ,369.1,369.8,4647884,3522148,75.78
2026-10-06,BOSCHLTD,EQ,45000.0,44960.0,21643,10870,50.22
2026-10-06,BPCL,EQ,300.5,296.95,6314935,3640399,57.65
2026-10-06,BRITANNIA,EQ,4883.8,4770.0,221171,124072,56.1
2026-10-06,BSOFT,EQ,279.45,276.0,1297747,642243,49.49
2026-10-06,CANBK,EQ,117.82,118.5,10318285,5474902,53.06
2026-10-06,CANFINHOME,EQ,734.75,724.7,197132,111115,56.37
2026-10-06,CHAMBLFERT,EQ,404.8,397.6,225621,109076,48.34
2026-10-06,CHOLAFIN,EQ,1611.0,1605.4,949646,548018,57.71
2026-10-06,CIPLA,EQ,1340.2,1335.5,575696,333157,57.87
2026-10-06,COALINDIA,EQ,411.65,425.1,5548430,2893047,52.14
2026-10-06,COFORGE,EQ,1849.7,1852.0,1921707,996271,51.84
2026-10-06,COLPAL,EQ,1809.4,1775.0,557765,378712,67.9
2026-10-06,CONCOR,EQ,445.85,441.45,929976,344871,37.08
2026-10-06,COROMANDEL,EQ,1788.3,1801.4,149119,94056,63.07
2026-10-06,CROMPTON,EQ,211.98,211.5,1180238,482281,40.86
2026-10-06,CUB,EQ,223.75,227.65,1326402,615641,46.41
2026-10-06,CUMMINSIND,EQ,4919.0,4832.3,883370,671014,75.96
2026-10-06,DABUR,EQ,388.9,378.65,2619919,1256770,47.97
2026-10-06,DALBHARAT,EQ,1682.6,1673.7,25720,13032,50.67
2026-10-06,DEEPAKNTR,EQ,1560.6,1497.0,279774,140920,50.37
2026-10-06,DELTACORP,EQ,84.34,85.43,61115839,5762396,9.43
2026-10-06,DIVISLAB,EQ,9550.0,9196.0,465106,294969,63.42
2026-10-06,DIXON,EQ,13015.0,12748.0,175676,68434,38.95
2026-10-06,DLF,EQ,666.1,673.0,3799738,2296045,60.43
2026-10-06,DRREDDY,EQ,1208.0,1203.0,1638100,841314,51.36
2026-10-06,EICHERMOT,EQ,7051.0,7021.5,233372,123780,53.04
2026-10-06,ESCORTS,EQ,2811.7,2820.9,106436,57740,54.25
2026-10-06,EXIDEIND,EQ,405.75,405.25,1097415,568176,51.77
2026-10-06,FEDERALBNK,EQ,320.0,327.35,4338051,2509948,57.86
2026-10-06,GAIL,EQ,172.08,167.5,6945149,4300740,61.92
2026-10-06,GLENMARK,EQ,2311.0,2295.0,493823,277080,56.11
2026-10-06,GNFC,EQ,629.5,586.3,2291498,1045452,45.62
2026-10-06,GODREJCP,EQ,872.5,837.0,1398890,488289,34.91
2026-10-06,GODREJPROP,EQ,1610.0,1599.9,371383,149094,40.15
2026-10-06,GRANULES,EQ,836.4,817.25,518092,292372,56.43
2026-10-06,GRASIM,EQ,2969.0,2972.0,359655,193812,53.89
2026-10-06,HAL,EQ,4816.0,4680.0,935720,528676,56.5
2026-10-06,HAVELLS,EQ,1057.0,1046.7,946495,536511,56.68
2026-10-06,HCLTECH,EQ,1204.4,1201.9,2002132,1011432,50.52
2026-10-06,HDFCAMC,EQ,2352.4,2346.0,885381,595166,67.22
2026-10-06,HDFCBANK,EQ,711.45,704.8,26568270,13533664,50.94
2026-10-06,HDFCLIFE,EQ,543.95,531.0,8334621,4618033,55.41
2026-10-06,HEROMOTOCO,EQ,5075.0,5089.5,388296,227763,58.66
2026-10-06,HINDALCO,EQ,940.5,938.4,2991457,1744038,58.3
2026-10-06,HINDCOPPER,EQ,485.5,478.65,3645773,1381111,37.88
2026-10-06,HINDPETRO,EQ,351.0,342.35,3973902,2456683,61.82
2026-10-06,HINDUNILVR,EQ,1895.2,1838.4,1576062,1021493,64.81
2026-10-06,ICICIBANK,EQ,1342.8,1332.0,12201451,6992545,57.31
2026-10-06,ICICIGI,EQ,1598.3,1600.0,333763,149846,44.9
2026-10-06,ICICIPRULI,EQ,459.5,454.9,595212,282366,47.44
2026-10-06,IDEA,EQ,13.21,12.74,337226121,101982490,30.24
2026-10-06,IDFCFIRSTB,EQ,81.56,82.22,29054579,12984815,44.69
2026-10-06,IEX,EQ,104.86,104.3,2589786,1039842,40.15
2026-10-06,IGL,EQ,141.38,142.1,1219033,666384,54.66
2026-10-06,INDHOTEL,EQ,736.0,725.0,2461719,1743006,70.8
2026-10-06,INDIACEM,EQ,295.25,299.05,139497,70389,50.46
2026-10-06,INDIAMART,EQ,1592.9,1591.5,41629,20668,49.65
2026-10-06,INDIGO,EQ,5050.5,4935.0,613781,338971,55.23
2026-10-06,INDUSINDBK,EQ,906.1,886.6,2405486,1380090,57.37
2026-10-06,INDUSTOWER,EQ,389.1,380.2,5484978,3394137,61.88
2026-10-06,INFY,EQ,1013.85,1020.5,8252213,4319853,52.35
2026-10-06,INTELLECT,EQ,601.4,600.2,288653,148785,51.54
2026-10-06,IOC,EQ,131.6,130.5,6515655,2829091,43.42
2026-10-06,IPCALAB,EQ,1945.5,1951.3,271603,213645,78.66
2026-10-06,IRCTC,EQ,454.8,452.8,718299,356013,49.56
2026-10-06,ITC,EQ,266.7,268.9,22132738,12630992,57.07
2026-10-06,JINDALSTEL,EQ,1085.9,1097.3,4442649,2060533,46.38
2026-10-06,JKCEMENT,EQ,4960.0,4981.5,9886,3765,38.08
2026-10-06,JSWSTEEL,EQ,1259.6,1235.3,1326118,709424,53.5
2026-10-06,JUBLFOOD,EQ,449.75,445.7,1587592,668915,42.13
2026-10-06,KOTAKBANK,EQ,431.9,416.0,40021922,25500459,63.72
2026-10-06,LALPATHLAB,EQ,1964.2,1971.3,245709,129769,52.81
2026-10-06,LAURUSLABS,EQ,2050.0,1971.4,2197316,1270771,57.83
2026-10-06,LICHSGFIN,EQ,502.0,505.0,1198970,509768,42.52
2026-10-06,LT,EQ,3770.0,3750.0,1994276,1234768,61.92
2026-10-06,LTTS,EQ,3246.0,3219.5,40233,16804,41.77
2026-10-06,LUPIN,EQ,2029.3,2011.0,1066347,737775,69.19
2026-10-06,M&M,EQ,2855.0,2857.6,2611087,1751923,67.1
2026-10-06,M&MFIN,EQ,327.75,326.2,1798943,1068793,59.41
2026-10-06,MANAPPURAM,EQ,310.2,310.7,3956853,1902645,48.08
2026-10-06,MARICO,EQ,794.15,790.0,1467158,835828,56.97
2026-10-06,MARUTI,EQ,11625.0,11532.0,263958,127080,48.14
2026-10-06,MCX,EQ,3310.0,3181.7,1520917,620597,40.8
2026-10-06,METROPOLIS,EQ,552.65,553.6,367729,145191,39.48
2026-10-06,MFSL,EQ,1361.0,1348.0,2855802,1900280,66.54
2026-10-06,MGL,EQ,1039.8,1043.7,57016,26303,46.13
2026-10-06,MOTHERSON,EQ,160.0,156.5,7313345,3711009,50.74
2026-10-06,MPHASIS,EQ,2298.0,2297.1,286928,159366,55.54
2026-10-06,MRF,EQ,124080.0,123330.0,2176,827,38.01
2026-10-06,MUTHOOTFIN,EQ,2686.0,2716.4,369508,184521,49.94
2026-10-06,NATIONALUM,EQ,337.25,340.0,6701284,3051444,45.54
2026-10-06,NAUKRI,EQ,1241.0,1201.7,1622862,975475,60.11
2026-10-06,NAVINFLUOR,EQ,8536.0,8272.0,112311,57042,50.79
2026-10-06,NESTLEIND,EQ,1341.4,1297.1,1650856,850020,51.49
2026-10-06,NMDC,EQ,74.38,73.74,10800931,6539124,60.54
2026-10-06,NTPC,EQ,321.45,321.8,7317350,4470144,61.09
2026-10-06,OBEROIRLTY,EQ,1751.8,1751.2,226302,125540,55.47
2026-10-06,OFSS,EQ,10482.0,10470.0,165190,81467,49.32
2026-10-06,ONGC,EQ,224.2,224.9,19173994,12730471,66.39
2026-10-06,PAGEIND,EQ,37970.0,37465.0,31600,10448,33.06
2026-10-06,PERSISTENT,EQ,5521.0,5530.0,266663,114711,43.02
2026-10-06,PETRONET,EQ,297.5,290.0,5098731,3215468,63.06
2026-10-06,PFC,EQ,322.6,322.0,7472995,4622088,61.85
2026-10-06,PIDILITIND,EQ,1520.5,1487.7,608466,356295,58.56
2026-10-06,PIIND,EQ,2250.0,2220.0,617515,400668,64.88
2026-10-06,PNB,EQ,111.92,112.35,8421589,4544861,53.97
2026-10-06,POLYCAB,EQ,8147.0,8080.0,301660,204900,67.92
2026-10-06,POWERGRID,EQ,257.2,257.0,4808578,3008746,62.57
2026-10-06,PVRINOX,EQ,1249.4,1231.4,335983,191803,57.09
2026-10-06,RAIN,EQ,212.63,208.02,3477479,1753827,50.43
2026-10-06,RAMCOCEM,EQ,848.25,837.1,167222,119892,71.7
2026-10-06,RBLBANK,EQ,414.5,416.55,2559971,1302870,50.89
2026-10-06,RECLTD,EQ,300.0,295.65,5488691,3189218,58.11
2026-10-06,RELIANCE,EQ,1218.0,1186.4,18003127,9851929,54.72
2026-10-06,SAIL,EQ,178.1,176.95,19432905,7355545,37.85
2026-10-06,SBICARD,EQ,569.4,566.0,622300,315073,50.63
2026-10-06,SBILIFE,EQ,1750.0,1709.5,941906,620999,65.93
2026-10-06,SBIN,EQ,958.75,958.0,8204620,4070060,49.61
2026-10-06,SHREECEM,EQ,22210.0,21990.0,22436,13791,61.47
2026-10-06,SHRIRAMFIN,EQ,965.05,971.4,4433773,3224530,72.73
2026-10-06,SIEMENS,EQ,3854.0,3701.1,219732,78473,35.71
2026-10-06,SRF,EQ,2470.0,2460.0,150635,53230,35.34
2026-10-06,SUNPHARMA,EQ,1804.1,1779.7,1478310,885883,59.93
2026-10-06,SUNTV,EQ,632.1,626.85,1439793,315753,21.93
2026-10-06,SYNGENE,EQ,363.2,357.4,319188,191574,60.02
2026-10-06,TATACHEM,EQ,616.55,617.4,691824,255644,36.95
2026-10-06,TATACOMM,EQ,1681.8,1677.2,132327,92458,69.87
2026-10-06,TATACONSUM,EQ,976.0,953.75,904358,542774,60.02
2026-10-06,TATAPOWER,EQ,351.65,351.5,5741438,4120835,71.77
2026-10-06,TATASTEEL,EQ,178.69,178.14,17244259,7583803,43.98
2026-10-06,TCS,EQ,2100.0,2114.4,2382510,1212217,50.88
2026-10-06,TECHM,EQ,1504.5,1535.9,2389084,1340425,56.11
2026-10-06,TITAN,EQ,4550.0,4580.0,800113,506313,63.28
2026-10-06,TORNTPHARM,EQ,4772.0,4772.0,302606,166689,55.08
2026-10-06,TRENT,EQ,2906.0,2580.0,6695372,933558,13.94
2026-10-06,TVSMOTOR,EQ,3981.0,4031.0,791080,508613,64.29
2026-10-06,UBL,EQ,1178.3,1183.3,93587,56894,60.79
2026-10-06,ULTRACEMCO,EQ,10750.0,10850.0,270277,172371,63.78
2026-10-06,UPL,EQ,509.55,502.5,1194229,627836,52.57
2026-10-06,VEDL,EQ,265.6,255.05,14899808,6506477,43.67
2026-10-06,VOLTAS,EQ,1067.9,1061.3,2705541,1909046,70.56
2026-10-06,WHIRLPOOL,EQ,867.8,871.75,392092,134227,34.23
2026-10-06,WIPRO,EQ,161.84,162.14,16386869,11316831,69.06
2026-10-06,ZEEL,EQ,72.42,73.57,15468698,6323461,40.88
2026-10-06,ZYDUSLIFE,EQ,1159.5,1139.0,1575419,841312,53.4
2026-10-07,AARTIIND,EQ,491.25,481.15,570690,250055,43.82
2026-10-07,ABB,EQ,7005.0,7122.5,133622,55141,41.27
2026-10-07,ABBOTINDIA,EQ,26095.0,26115.0,8952,6643,74.21
2026-10-07,ABCAPITAL,EQ,372.1,378.9,4394040,2627624,59.8
2026-10-07,ABFRL,EQ,44.62,45.68,4104346,1603086,39.06
2026-10-07,ACC,EQ,1165.5,1177.0,95185,52534,55.19
2026-10-07,ADANIENT,EQ,2743.0,2849.9,1738033,833459,47.95
2026-10-07,ADANIPORTS,EQ,1750.1,1783.4,1187835,585009,49.25
2026-10-07,ALKEM,EQ,5350.5,5292.0,205152,122172,59.55
2026-10-07,AMBUJACEM,EQ,356.9,361.55,3466426,1977216,57.04
2026-10-07,APOLLOHOSP,EQ,7917.0,7914.5,545499,349476,64.07
2026-10-07,APOLLOTYRE,EQ,407.6,401.55,546102,250947,45.95
2026-10-07,ASHOKLEY,EQ,149.2,153.7,11928149,4793128,40.18
2026-10-07,ASIANPAINT,EQ,2372.1,2424.2,522763,270675,51.78
2026-10-07,ASTRAL,EQ,1427.7,1402.3,759824,305706,40.23
2026-10-07,ATUL,EQ,5999.5,6000.0,45518,33182,72.9
2026-10-07,AUBANK,EQ,993.4,1028.0,1757696,849787,48.35
2026-10-07,AUROPHARMA,EQ,1682.0,1692.8,438151,216221,49.35
2026-10-07,AXISBANK,EQ,1242.5,1248.0,9678421,5440943,56.22
2026-10-07,BAJAJ-AUTO,EQ,9884.0,10017.0,442314,230908,52.2
2026-10-07,BAJAJFINSV,EQ,1743.3,1752.4,990041,605813,61.19
2026-10-07,BAJFINANCE,EQ,963.85,963.1,11415155,6378249,55.88
2026-10-07,BALKRISIND,EQ,2006.6,2082.7,295283,168068,56.92
2026-10-07,BALRAMCHIN,EQ,706.6,691.3,1646549,465608,28.28
2026-10-07,BANDHANBNK,EQ,162.99,164.15,10016167,3492255,34.87
2026-10-07,BANKBARODA,EQ,234.55,232.73,6320157,2681480,42.43
2026-10-07,BATAINDIA,EQ,615.1,619.85,45932,18883,41.11
2026-10-07,BEL,EQ,378.3,387.4,13636290,8473499,62.14
2026-10-07,BERGEPAINT,EQ,463.9,472.55,189882,88169,46.43
2026-10-07,BHARATFORG,EQ,1841.8,1880.0,410629,178939,43.58
2026-10-07,BHARTIARTL,EQ,1833.9,1810.5,13920833,9319805,66.95
2026-10-07,BHEL,EQ,448.5,452.0,14450998,6411593,44.37
2026-10-07,BIOCON,EQ,360.0,369.1,4416752,2259506,51.16
2026-10-07,BOSCHLTD,EQ,44410.0,45000.0,21193,9604,45.32
2026-10-07,BPCL,EQ,296.35,300.5,6249901,3865396,61.85
2026-10-07,BRITANNIA,EQ,4780.0,4883.8,248082,132950,53.59
2026-10-07,BSOFT,EQ,278.05,279.45,958771,482032,50.28
2026-10-07,CANBK,EQ,119.15,117.82,17756429,6183113,34.82
2026-10-07,CANFINHOME,EQ,727.0,734.75,448265,281816,62.87
2026-10-07,CHAMBLFERT,EQ,396.35,404.8,285277,155714,54.58
2026-10-07,CHOLAFIN,EQ,1564.7,1611.0,1859926,980210,52.7
2026-10-07,CIPLA,EQ,1327.2,1340.2,847901,523137,61.7
2026-10-07,COALINDIA,EQ,414.5,411.65,6400277,3840327,60.0
2026-10-07,COFORGE,EQ,1822.2,1849.7,1016382,480080,47.23
2026-10-07,COLPAL,EQ,1757.4,1809.4,184471,110836,60.08
2026-10-07,CONCOR,EQ,439.75,445.85,967884,526893,54.44
2026-10-07,COROMANDEL,EQ,1745.5,1788.3,287433,209553,72.9
2026-10-07,CROMPTON,EQ,210.7,211.98,1159041,539239,46.52
2026-10-07,CUB,EQ,222.12,223.75,2247151,1050140,46.73
2026-10-07,CUMMINSIND,EQ,4872.2,4919.0,631136,395231,62.62
2026-10-07,DABUR,EQ,383.55,388.9,2429201,1533133,63.11
2026-10-07,DALBHARAT,EQ,1640.1,1682.6,50180,26041,51.9
2026-10-07,DEEPAKNTR,EQ,1553.9,1560.6,121384,59458,48.98
2026-10-07,DELTACORP,EQ,82.37,84.34,13502678,2311847,17.12
2026-10-07,DIVISLAB,EQ,9588.0,9550.0,422217,263877,62.5
2026-10-07,DIXON,EQ,13024.0,13015.0,157095,52996,33.74
2026-10-07,DLF,EQ,656.0,666.1,3028905,1591739,52.55
2026-10-07,DRREDDY,EQ,1203.8,1208.0,1754646,892352,50.86
2026-10-07,EICHERMOT,EQ,6960.0,7051.0,272452,138782,50.94
2026-10-07,ESCORTS,EQ,2785.5,2811.7,38964,18364,47.13
2026-10-07,EXIDEIND,EQ,402.95,405.75,1208162,663746,54.94
2026-10-07,FEDERALBNK,EQ,323.5,320.0,8632011,5616124,65.06
2026-10-07,GAIL,EQ,170.71,172.08,7094410,4551031,64.15
2026-10-07,GLENMARK,EQ,2282.3,2311.0,500247,253725,50.72
2026-10-07,GNFC,EQ,618.2,629.5,457948,235068,51.33
2026-10-07,GODREJCP,EQ,865.55,872.5,1332394,811956,60.94
2026-10-07,GODREJPROP,EQ,1580.2,1610.0,196039,73548,37.52
2026-10-07,GRANULES,EQ,845.3,836.4,1224602,538703,43.99
2026-10-07,GRASIM,EQ,2921.1,2969.0,235855,135934,57.63
2026-10-07,HAL,EQ,4746.3,4816.0,515972,255469,49.51
2026-10-07,HAVELLS,EQ,1060.5,1057.0,486342,229800,47.25
2026-10-07,HCLTECH,EQ,1185.0,1204.4,1810295,986445,54.49
2026-10-07,HDFCAMC,EQ,2314.8,2352.4,727092,447709,61.58
2026-10-07,HDFCBANK,EQ,702.75,711.45,29944008,16689521,55.74
2026-10-07,HDFCLIFE,EQ,546.05,543.95,2546074,1291695,50.73
2026-10-07,HEROMOTOCO,EQ,5004.0,5075.0,397370,175733,44.22
2026-10-07,HINDALCO,EQ,910.85,940.5,3792281,2063869,54.42
2026-10-07,HINDCOPPER,EQ,479.95,485.5,2085383,803215,38.52
2026-10-07,HINDPETRO,EQ,343.15,351.0,4508391,2368752,52.54
2026-10-07,HINDUNILVR,EQ,1865.4,1895.2,620459,373095,60.13
2026-10-07,ICICIBANK,EQ,1357.5,1342.8,14774121,8923511,60.4
2026-10-07,ICICIGI,EQ,1590.0,1598.3,875700,541477,61.83
2026-10-07,ICICIPRULI,EQ,457.5,459.5,837553,447797,53.46
2026-10-07,IDEA,EQ,13.18,13.21,377013597,91681189,24.32
2026-10-07,IDFCFIRSTB,EQ,79.54,81.56,20250870,9714304,47.97
2026-10-07,IEX,EQ,105.85,104.86,7531830,1925445,25.56
2026-10-07,IGL,EQ,146.35,141.38,3700426,1279477,34.58
2026-10-07,INDHOTEL,EQ,731.3,736.0,3190796,1913212,59.96
2026-10-07,INDIACEM,EQ,303.05,295.25,252820,113287,44.81
2026-10-07,INDIAMART,EQ,1605.3,1592.9,58405,25077,42.94
2026-10-07,INDIGO,EQ,4990.0,5050.5,1618923,1039234,64.19
2026-10-07,INDUSINDBK,EQ,874.9,906.1,2429142,1103897,45.44
2026-10-07,INDUSTOWER,EQ,385.05,389.1,2499487,1075150,43.01
2026-10-07,INFY,EQ,992.0,1013.85,7493993,3753752,50.09
2026-10-07,INTELLECT,EQ,591.35,601.4,199132,82495,41.43
2026-10-07,IOC,EQ,130.0,131.6,7269916,3733717,51.36
2026-10-07,IPCALAB,EQ,1938.5,1945.5,135675,90922,67.01
2026-10-07,IRCTC,EQ,453.65,454.8,759796,399312,52.56
2026-10-07,ITC,EQ,265.7,266.7,50025295,29801536,59.57
2026-10-07,JINDALSTEL,EQ,1061.0,1085.9,904316,337268,37.3
2026-10-07,JKCEMENT,EQ,5047.0,4960.0,39360,18820,47.82
2026-10-07,JSWSTEEL,EQ,1230.0,1259.6,1830488,1235202,67.48
2026-10-07,JUBLFOOD,EQ,460.6,449.75,2597754,174876,6.73
2026-10-07,KOTAKBANK,EQ,440.0,431.9,37972097,26857344,70.73
2026-10-07,LALPATHLAB,EQ,1945.1,1964.2,254536,158368,62.22
2026-10-07,LAURUSLABS,EQ,2052.8,2050.0,1499990,667925,44.53
2026-10-07,LICHSGFIN,EQ,515.4,502.0,2958457,1267570,42.85
2026-10-07,LT,EQ,3701.5,3770.0,1609969,958784,59.55
2026-10-07,LTTS,EQ,3252.1,3246.0,46255,14451,31.24
2026-10-07,LUPIN,EQ,2012.9,2029.3,787301,475957,60.45
2026-10-07,M&M,EQ,2800.0,2855.0,3361287,2145846,63.84
2026-10-07,M&MFIN,EQ,321.75,327.75,2047176,1246817,60.9
2026-10-07,MANAPPURAM,EQ,308.9,310.2,4398209,1734754,39.44
2026-10-07,MARICO,EQ,787.25,794.15,1064427,646330,60.72
2026-10-07,MARUTI,EQ,11450.0,11625.0,628155,377682,60.13
2026-10-07,MCX,EQ,3362.6,3310.0,2369566,1090854,46.04
2026-10-07,METROPOLIS,EQ,541.45,552.65,119688,62577,52.28
2026-10-07,MFSL,EQ,1345.1,1361.0,795124,420394,52.87
2026-10-07,MGL,EQ,1041.6,1039.8,80050,38989,48.71
2026-10-07,MOTHERSON,EQ,159.2,160.0,11181774,5223970,46.72
2026-10-07,MPHASIS,EQ,2289.0,2298.0,277155,124877,45.06
2026-10-07,MRF,EQ,123075.0,124080.0,2173,1126,51.82
2026-10-07,MUTHOOTFIN,EQ,2654.4,2686.0,629510,330539,52.51
2026-10-07,NATIONALUM,EQ,321.3,337.25,9475375,4121153,43.49
2026-10-07,NAUKRI,EQ,1225.3,1241.0,1008055,542247,53.79
2026-10-07,NAVINFLUOR,EQ,8490.0,8536.0,111760,63397,56.73
2026-10-07,NESTLEIND,EQ,1324.0,1341.4,1409917,738617,52.39
2026-10-07,NMDC,EQ,72.8,74.38,15148455,7633863,50.39
2026-10-07,NTPC,EQ,316.75,321.45,6330699,3841830,60.69
2026-10-07,OBEROIRLTY,EQ,1736.0,1751.8,299046,190991,63.87
2026-10-07,OFSS,EQ,10576.0,10482.0,201807,69623,34.5
2026-10-07,ONGC,EQ,221.88,224.2,14223609,8778415,61.72
2026-10-07,PAGEIND,EQ,37570.0,37970.0,10168,3179,31.26
2026-10-07,PERSISTENT,EQ,5507.0,5521.0,298344,139845,46.87
2026-10-07,PETRONET,EQ,297.0,297.5,3121238,1922648,61.6
2026-10-07,PFC,EQ,325.55,322.6,15838626,8296781,52.38
2026-10-07,PIDILITIND,EQ,1488.5,1520.5,537272,282734,52.62
2026-10-07,PIIND,EQ,2210.0,2250.0,167302,76065,45.47
2026-10-07,PNB,EQ,114.59,111.92,18275898,5790063,31.68
2026-10-07,POLYCAB,EQ,8310.0,8147.0,531310,297242,55.95
2026-10-07,POWERGRID,EQ,253.05,257.2,4339989,2442587,56.28
2026-10-07,PVRINOX,EQ,1343.8,1249.4,5065408,1312675,25.91
2026-10-07,RAIN,EQ,218.95,212.63,4431420,2189483,49.41
2026-10-07,RAMCOCEM,EQ,845.0,848.25,165100,119770,72.54
2026-10-07,RBLBANK,EQ,412.0,414.5,1657559,550601,33.22
2026-10-07,RECLTD,EQ,298.9,300.0,6950416,3593006,51.69
2026-10-07,RELIANCE,EQ,1207.7,1218.0,11880731,6331287,53.29
2026-10-07,SAIL,EQ,174.31,178.1,8859876,4170095,47.07
2026-10-07,SBICARD,EQ,557.4,569.4,1197820,521901,43.57
2026-10-07,SBILIFE,EQ,1726.1,1750.0,1030112,575702,55.89
2026-10-07,SBIN,EQ,954.0,958.75,12523009,6500609,51.91
2026-10-07,SHREECEM,EQ,21780.0,22210.0,43001,26744,62.19
2026-10-07,SHRIRAMFIN,EQ,948.0,965.05,6096545,3457970,56.72
2026-10-07,SIEMENS,EQ,3793.0,3854.0,247482,81692,33.01
2026-10-07,SRF,EQ,2460.0,2470.0,200571,131363,65.49
2026-10-07,SUNPHARMA,EQ,1781.0,1804.1,1150689,843233,73.28
2026-10-07,SUNTV,EQ,636.5,632.1,1153473,243483,21.11
2026-10-07,SYNGENE,EQ,360.3,363.2,414606,264927,63.9
2026-10-07,TATACHEM,EQ,609.8,616.55,451020,190747,42.29
2026-10-07,TATACOMM,EQ,1659.6,1681.8,612618,454190,74.14
2026-10-07,TATACONSUM,EQ,968.5,976.0,532061,329487,61.93
2026-10-07,TATAPOWER,EQ,345.15,351.65,5227497,2189097,41.88
2026-10-07,TATASTEEL,EQ,175.64,178.69,18846203,9343295,49.58
2026-10-07,TCS,EQ,2080.3,2100.0,1349758,519737,38.51
2026-10-07,TECHM,EQ,1491.1,1504.5,1254257,625489,49.87
2026-10-07,TITAN,EQ,4377.0,4550.0,2951280,1326787,44.96
2026-10-07,TORNTPHARM,EQ,4716.2,4772.0,241200,145249,60.22
2026-10-07,TRENT,EQ,2890.3,2906.0,1317846,428656,32.53
2026-10-07,TVSMOTOR,EQ,3926.0,3981.0,673718,360226,53.47
2026-10-07,UBL,EQ,1185.7,1178.3,48162,24504,50.88
2026-10-07,ULTRACEMCO,EQ,10658.0,10750.0,287808,157451,54.71
2026-10-07,UPL,EQ,495.0,509.55,2175673,1253694,57.62
2026-10-07,VEDL,EQ,261.4,265.6,10190251,5271744,51.73
2026-10-07,VOLTAS,EQ,1056.8,1067.9,316203,71847,22.72
2026-10-07,WHIRLPOOL,EQ,845.5,867.8,242471,83056,34.25
2026-10-07,WIPRO,EQ,159.6,161.84,12404246,7589953,61.19
2026-10-07,ZEEL,EQ,70.12,72.42,16790305,6501949,38.72
2026-10-07,ZYDUSLIFE,EQ,1153.0,1159.5,1143059,637175,55.74
2026-10-08,AARTIIND,EQ,478.05,491.25,700924,221152,31.55
2026-10-08,ABB,EQ,6770.0,7005.0,155147,75357,48.57
2026-10-08,ABBOTINDIA,EQ,25580.0,26095.0,5523,2674,48.42
2026-10-08,ABCAPITAL,EQ,368.65,372.1,4608495,2867798,62.23
2026-10-08,ABFRL,EQ,43.18,44.62,3988608,1853805,46.48
2026-10-08,ACC,EQ,1130.1,1165.5,139914,72695,51.96
2026-10-08,ADANIENT,EQ,2596.0,2743.0,4400475,1274147,28.95
2026-10-08,ADANIPORTS,EQ,1708.0,1750.1,3344747,1667504,49.85
2026-10-08,ALKEM,EQ,5249.5,5350.5,281234,173228,61.6
2026-10-08,AMBUJACEM,EQ,341.0,356.9,2489181,1303913,52.38
2026-10-08,APOLLOHOSP,EQ,7666.0,7917.0,928942,593237,63.86
2026-10-08,APOLLOTYRE,EQ,401.7,407.6,400584,189931,47.41
2026-10-08,ASHOKLEY,EQ,145.02,149.2,15971379,8000950,50.1
2026-10-08,ASIANPAINT,EQ,2311.6,2372.1,652405,372610,57.11
2026-10-08,ASTRAL,EQ,1408.5,1427.7,579289,270330,46.67
2026-10-08,ATUL,EQ,5923.0,5999.5,25841,14393,55.7
2026-10-08,AUBANK,EQ,975.0,993.4,973635,612922,62.95
2026-10-08,AUROPHARMA,EQ,1645.0,1682.0,439291,255765,58.22
2026-10-08,AXISBANK,EQ,1245.0,1242.5,7360960,4138291,56.22
2026-10-08,BAJAJ-AUTO,EQ,9637.0,9884.0,198806,109652,55.16
2026-10-08,BAJAJFINSV,EQ,1708.0,1743.3,1193738,688664,57.69
2026-10-08,BAJFINANCE,EQ,955.95,963.85,9368412,5946045,63.47
2026-10-08,BALKRISIND,EQ,1996.9,2006.6,189701,117886,62.14
2026-10-08,BALRAMCHIN,EQ,689.45,706.6,1408394,312420,22.18
2026-10-08,BANDHANBNK,EQ,155.54,162.99,14678826,5929656,40.4
2026-10-08,BANKBARODA,EQ,234.0,234.55,14608595,7547885,51.67
2026-10-08,BATAINDIA,EQ,603.35,615.1,91894,50374,54.82
2026-10-08,BEL,EQ,367.3,378.3,13373488,8082930,60.44
2026-10-08,BERGEPAINT,EQ,467.95,463.9,545378,360263,66.06
2026-10-08,BHARATFORG,EQ,1790.6,1841.8,484831,221930,45.77
2026-10-08,BHARTIARTL,EQ,1804.6,1833.9,6582419,4402428,66.88
2026-10-08,BHEL,EQ,429.6,448.5,12838774,5429748,42.29
2026-10-08,BIOCON,EQ,350.0,360.0,2135284,900490,42.17
2026-10-08,BOSCHLTD,EQ,43155.0,44410.0,21529,8646,40.16
2026-10-08,BPCL,EQ,286.25,296.35,7116001,3987220,56.03
2026-10-08,BRITANNIA,EQ,4745.6,4780.0,193750,96068,49.58
2026-10-08,BSOFT,EQ,271.8,278.05,3155620,1305239,41.36
2026-10-08,CANBK,EQ,117.35,119.15,15108675,5832521,38.6
2026-10-08,CANFINHOME,EQ,723.75,727.0,193895,102055,52.63
2026-10-08,CHAMBLFERT,EQ,378.65,396.35,715945,390045,54.48
2026-10-08,CHOLAFIN,EQ,1544.0,1564.7,1539977,930731,60.44
2026-10-08,CIPLA,EQ,1306.8,1327.2,551708,276579,50.13
2026-10-08,COALINDIA,EQ,409.35,414.5,5463875,3427771,62.74
2026-10-08,COFORGE,EQ,1814.3,1822.2,1849205,721207,39.0
2026-10-08,COLPAL,EQ,1735.7,1757.4,234538,122049,52.04
2026-10-08,CONCOR,EQ,434.0,439.75,1456360,745991,51.22
2026-10-08,COROMANDEL,EQ,1673.7,1745.5,239886,139989,58.36
2026-10-08,CROMPTON,EQ,204.34,210.7,2157911,1065802,49.39
2026-10-08,CUB,EQ,220.07,222.12,2359128,1347159,57.1
2026-10-08,CUMMINSIND,EQ,4740.9,4872.2,224821,138593,61.65
2026-10-08,DABUR,EQ,376.8,383.55,874845,435302,49.76
2026-10-08,DALBHARAT,EQ,1592.9,1640.1,75425,41176,54.59
2026-10-08,DEEPAKNTR,EQ,1584.1,1553.9,631015,222957,35.33
2026-10-08,DELTACORP,EQ,78.32,82.37,9531081,2342108,24.57
2026-10-08,DIVISLAB,EQ,9361.0,9588.0,441895,272468,61.66
2026-10-08,DIXON,EQ,12650.0,13024.0,215841,78709,36.47
2026-10-08,DLF,EQ,636.95,656.0,4391406,2379418,54.18
2026-10-08,DRREDDY,EQ,1180.0,1203.8,2278637,1362705,59.8
2026-10-08,EICHERMOT,EQ,6767.5,6960.0,361283,228249,63.18
2026-10-08,ESCORTS,EQ,2773.6,2785.5,46619,19811,42.5
2026-10-08,EXIDEIND,EQ,394.9,402.95,1481428,741248,50.04
2026-10-08,FEDERALBNK,EQ,321.0,323.5,10087249,5593709,55.45
2026-10-08,GAIL,EQ,167.7,170.71,7163700,4908470,68.52
2026-10-08,GLENMARK,EQ,2192.2,2282.3,816490,496354,60.79
2026-10-08,GNFC,EQ,599.25,618.2,392723,197877,50.39
2026-10-08,GODREJCP,EQ,865.0,865.55,892378,576866,64.64
2026-10-08,GODREJPROP,EQ,1534.0,1580.2,866694,419372,48.39
2026-10-08,GRANULES,EQ,815.05,845.3,671015,389909,58.11
2026-10-08,GRASIM,EQ,2856.8,2921.1,493070,263428,53.43
2026-10-08,HAL,EQ,4647.4,4746.3,521431,258290,49.53
2026-10-08,HAVELLS,EQ,1023.7,1060.5,637800,386336,60.57
2026-10-08,HCLTECH,EQ,1176.9,1185.0,2500607,1082504,43.29
2026-10-08,HDFCAMC,EQ,2245.0,2314.8,970349,534513,55.08
2026-10-08,HDFCBANK,EQ,692.25,702.75,26808765,14883781,55.52
2026-10-08,HDFCLIFE,EQ,544.5,546.05,2480224,1376076,55.48
2026-10-08,HEROMOTOCO,EQ,4856.5,5004.0,490628,297582,60.65
2026-10-08,HINDALCO,EQ,890.15,910.85,3807802,2133250,56.02
2026-10-08,HINDCOPPER,EQ,467.5,479.95,3671010,1281894,34.92
2026-10-08,HINDPETRO,EQ,326.6,343.15,12074362,6496435,53.8
2026-10-08,HINDUNILVR,EQ,1844.5,1865.4,2027849,1250407,61.66
2026-10-08,ICICIBANK,EQ,1349.0,1357.5,11277755,5846684,51.84
2026-10-08,ICICIGI,EQ,1624.0,1590.0,896637,451232,50.32
2026-10-08,ICICIPRULI,EQ,457.0,457.5,1477630,1092707,73.95
2026-10-08,IDEA,EQ,12.8,13.18,296467874,98240511,33.14
2026-10-08,IDFCFIRSTB,EQ,78.46,79.54,17426267,9962851,57.17
2026-10-08,IEX,EQ,103.75,105.85,3581560,1852403,51.72
2026-10-08,IGL,EQ,142.03,146.35,1860599,686580,36.9
2026-10-08,INDHOTEL,EQ,711.65,731.3,2320806,1333896,57.48
2026-10-08,INDIACEM,EQ,294.6,303.05,1138184,932100,81.89
2026-10-08,INDIAMART,EQ,1602.7,1605.3,71691,37051,51.68
2026-10-08,INDIGO,EQ,4813.1,4990.0,748671,381232,50.92
2026-10-08,INDUSINDBK,EQ,864.0,874.9,1682277,1016037,60.4
2026-10-08,INDUSTOWER,EQ,373.0,385.05,2309118,1029062,44.57
2026-10-08,INFY,EQ,997.0,992.0,14847874,8973464,60.44
2026-10-08,INTELLECT,EQ,567.35,591.35,467950,201132,42.98
2026-10-08,IOC,EQ,126.25,130.0,12167724,6647110,54.63
2026-10-08,IPCALAB,EQ,1938.4,1938.5,320842,212808,66.33
2026-10-08,IRCTC,EQ,449.85,453.65,815679,429644,52.67
2026-10-08,ITC,EQ,255.0,265.7,53680318,22138791,41.24
2026-10-08,JINDALSTEL,EQ,1010.0,1061.0,2144341,1039155,48.46
2026-10-08,JKCEMENT,EQ,4966.5,5047.0,68549,47054,68.64
2026-10-08,JSWSTEEL,EQ,1175.2,1230.0,3829207,2315721,60.48
2026-10-08,JUBLFOOD,EQ,427.6,460.6,4370870,1190888,27.25
2026-10-08,KOTAKBANK,EQ,435.0,440.0,22068818,14342805,64.99
2026-10-08,LALPATHLAB,EQ,1898.9,1945.1,271926,164787,60.6
2026-10-08,LAURUSLABS,EQ,1997.9,2052.8,1394208,603879,43.31
2026-10-08,LICHSGFIN,EQ,537.0,515.4,14555953,6037279,41.48
2026-10-08,LT,EQ,3625.1,3701.5,1690918,958177,56.67
2026-10-08,LTTS,EQ,3176.6,3252.1,53392,17160,32.14
2026-10-08,LUPIN,EQ,1936.9,2012.9,611469,353242,57.77
2026-10-08,M&M,EQ,2751.2,2800.0,3278766,2007109,61.22
2026-10-08,M&MFIN,EQ,310.5,321.75,2187388,1643669,75.14
2026-10-08,MANAPPURAM,EQ,304.15,308.9,1839807,751910,40.87
2026-10-08,MARICO,EQ,777.25,787.25,565931,354039,62.56
2026-10-08,MARUTI,EQ,11228.0,11450.0,431962,260358,60.27
2026-10-08,MCX,EQ,3255.6,3362.6,2036568,1047741,51.45
2026-10-08,METROPOLIS,EQ,525.85,541.45,157417,80570,51.18
2026-10-08,MFSL,EQ,1322.4,1345.1,519819,221687,42.65
2026-10-08,MGL,EQ,1043.9,1041.6,94398,48785,51.68
2026-10-08,MOTHERSON,EQ,153.08,159.2,14700252,8324695,56.63
2026-10-08,MPHASIS,EQ,2303.4,2289.0,753211,304558,40.43
2026-10-08,MRF,EQ,122465.0,123075.0,2651,1405,53.0
2026-10-08,MUTHOOTFIN,EQ,2559.6,2654.4,699689,350811,50.14
2026-10-08,NATIONALUM,EQ,313.1,321.3,5007229,1910620,38.16
2026-10-08,NAUKRI,EQ,1182.8,1225.3,2180593,844770,38.74
2026-10-08,NAVINFLUOR,EQ,8417.5,8490.0,89654,46899,52.31
2026-10-08,NESTLEIND,EQ,1319.0,1324.0,1344650,749639,55.75
2026-10-08,NMDC,EQ,70.69,72.8,26538950,16106770,60.69
2026-10-08,NTPC,EQ,309.7,316.75,12262742,7640666,62.31
2026-10-08,OBEROIRLTY,EQ,1663.3,1736.0,352318,204319,57.99
2026-10-08,OFSS,EQ,10400.0,10576.0,174397,58324,33.44
2026-10-08,ONGC,EQ,219.8,221.88,9471873,6380065,67.36
2026-10-08,PAGEIND,EQ,36450.0,37570.0,18034,8205,45.5
2026-10-08,PERSISTENT,EQ,5468.0,5507.0,332743,92210,27.71
2026-10-08,PETRONET,EQ,288.5,297.0,2877618,1819871,63.24
2026-10-08,PFC,EQ,323.7,325.55,6668472,2926927,43.89
2026-10-08,PIDILITIND,EQ,1460.1,1488.5,985340,664324,67.42
2026-10-08,PIIND,EQ,2100.0,2210.0,246249,117740,47.81
2026-10-08,PNB,EQ,115.29,114.59,20438240,6722771,32.89
2026-10-08,POLYCAB,EQ,8151.0,8310.0,367261,165998,45.2
2026-10-08,POWERGRID,EQ,244.65,253.05,14409222,10306883,71.53
2026-10-08,PVRINOX,EQ,1309.2,1343.8,661907,233233,35.24
2026-10-08,RAIN,EQ,211.6,218.95,3708119,1979535,53.38
2026-10-08,RAMCOCEM,EQ,817.9,845.0,68677,32287,47.01
2026-10-08,RBLBANK,EQ,400.7,412.0,2517494,1083096,43.02
2026-10-08,RECLTD,EQ,295.0,298.9,4540452,2244126,49.43
2026-10-08,RELIANCE,EQ,1178.0,1207.7,13965493,7903788,56.6
2026-10-08,SAIL,EQ,166.25,174.31,13744496,5339518,38.85
2026-10-08,SBICARD,EQ,547.65,557.4,925527,369829,39.96
2026-10-08,SBILIFE,EQ,1682.5,1726.1,1427096,702088,49.2
2026-10-08,SBIN,EQ,940.0,954.0,7600646,3640658,47.9
2026-10-08,SHREECEM,EQ,21600.0,21780.0,32326,20975,64.89
2026-10-08,SHRIRAMFIN,EQ,917.25,948.0,6408257,4355851,67.97
2026-10-08,SIEMENS,EQ,3639.0,3793.0,240310,101566,42.26
2026-10-08,SRF,EQ,2485.2,2460.0,303720,98668,32.49
2026-10-08,SUNPHARMA,EQ,1759.8,1781.0,1605236,969402,60.39
2026-10-08,SUNTV,EQ,614.2,636.5,1100802,340144,30.9
2026-10-08,SYNGENE,EQ,346.0,360.3,333710,204121,61.17
2026-10-08,TATACHEM,EQ,592.95,609.8,744076,318229,42.77
2026-10-08,TATACOMM,EQ,1677.4,1659.6,514789,392805,76.3
2026-10-08,TATACONSUM,EQ,951.9,968.5,873932,509694,58.32
2026-10-08,TATAPOWER,EQ,335.65,345.15,6295578,2780581,44.17
2026-10-08,TATASTEEL,EQ,171.96,175.64,30689721,16014642,52.18
2026-10-08,TCS,EQ,2076.0,2080.3,4288031,1499110,34.96
2026-10-08,TECHM,EQ,1496.2,1491.1,1633921,840571,51.45
2026-10-08,TITAN,EQ,4359.5,4377.0,1490894,689787,46.27
2026-10-08,TORNTPHARM,EQ,4617.1,4716.2,253761,132858,52.36
2026-10-08,TRENT,EQ,2876.3,2890.3,1348808,411805,30.53
2026-10-08,TVSMOTOR,EQ,3839.4,3926.0,1018799,591110,58.02
2026-10-08,UBL,EQ,1162.7,1185.7,93742,43433,46.33
2026-10-08,ULTRACEMCO,EQ,10426.0,10658.0,227189,131986,58.1
2026-10-08,UPL,EQ,481.05,495.0,2055106,1177678,57.3
2026-10-08,VEDL,EQ,253.1,261.4,13299826,6490993,48.81
2026-10-08,VOLTAS,EQ,1032.0,1056.8,491244,218877,44.56
2026-10-08,WHIRLPOOL,EQ,823.15,845.5,426408,149639,35.09
2026-10-08,WIPRO,EQ,158.38,159.6,19938747,11019390,55.27
2026-10-08,ZEEL,EQ,68.37,70.12,15515933,4763850,30.7
2026-10-08,ZYDUSLIFE,EQ,1112.0,1153.0,1746342,832372,47.66
