Date,Symbol,Close,Price_Change_Percent,Delivery_Qty,Previous_Day_Delivery,Delivery_Multiple,Previous_Calendar_Month_Max,Delivery_Percent
2021-09-14,AARTIIND,926.95,-0.21529684051886538,262154,,,0,36.21
2021-09-14,ABB,1907.3,2.487909725953786,87283,,,0,53.24
2021-09-14,ABBOTINDIA,21454.05,0.3531577211737934,5152,,,0,22.42
2021-09-14,ABCAPITAL,113.85,0.618647812638081,1055250,,,0,44.42
2021-09-14,ABFRL,216.05,0.06947660954145701,1143549,,,0,46.71
2021-09-14,ACC,2442.95,-1.151169377680678,69770,,,0,39.9
2021-09-14,ADANIENT,1513.2,-1.2561584391007863,3771568,,,0,52.8
2021-09-14,ADANIPORTS,755.4,1.3823647832505643,1388244,,,0,24.72
2021-09-14,ALKEM,3806.3,-0.4589615178419585,25508,,,0,46.49
2021-09-14,AMBUJACEM,432.45,-0.8710601719197735,1589583,,,0,55.34
2021-09-14,APOLLOHOSP,4732.45,-0.28235194959808135,309654,,,0,58.54
2021-09-14,APOLLOTYRE,221.05,2.861796184271757,1743377,,,0,44.72
2021-09-14,ASHOKLEY,124.85,1.2570965125709628,5859513,,,0,50.16
2021-09-14,ASIANPAINT,3362.5,-0.13513312840617697,347892,,,0,61.1
2021-09-14,ASTRAL,2107.05,-1.3368608353624145,136801,,,0,52.06
2021-09-14,ATUL,9850.25,3.0474058343227997,14680,,,0,40.81
2021-09-14,AUBANK,1134.0,-1.4255910987482694,551394,,,0,29.87
2021-09-14,AUROPHARMA,748.05,1.616518372614274,1314599,,,0,55.28
2021-09-14,AXISBANK,794.4,0.767425635821647,3529043,,,0,56.01
2021-09-14,BAJAJ-AUTO,3751.05,1.3920611966320229,483586,,,0,65.18
2021-09-14,BAJAJFINSV,16831.25,-0.6314130190929421,54257,,,0,34.08
2021-09-14,BAJFINANCE,7417.55,-0.37606355474075115,300256,,,0,41.75
2021-09-14,BALKRISIND,2472.5,0.9760679572000365,111832,,,0,38.68
2021-09-14,BALRAMCHIN,360.1,-1.5178449336797362,382568,,,0,48.11
2021-09-14,BANDHANBNK,284.35,0.14086987145625432,1605398,,,0,48.53
2021-09-14,BANKBARODA,78.65,0.5111821086262054,3687664,,,0,30.32
2021-09-14,BATAINDIA,1793.6,1.396348012889356,154897,,,0,42.27
2021-09-14,BEL,202.4,3.0025445292620896,3223126,,,0,33.33
2021-09-14,BERGEPAINT,834.85,-0.5302037412129075,225852,,,0,44.75
2021-09-14,BHARATFORG,780.05,0.7165913492575796,1018259,,,0,47.31
2021-09-14,BHARTIARTL,694.2,0.129813933362194,4082118,,,0,35.56
2021-09-14,BHEL,58.0,5.1677243880326404,13765069,,,0,23.04
2021-09-14,BIOCON,355.7,0.5938914027149225,519242,,,0,44.23
2021-09-14,BOSCHLTD,14569.0,0.019909241320598074,9736,,,0,40.17
2021-09-14,BPCL,493.1,-1.0038144950813088,6993934,,,0,57.84
2021-09-14,BRITANNIA,4101.5,0.18686566435018603,191209,,,0,45.59
2021-09-14,BSOFT,408.9,0.036697247706416455,624328,,,0,51.65
2021-09-14,CANBK,155.25,-0.9885204081632725,4461742,,,0,46.11
2021-09-14,CANFINHOME,630.35,-0.2216066481994424,328821,,,0,27.3
2021-09-14,CHAMBLFERT,320.3,1.553582752060886,409659,,,0,56.85
2021-09-14,CHOLAFIN,581.25,-0.5390143737166285,690192,,,0,30.59
2021-09-14,CIPLA,953.15,0.2840759640170374,864685,,,0,62.94
2021-09-14,COALINDIA,154.7,0.06468305304009982,3172869,,,0,36.04
2021-09-14,COFORGE,5295.55,2.2731442587174175,116399,,,0,29.37
2021-09-14,COLPAL,1732.95,0.5599721464631864,188766,,,0,60.73
2021-09-14,CONCOR,729.1,-1.5461481331442757,575500,,,0,46.51
2021-09-14,COROMANDEL,827.2,-0.9400634692533274,76097,,,0,29.46
2021-09-14,CROMPTON,489.9,0.7402837754472478,534364,,,0,59.21
2021-09-14,CUB,156.9,0.8678881388620986,417299,,,0,27.11
2021-09-14,CUMMINSIND,1038.65,-0.526744241727721,215833,,,0,44.83
2021-09-14,DABUR,639.2,-0.15620118712902217,905993,,,0,63.68
2021-09-14,DALBHARAT,2447.85,1.5958329874657513,311634,,,0,54.68
2021-09-14,DEEPAKNTR,2451.15,0.9700939199209171,317542,,,0,31.68
2021-09-14,DELTACORP,230.4,3.6670416197975277,2982476,,,0,23.62
2021-09-14,DIVISLAB,5094.85,0.18976638086998635,184924,,,0,35.48
2021-09-14,DIXON,4289.15,-0.408660823126496,82210,,,0,44.24
2021-09-14,DLF,342.3,0.7802149271308801,2212855,,,0,32.39
2021-09-14,DRREDDY,4930.75,-0.013180841140439555,114330,,,0,36.88
2021-09-14,EICHERMOT,2820.3,0.545454545454552,135497,,,0,20.14
2021-09-14,ESCORTS,1466.0,6.320484461689095,973215,,,0,22.94
2021-09-14,EXIDEIND,182.6,-0.7878293941863717,2011998,,,0,46.29
2021-09-14,FEDERALBNK,82.35,0.30450669914738127,2738296,,,0,47.99
2021-09-14,GAIL,156.0,6.922549691569564,12346930,,,0,34.0
2021-09-14,GLENMARK,531.55,2.477347214189302,416721,,,0,37.08
2021-09-14,GMRINFRA,30.0,0.0,1449768,,,0,33.46
2021-09-14,GNFC,339.85,0.7858837485172107,407679,,,0,65.56
2021-09-14,GODREJCP,1114.05,-0.6421404682274288,274167,,,0,54.16
2021-09-14,GODREJPROP,1615.8,0.6164767420138155,151988,,,0,26.83
2021-09-14,GRANULES,335.6,3.628222942720395,740869,,,0,27.14
2021-09-14,GRASIM,1611.8,0.33927848849877335,396847,,,0,36.65
2021-09-14,GUJGASLTD,672.7,-0.510241810249195,475172,,,0,46.36
2021-09-14,HAL,1409.95,0.33446006048746096,366135,,,0,15.86
2021-09-14,HAVELLS,1465.55,1.0654437624991413,446500,,,0,43.6
2021-09-14,HCLTECH,1238.65,2.5033101621979474,3339205,,,0,59.7
2021-09-14,HDFC,2818.05,-1.1141132711067443,1238079,,,0,55.31
2021-09-14,HDFCAMC,3268.9,-1.0039218061507271,104178,,,0,34.92
2021-09-14,HDFCBANK,1548.55,-0.450001607148597,3748148,,,0,76.82
2021-09-14,HDFCLIFE,739.2,0.5851136209008121,1161336,,,0,58.81
2021-09-14,HEROMOTOCO,2851.7,2.2187970463832403,358095,,,0,40.67
2021-09-14,HINDALCO,477.95,-0.08362077976377842,8939862,,,0,58.61
2021-09-14,HINDCOPPER,126.0,1.1235955056179823,1826016,,,0,31.63
2021-09-14,HINDPETRO,274.15,1.2931830777757254,1502777,,,0,46.79
2021-09-14,HINDUNILVR,2762.55,-0.8541640497424849,1252787,,,0,71.38
2021-09-14,IBULHSGFIN,239.3,4.520637693819621,3735387,,,0,33.01
2021-09-14,ICICIBANK,707.45,0.007068136839138849,2897308,,,0,55.27
2021-09-14,ICICIGI,1614.7,-1.3532089073525286,701558,,,0,61.09
2021-09-14,ICICIPRULI,689.9,-0.5047591577732911,220076,,,0,34.88
2021-09-14,IDEA,8.7,9.433962264150932,225885043,,,0,29.08
2021-09-14,IDFC,54.85,-3.0918727915194344,13385763,,,0,53.69
2021-09-14,IDFCFIRSTB,47.95,2.3479188900747094,7472764,,,0,31.67
2021-09-14,IEX,586.3,-1.0881484605651701,1184195,,,0,25.82
2021-09-14,IGL,587.0,-0.7523881984952312,1069535,,,0,27.62
2021-09-14,INDHOTEL,153.9,-0.12978585334197834,1061968,,,0,37.49
2021-09-14,INDIACEM,181.35,1.511335012594452,431237,,,0,34.19
2021-09-14,INDIAMART,8776.5,0.8109443021399323,19950,,,0,12.67
2021-09-14,INDIGO,1943.0,2.387100173894712,254740,,,0,39.82
2021-09-14,INDUSINDBK,1036.6,4.044966375589677,4155548,,,0,53.02
2021-09-14,INDUSTOWER,246.25,3.0981787732886774,1365134,,,0,22.71
2021-09-14,INFY,1686.15,-0.33985460133577633,3829313,,,0,77.44
2021-09-14,INTELLECT,643.2,-0.07767593599502874,125134,,,0,72.61
2021-09-14,IOC,115.25,1.0964912280701753,4112639,,,0,44.53
2021-09-14,IPCALAB,2637.5,1.592743100360145,63077,,,0,27.57
2021-09-14,IRCTC,3738.45,8.810303427199297,1409524,,,0,11.92
2021-09-14,ITC,216.1,0.9105766985757593,9221721,,,0,47.0
2021-09-14,JINDALSTEL,401.1,-0.5947955390334516,1653685,,,0,28.51
2021-09-14,JKCEMENT,3391.9,-2.3337508458227076,28016,,,0,54.7
2021-09-14,JSWSTEEL,693.65,-0.10800691244239632,888958,,,0,27.9
2021-09-14,JUBLFOOD,4116.0,-0.46430644225188183,162933,,,0,43.91
2021-09-14,KOTAKBANK,1867.75,1.5053938751664382,2619984,,,0,62.86
2021-09-14,L&TFH,86.15,1.115023474178407,1655488,,,0,37.4
2021-09-14,LALPATHLAB,4141.7,-0.6893740483640854,35419,,,0,37.73
2021-09-14,LAURUSLABS,651.15,0.8440452222394195,1137785,,,0,36.42
2021-09-14,LICHSGFIN,419.6,0.01191753068764423,925857,,,0,46.96
2021-09-14,LT,1696.45,1.4805288030148949,756723,,,0,53.77
2021-09-14,LTTS,4544.0,3.904418910421312,130924,,,0,20.2
2021-09-14,LUPIN,982.65,-0.1473427497205615,354330,,,0,53.68
2021-09-14,M&M,750.2,0.623700623700636,2018292,,,0,65.33
2021-09-14,M&MFIN,168.95,0.23731830317411878,1609965,,,0,46.05
2021-09-14,MANAPPURAM,166.2,0.5444646098003492,797244,,,0,37.64
2021-09-14,MARICO,558.3,-3.0055594162613044,3286299,,,0,54.83
2021-09-14,MARUTI,6894.45,0.3018752636862243,439314,,,0,53.75
2021-09-14,MCDOWELL-N,758.9,0.5698383249403597,728699,,,0,36.02
2021-09-14,MCX,1613.5,-0.969741606825014,203854,,,0,40.73
2021-09-14,METROPOLIS,3077.45,0.14806859969409117,35144,,,0,29.39
2021-09-14,MFSL,1093.7,-0.10959905014156959,221864,,,0,35.32
2021-09-14,MGL,1189.05,0.6262429653450567,94444,,,0,45.58
2021-09-14,MPHASIS,3055.45,1.8415438970735287,194118,,,0,34.68
2021-09-14,MRF,80423.85,0.22462850619862518,3874,,,0,38.9
2021-09-14,MUTHOOTFIN,1542.4,-0.1391991194846307,123411,,,0,42.66
2021-09-14,NATIONALUM,98.15,-2.580645161290317,6838561,,,0,35.77
2021-09-14,NAUKRI,6722.5,1.7889724196930756,273890,,,0,21.51
2021-09-14,NAVINFLUOR,4008.1,-0.29229946391034495,42075,,,0,42.14
2021-09-14,NESTLEIND,20230.45,-1.0844772580033946,28226,,,0,47.69
2021-09-14,NMDC,151.9,0.23094688221708629,3371919,,,0,42.91
2021-09-14,NTPC,115.9,0.7826086956521788,4268793,,,0,57.93
2021-09-14,OBEROIRLTY,770.6,1.555086979441232,226709,,,0,34.37
2021-09-14,OFSS,4832.9,-0.47672491016362156,51016,,,0,44.6
2021-09-14,ONGC,123.95,0.7314099959366158,7740559,,,0,46.65
2021-09-14,PAGEIND,32590.45,1.5983041204573285,7650,,,0,48.79
2021-09-14,PEL,2648.7,3.0382011981638493,325862,,,0,27.22
2021-09-14,PERSISTENT,3587.6,-0.0027873010563845657,110372,,,0,64.06
2021-09-14,PETRONET,231.05,0.43468811128015644,1002581,,,0,59.16
2021-09-14,PFC,138.25,-0.3244412400865095,3648032,,,0,44.06
2021-09-14,PIDILITIND,2408.85,0.4943679599499336,170974,,,0,45.97
2021-09-14,PIIND,3497.6,1.445870495250523,146912,,,0,30.46
2021-09-14,PNB,37.8,0.5319148936170099,6162088,,,0,19.45
2021-09-14,POLYCAB,2462.95,0.8434499559850107,105365,,,0,21.27
2021-09-14,POWERGRID,174.1,0.11500862564691697,4001797,,,0,63.26
2021-09-14,RAIN,242.65,-0.3695339765961838,620988,,,0,33.68
2021-09-14,RAMCOCEM,1047.8,-0.7859104251491293,147726,,,0,65.38
2021-09-14,RBLBANK,175.35,1.7997097242380227,1670216,,,0,34.8
2021-09-14,RECLTD,157.45,-0.3796267004112766,1324444,,,0,44.28
2021-09-14,RELIANCE,2368.45,-0.13071619826697153,2491875,,,0,60.61
2021-09-14,SAIL,120.65,0.3326403326403374,5321158,,,0,23.28
2021-09-14,SBICARD,1061.3,-2.269901929186435,695456,,,0,61.62
2021-09-14,SBILIFE,1170.9,0.49349869115564515,816887,,,0,61.02
2021-09-14,SBIN,433.0,0.034654037195328,4167481,,,0,41.75
2021-09-14,SHREECEM,30658.5,-0.01581692802645029,12911,,,0,39.11
2021-09-14,SIEMENS,2207.3,-0.05659822055194585,50902,,,0,40.55
2021-09-14,SRF,10676.4,-0.08516213560432702,113725,,,0,43.99
2021-09-14,SUNPHARMA,781.4,0.14097142124824077,692798,,,0,34.69
2021-09-14,SUNTV,512.15,4.8091681162386175,1231618,,,0,22.63
2021-09-14,SYNGENE,667.1,-0.25418660287080325,561448,,,0,34.97
2021-09-14,TATACHEM,835.75,-0.18511883434849571,252724,,,0,30.83
2021-09-14,TATACOMM,1359.9,0.9726759726759829,145220,,,0,59.04
2021-09-14,TATACONSUM,881.3,-0.09069266523070721,275536,,,0,44.27
2021-09-14,TATAMOTORS,306.1,1.626826029216479,6975975,,,0,30.02
2021-09-14,TATAPOWER,133.0,1.4879816863792357,5027123,,,0,37.78
2021-09-14,TATASTEEL,1452.3,-0.7618982541255315,1378792,,,0,25.05
2021-09-14,TCS,3885.9,1.0545203947625101,1273237,,,0,63.94
2021-09-14,TECHM,1452.05,1.577474641483033,882048,,,0,56.72
2021-09-14,TITAN,2055.7,1.2335951542609374,527802,,,0,59.39
2021-09-14,TORNTPHARM,3133.1,0.22552422386077406,35658,,,0,40.22
2021-09-14,TRENT,1004.0,-0.208726766722992,257205,,,0,48.62
2021-09-14,TVSMOTOR,549.95,0.7880509484101655,613172,,,0,48.12
2021-09-14,UBL,1586.6,-0.7816897004565069,254325,,,0,34.46
2021-09-14,ULTRACEMCO,7856.45,-1.107691533082844,94577,,,0,56.16
2021-09-14,UPL,752.5,-0.4629629629629629,1077169,,,0,55.73
2021-09-14,VEDL,303.2,-1.7339167071787467,3087937,,,0,38.02
2021-09-14,VOLTAS,1227.75,1.2118214418202091,808266,,,0,38.92
2021-09-14,WHIRLPOOL,2275.85,-0.7890320190065133,30921,,,0,52.02
2021-09-14,WIPRO,673.45,0.40253447633247047,1503357,,,0,41.06
2021-09-14,ZEEL,261.55,39.97859245383999,63632612,,,0,29.11
2021-09-15,COROMANDEL,831.35,0.5016924564796877,586463,76097.0,7.706782133329829,76097,81.33
2021-09-15,GMRINFRA,32.3,7.666666666666658,9434790,1449768.0,6.507792971013293,1449768,29.05
2021-09-15,BHARTIARTL,725.5,4.50878709305675,20541501,4082118.0,5.032069381629831,4082118,36.85
2021-09-15,NTPC,124.2,7.161345987920618,20307081,4268793.0,4.757101363312768,4268793,41.68
2021-09-15,TATACONSUM,871.55,-1.1063202087824804,1279433,275536.0,4.643433162998664,275536,65.76
2021-09-15,TATACHEM,858.8,2.7580017947950886,1057078,252724.0,4.182736898751207,252724,31.24
2021-09-15,BANKBARODA,81.3,3.3693579148124493,14865614,3687664.0,4.031173664411942,3687664,38.18
2021-09-15,TATAPOWER,140.05,5.3007518796992565,18028979,5027123.0,3.58634133280606,5027123,26.16
2021-09-15,COALINDIA,161.05,4.104718810601179,10351755,3172869.0,3.262585061028363,3172869,42.09
2021-09-15,IEX,599.2,2.200238785604655,3680973,1184195.0,3.108417954813185,1184195,33.23
2021-09-15,METROPOLIS,3174.55,3.1552096703439654,107050,35144.0,3.04603915319827,35144,25.75
2021-09-15,BATAINDIA,1837.85,2.4671052631578947,458872,154897.0,2.9624331007056304,154897,43.34
2021-09-15,CUB,155.9,-0.6373486297004461,1131101,417299.0,2.7105289013393272,417299,69.28
2021-09-15,ALKEM,3852.15,1.2045818774137589,68212,25508.0,2.674141445820919,25508,57.87
2021-09-15,MFSL,1130.85,3.3967267075066165,564595,221864.0,2.5447796848519815,221864,50.28
2021-09-15,BSOFT,425.7,4.1085840058694085,1544568,624328.0,2.473968811265873,624328,38.85
2021-09-15,PNB,38.75,2.513227513227521,14990235,6162088.0,2.432655132481068,6162088,26.04
2021-09-15,SHREECEM,31040.45,1.2458208979565235,29789,12911.0,2.307257377430098,12911,35.5
2021-09-15,IPCALAB,2627.85,-0.3658767772511883,145261,63077.0,2.3029154842494095,63077,16.88
2021-09-15,CIPLA,952.95,-0.020983056182125773,1977518,864685.0,2.286980808039922,864685,78.8
2021-09-15,INDIACEM,185.0,2.012682657843951,953398,431237.0,2.210844616765259,431237,34.17
2021-09-15,RECLTD,161.3,2.4452207049857244,2894638,1324444.0,2.1855495589092477,1324444,31.09
2021-09-15,INDIAMART,8890.85,1.3029111832735185,43109,19950.0,2.1608521303258144,19950,22.81
2021-09-15,POWERGRID,177.9,2.182653647329128,8580109,4001797.0,2.1440640292348663,4001797,57.02
2021-09-15,LT,1717.0,1.2113531197500635,1614127,756723.0,2.1330486849216954,756723,58.53
2021-09-15,TITAN,2119.85,3.1205915260008803,1122600,527802.0,2.126933963872816,527802,40.15
2021-09-15,MGL,1180.3,-0.7358815861401959,199928,94444.0,2.1168946677396128,94444,49.13
2021-09-15,CANBK,161.6,4.0901771336553905,9388524,4461742.0,2.1042283484791366,4461742,49.4
2021-09-15,LALPATHLAB,4208.6,1.6152787502716408,74380,35419.0,2.100002823343403,35419,30.84
2021-09-15,SBIN,443.85,2.5057736720554327,8683362,4167481.0,2.083599661282199,4167481,39.15
2021-09-15,SAIL,120.75,0.08288437629506366,10954896,5321158.0,2.0587428525896057,5321158,35.07
2021-09-15,BANDHANBNK,291.15,2.39141902584841,3302653,1605398.0,2.057217587165301,1605398,41.35
2021-09-15,GLENMARK,535.9,0.8183613959176038,854431,416721.0,2.0503670321390093,416721,51.21
2021-09-16,HINDCOPPER,116.95,-6.139646869983942,6631782,793773.0,8.354758854231626,1826016,47.33
2021-09-16,BOSCHLTD,15279.6,4.796916366030642,71007,11439.0,6.207448203514293,11439,31.0
2021-09-16,AXISBANK,802.6,1.415213545615371,9698895,1863023.0,5.205998530345573,3529043,62.79
2021-09-16,BIOCON,376.75,5.384615384615385,1371649,314997.0,4.354482741105471,519242,24.8
2021-09-16,WHIRLPOOL,2261.7,-0.5080831408776062,213970,52112.0,4.105964077371815,52112,83.82
2021-09-16,COFORGE,5465.45,1.7907362225988421,262785,64650.0,4.064733178654293,116399,39.93
2021-09-16,OBEROIRLTY,771.05,-0.6442883834804459,768047,192197.0,3.9961445808207205,226709,78.94
2021-09-16,CROMPTON,490.35,0.06121824303642717,1164399,293988.0,3.960702477652149,534364,54.0
2021-09-16,MCX,1640.25,1.920029825706036,306233,80425.0,3.8076841778054087,203854,24.04
2021-09-16,PNB,41.8,7.870967741935477,56349701,14990235.0,3.7590939034644886,14990235,29.56
2021-09-16,HAL,1431.95,2.0597982965681974,829197,221119.0,3.7500033918387836,366135,32.38
2021-09-16,SIEMENS,2199.6,-0.4142614601018717,107045,30804.0,3.4750357096480977,50902,61.31
2021-09-16,ITC,230.75,6.828703703703703,44833384,13749583.0,3.2607086338545685,13749583,30.04
2021-09-16,INDUSTOWER,269.35,10.14107544469434,4533271,1552224.0,2.9205005205434267,1552224,10.59
2021-09-16,CHOLAFIN,609.4,5.0689655172413755,1657856,577082.0,2.872825698947463,690192,30.7
2021-09-16,INDUSINDBK,1130.95,7.3058494235969444,5450819,2018735.0,2.7001161618538343,4155548,20.02
2021-09-16,IDEA,11.25,25.69832402234638,718208890,271384245.0,2.6464649412496293,271384245,30.12
2021-09-16,LUPIN,968.1,-2.1478748673371406,1569958,627238.0,2.5029701644351903,627238,53.02
2021-09-16,MCDOWELL-N,743.1,-1.2557305162447587,1009673,406116.0,2.486168976351584,728699,54.64
2021-09-16,FEDERALBNK,85.9,2.689778840406455,7263900,3138987.0,2.3140905011712376,3138987,37.3
2021-09-16,BANKBARODA,85.9,5.658056580565816,32446623,14865614.0,2.1826628217307404,14865614,39.04
2021-09-16,INTELLECT,662.3,4.439012851848928,305228,140356.0,2.1746701245404543,140356,47.45
2021-09-16,TATACOMM,1382.5,0.37390641449160283,319950,152474.0,2.0983905452732925,152474,77.69
2021-09-16,ICICIBANK,727.2,1.798838104570592,6664432,3192052.0,2.087820624476042,3192052,49.16
2021-09-16,HEROMOTOCO,2920.4,1.580897059079298,728119,363752.0,2.0016907123534717,363752,65.12
2021-09-17,INDIGO,2196.05,10.92001919337325,1638398,165172.0,9.919344683118204,254740,19.54
2021-09-17,POLYCAB,2505.75,2.597960938459641,766162,82524.0,9.284111288837186,105365,34.74
2021-09-17,MFSL,1081.7,-2.0598487935171352,1501118,200125.0,7.500901936289819,564595,43.87
2021-09-17,BAJFINANCE,7428.8,0.23342103487823224,1275198,177821.0,7.171245241000782,346189,36.7
2021-09-17,NAVINFLUOR,3860.15,-4.180164078886946,314133,44983.0,6.98337149589845,59041,61.4
2021-09-17,PIDILITIND,2368.45,-1.3577393223798073,558808,110002.0,5.079980363993382,170974,64.77
2021-09-17,TATASTEEL,1385.9,-3.539237863232985,7796326,1744938.0,4.467967343252311,1744938,39.83
2021-09-17,DALBHARAT,2298.1,-3.792858039938038,940505,223207.0,4.213599931901777,311634,87.4
2021-09-17,PIIND,3464.25,0.29820929660244594,179316,43578.0,4.114828583230071,146912,49.35
2021-09-17,PFC,138.3,1.4301430143014426,6905821,1727665.0,3.997199109781121,3648032,56.12
2021-09-17,BERGEPAINT,818.75,-1.7932109871656525,704196,176791.0,3.9832118150810842,225852,64.91
2021-09-17,RELIANCE,2390.55,-1.5505312577217543,9460717,2473588.0,3.8246939263935626,2491875,58.77
2021-09-17,BAJAJ-AUTO,3822.2,0.2281368821292728,810251,215095.0,3.766944838327251,483586,62.1
2021-09-17,SUNPHARMA,769.9,-1.427565456756927,2606217,692079.0,3.7657796292041805,692798,64.31
2021-09-17,LAURUSLABS,651.15,0.20775623268698412,3582510,977081.0,3.666543510722243,1137785,47.96
2021-09-17,BRITANNIA,4051.85,-0.5204944697462657,479581,130976.0,3.6615944905936963,191209,77.16
2021-09-17,CANFINHOME,608.0,-2.525050100200401,655149,181143.0,3.6167503022473957,348093,33.78
2021-09-17,ASIANPAINT,3303.05,-1.1684270368929632,1045810,291198.0,3.5914051607497304,354905,67.66
2021-09-17,ACC,2394.85,-1.4343334568053634,277140,78630.0,3.5246089278901183,78630,51.5
2021-09-17,BIOCON,377.4,0.172528201725276,4682799,1371649.0,3.4139922093771804,1371649,25.32
2021-09-17,GRASIM,1568.8,-0.6113592448287934,1107314,327816.0,3.377852209776216,396847,56.59
2021-09-17,ASTRAL,2120.75,-0.31727379553466506,237764,71666.0,3.317668071330896,136801,63.46
2021-09-17,RECLTD,157.05,0.47984644913627633,3690115,1117623.0,3.3017529166812065,2894638,52.23
2021-09-17,HDFCLIFE,747.75,-0.9799377607097898,7403914,2257880.0,3.27914415292221,2257880,63.49
2021-09-17,IOC,118.25,-0.08449514152935726,19974157,6091635.0,3.2789484268180873,6255105,57.57
2021-09-17,NMDC,147.4,-3.090072320841544,11412647,3570744.0,3.1961537987601463,3637439,55.05
2021-09-17,TORNTPHARM,3097.2,-0.54748334269889,58894,18981.0,3.1027869975238396,35658,47.2
2021-09-17,BAJAJFINSV,16840.2,0.640650212155625,123185,40286.0,3.0577620016879314,54257,18.81
2021-09-17,OFSS,4790.8,-0.34322800740540427,200529,65710.0,3.051727286562167,70165,66.64
2021-09-17,KOTAKBANK,2007.95,5.3046989720998585,9086311,2982319.0,3.0467267250753522,3601404,62.07
2021-09-17,ULTRACEMCO,7711.85,-0.690236882601774,334847,111999.0,2.989732051179028,133320,66.54
2021-09-17,HINDUNILVR,2722.25,-1.661699629729974,2281596,792876.0,2.8776202079518107,1252787,73.72
2021-09-17,IRCTC,3863.4,2.48560893439797,1976843,729296.0,2.7106181852087494,1934179,16.04
2021-09-17,DLF,334.75,-2.2342289719626103,2265610,858659.0,2.638544521166144,2212855,22.88
2021-09-17,HDFC,2825.65,0.47291411097481406,2883353,1113081.0,2.590425135277666,1238079,64.83
2021-09-17,LALPATHLAB,3981.15,-2.7339025909773906,272814,105926.0,2.575514982157355,105926,57.63
2021-09-17,INDHOTEL,149.05,-3.8697194453402126,2107150,834812.0,2.524101234769026,1061968,53.05
2021-09-17,PETRONET,232.2,-0.25773195876289634,3079259,1225313.0,2.513038709293054,1248947,67.84
2021-09-17,HDFCBANK,1582.15,1.4231225359787203,6160971,2478795.0,2.485470157879131,5419693,60.11
2021-09-17,HINDPETRO,282.95,0.15929203539822606,5820574,2350953.0,2.475835969498327,2350953,51.8
2021-09-17,DABUR,653.95,2.1158650843223095,1183866,483781.0,2.447111399579562,905993,40.01
2021-09-17,MUTHOOTFIN,1513.5,-2.5748310267138717,530321,218481.0,2.427309468557907,218481,47.34
2021-09-17,GODREJCP,1090.6,-1.2763646238797988,989845,407822.0,2.4271495897720086,413448,65.41
2021-09-17,UPL,742.35,-1.5450928381962834,2038078,852298.0,2.3912739440899777,1077169,60.86
2021-09-17,JSWSTEEL,682.3,-1.0370585249111741,3073932,1294168.0,2.375218673309802,1294168,39.39
2021-09-17,BALRAMCHIN,357.95,-0.2646976873780966,704724,297446.0,2.369250216846083,532458,56.78
2021-09-17,AARTIIND,926.05,-2.9043250327654047,1618327,684263.0,2.3650657714942938,684263,56.41
2021-09-17,VEDL,302.0,-2.296991264962802,8049552,3522412.0,2.2852386376153615,3522412,47.73
2021-09-17,INFY,1691.3,-0.6432662652371888,4936266,2179368.0,2.264998843701477,3829313,66.22
2021-09-17,SAIL,115.15,-3.720735785953168,22124174,10032820.0,2.2051799992424863,10954896,45.08
2021-09-17,NESTLEIND,20175.7,0.7382220258290441,73368,33282.0,2.204434829637642,33282,77.12
2021-09-17,UBL,1594.65,-0.4556946221792162,293317,133108.0,2.2036015866814918,254325,20.45
2021-09-17,PAGEIND,33121.25,-0.09275458494208494,14932,6877.0,2.1712956230914644,8382,57.98
2021-09-17,M&M,754.15,-0.36990554197768255,3379089,1564957.0,2.1592216271756985,2018292,61.39
2021-09-17,TCS,3827.85,-1.9329797863346467,4501470,2125781.0,2.117560557743248,2125781,69.5
2021-09-17,INDIAMART,8608.75,-1.5917924096936442,80964,38355.0,2.1109112240907315,43109,39.23
2021-09-17,HAVELLS,1471.9,1.2937856995389294,1015263,495263.0,2.049947199770627,495263,48.36
2021-09-17,MRF,79397.25,-0.7183166044988378,5135,2509.0,2.0466321243523318,3963,38.75
2021-09-17,SBICARD,1078.05,0.06033042509744417,1034656,505932.0,2.0450495323482207,747732,69.94
2021-09-17,CUMMINSIND,1007.7,-2.3593818128966535,471878,234584.0,2.0115523650376836,234584,52.18
2021-09-20,GNFC,355.25,6.250934649319569,2289499,234647.0,9.757205504438582,504863,44.59
2021-09-20,INDHOTEL,161.05,8.0509896008051,9559317,2107150.0,4.536609638611394,2107150,20.61
2021-09-20,OBEROIRLTY,717.55,-3.1646423751686967,838893,305632.0,2.744781305622448,768047,82.9
2021-09-20,COROMANDEL,793.5,-1.7459138187221426,865353,368735.0,2.3468154636798784,586463,71.74
2021-09-20,GMRINFRA,34.05,7.923930269413618,15498946,7706443.0,2.0111672791195625,9434790,17.32
2021-09-21,SBICARD,1069.9,-0.22381796139138896,32714241,706530.0,46.30269203006242,1034656,82.25
2021-09-21,AUBANK,1084.85,-1.6677996827555035,1108258,201186.0,5.508623860507193,594691,57.42
2021-09-21,ATUL,9410.65,-1.7231206236652343,21353,4551.0,4.691935838277302,14680,61.67
2021-09-21,GUJGASLTD,632.75,-0.8384265789061311,1833998,466364.0,3.932546251425925,661307,48.76
2021-09-21,ICICIPRULI,692.3,2.0263797804141186,529360,160381.0,3.3006403501661667,425262,52.31
2021-09-21,DLF,330.7,2.383900928792566,3093265,1189758.0,2.5999110743529354,2265610,25.59
2021-09-21,MARUTI,6777.0,-2.4948204419889453,694586,286725.0,2.4224814717935303,439314,64.0
2021-09-21,ADANIPORTS,749.6,0.09347042328749439,2611503,1093989.0,2.387138261902085,2580511,33.63
2021-09-21,JKCEMENT,3229.1,-1.4030320147784086,57140,25357.0,2.2534211460346256,45225,57.0
2021-09-21,CANFINHOME,625.45,4.3373092001000915,662262,317864.0,2.083475951979463,655149,28.48
2021-09-22,METROPOLIS,3000.7,-2.2748367556301106,183476,16114.0,11.386123867444459,107050,58.22
2021-09-22,APOLLOTYRE,232.55,5.9212024595764055,4317308,880506.0,4.903212471010987,1743377,27.94
2021-09-22,SIEMENS,2161.95,-0.35030305823790014,144719,32833.0,4.407730027716018,132631,50.47
2021-09-22,BSOFT,434.85,5.9834267609066565,1585312,403799.0,3.92599288259753,1544568,36.55
2021-09-22,LICHSGFIN,430.7,5.706221622284943,3700700,1169728.0,3.163726951906768,2670572,38.7
2021-09-22,ABBOTINDIA,21464.95,3.2641456333332526,7231,2378.0,3.0407905803195963,5688,41.4
2021-09-22,CROMPTON,466.65,-2.3233908948194713,1276110,464908.0,2.7448656508384452,1164399,68.03
2021-09-22,OBEROIRLTY,750.7,3.5805450155226,1438419,535855.0,2.68434371238488,838893,47.54
2021-09-22,BALKRISIND,2692.2,6.184428492545544,357195,159916.0,2.2336414117411643,159916,25.7
2021-09-22,GODREJCP,1054.45,-2.4064047387662546,1006315,500573.0,2.0103261662135194,989845,63.04
2021-09-23,TRENT,1006.55,2.322862661380493,491273,81126.0,6.055678820600054,283636,40.68
2021-09-23,COLPAL,1701.55,-1.0956754243199334,476724,92767.0,5.138939493569912,338532,71.7
2021-09-23,RBLBANK,186.5,4.131769960915692,4720931,1375774.0,3.4314727564265644,3781137,39.39
2021-09-23,BALRAMCHIN,347.75,0.5784526391901663,740816,232085.0,3.1920029299610055,728450,74.97
2021-09-23,ICICIGI,1576.75,-3.1301836947840536,851337,283182.0,3.006324554526771,701558,55.31
2021-09-23,DLF,401.85,8.887684595583258,13347732,4451429.0,2.9985274391661645,4451429,17.46
2021-09-23,DIXON,4396.3,5.600326675714316,321947,107410.0,2.9973652360115444,159209,28.19
2021-09-23,MCDOWELL-N,829.15,7.194570135746603,3081240,1074818.0,2.866755115749829,1282421,20.36
2021-09-23,DRREDDY,4797.3,-1.0121018911139348,336659,129978.0,2.590122943882811,266609,60.11
2021-09-23,TATAMOTORS,321.5,3.6762334730731947,19717115,7652282.0,2.5766320425723985,8807961,37.41
2021-09-23,ABCAPITAL,113.1,2.8649386084583823,2892985,1238959.0,2.3350127001781336,2619771,40.88
2021-09-23,GMRINFRA,36.0,-0.6896551724137931,20925821,9393071.0,2.227793338302244,15498946,46.82
2021-09-23,TATACOMM,1462.0,0.7997793712079364,327394,151225.0,2.164946272111093,319950,71.34
2021-09-24,CHAMBLFERT,341.15,11.232474731007496,1342139,269318.0,4.983473069011355,734955,14.75
2021-09-24,ICICIPRULI,673.5,-1.7863652934742982,1081584,289491.0,3.7361576007544275,529360,72.23
2021-09-24,MARUTI,6952.25,1.5416185899776562,802803,236985.0,3.387568833470473,694586,48.66
2021-09-24,HCLTECH,1358.2,2.250997515621478,4552036,1678148.0,2.712535485547163,3339205,57.25
2021-09-24,INDUSTOWER,317.65,13.832646479125593,6218566,2341836.0,2.655423351592511,4533271,10.7
2021-09-24,ONGC,136.1,-1.1978221415608026,21776330,8531986.0,2.5523166587474475,14128911,64.68
2021-09-24,TATACHEM,884.95,4.462019713155884,2672513,1113110.0,2.4009424046140992,1507879,24.13
2021-09-24,TECHM,1514.75,-0.44364114360828133,1874366,833545.0,2.248668038318267,1604215,52.18
2021-09-24,APOLLOHOSP,4731.8,-6.931277290429167,634176,289486.0,2.1906966139986044,400053,32.52
2021-09-24,WIPRO,676.5,0.326264274061997,2866017,1382422.0,2.0731853225715446,2672030,23.63
2021-09-24,BHARTIARTL,739.4,1.7336268574573506,32677530,15817212.0,2.065947526024182,20642424,46.13
2021-09-27,ATUL,9404.35,-1.2142920918702342,33904,2508.0,13.518341307814993,21353,60.27
2021-09-27,BAJAJFINSV,18031.1,-2.6713807621720904,151622,47385.0,3.1997889627519256,123185,37.24
2021-09-27,IGL,524.7,-1.09330819981149,1758793,550276.0,3.1962015424986734,1448343,72.22
2021-09-27,ASHOKLEY,130.4,2.3547880690737832,11383392,3579941.0,3.1797708397987563,5859513,43.12
2021-09-27,METROPOLIS,2945.65,-3.5920010473260455,261694,83534.0,3.132784255512725,183476,28.71
2021-09-28,ABBOTINDIA,21010.8,-0.814788938508465,17503,2151.0,8.137145513714552,7231,81.73
2021-09-28,BHEL,60.35,5.97014925373134,26097881,3588562.0,7.272517794035605,13765069,22.23
2021-09-28,GODREJCP,1053.35,1.4104168672378803,1349961,253062.0,5.334506958768998,1006315,28.98
2021-09-28,AUROPHARMA,725.05,0.4224376731301876,2107027,586208.0,3.594333410666521,1940307,58.7
2021-09-28,DEEPAKNTR,2400.4,-1.7417466587527266,426574,159414.0,2.675887939578707,317542,44.8
2021-09-28,MGL,1079.6,-0.07404664938913197,428546,161218.0,2.658177126623578,300141,55.48
2021-09-28,L&TFH,88.65,1.8380241240666382,4978061,2312523.0,2.1526536168505137,3202908,33.45
2021-09-28,PERSISTENT,3511.45,-2.6706025832917666,209224,97668.0,2.1421960109759595,182294,58.46
2021-09-28,DIVISLAB,4784.05,-3.0106131716860447,627466,310329.0,2.021938007727283,310329,60.98
2021-09-29,CUB,159.4,5.878445699103284,5018466,295419.0,16.987620972246198,2014995,60.06
2021-09-29,OFSS,4533.65,-0.9741713536831839,345812,29064.0,11.89829342141481,200529,53.44
2021-09-29,HDFCAMC,2905.15,-5.503602387496538,2980652,274493.0,10.858754139449822,322617,40.62
2021-09-29,JINDALSTEL,382.5,5.838406198118435,5765848,815049.0,7.07423480060708,5492985,31.1
2021-09-29,ALKEM,3936.05,-0.00635114193531997,452827,64923.0,6.97483172373427,108577,68.3
2021-09-29,MRF,79056.7,-1.7790096982678398,14813,3046.0,4.863099146421536,5574,57.57
2021-09-29,SAIL,114.4,3.670140462165847,30409206,6261530.0,4.856513663593403,28220781,38.09
2021-09-29,AUBANK,1158.9,2.7758070237673094,1555369,368159.0,4.224720840723709,1108258,40.65
2021-09-29,LTTS,4785.8,3.8573800197480494,321480,90979.0,3.533562690291166,188524,34.5
2021-09-29,SBIN,460.0,3.394021128343453,17529709,5139742.0,3.410620416355529,14981767,45.37
2021-09-29,PIIND,3243.55,4.141850347562248,587013,182630.0,3.2142200076657725,250347,59.93
2021-09-29,NAUKRI,6441.8,-4.642917940329654,297974,93075.0,3.201439699167338,273890,46.24
2021-09-29,TATAPOWER,151.6,8.247054623348792,23711119,7747547.0,3.060467913263385,18028979,18.71
2021-09-29,CHOLAFIN,573.45,3.3708877872915806,2722092,903558.0,3.0126367095416122,1657856,57.3
2021-09-29,UBL,1557.05,-0.4889116124496767,598032,207335.0,2.8843755275279137,293317,56.75
2021-09-29,ASTRAL,2143.35,1.8678263349254876,527658,196317.0,2.687785571295405,274035,57.81
2021-09-29,PETRONET,239.5,0.041771094402670975,6591115,2581466.0,2.5532449391159906,3079259,61.24
2021-09-29,SUNPHARMA,811.3,4.670365114178806,7483512,3110016.0,2.4062615755031485,3110016,40.31
2021-09-29,BHARATFORG,744.2,-1.5478237862150988,1839273,768394.0,2.3936587219577454,1697136,58.39
2021-09-29,FEDERALBNK,81.35,0.5562422744128412,9989446,4250346.0,2.350266543006146,7770632,42.17
2021-09-29,AXISBANK,782.15,-0.8933096806893143,10315275,4408555.0,2.33983130526896,9698895,72.43
2021-09-29,TECHM,1395.35,-1.3224426293271134,5548492,2645817.0,2.097080788278252,2645817,69.81
2021-09-29,NTPC,140.65,6.593406593406607,29257264,13979397.0,2.092884550027444,20307081,38.57
2021-09-29,COALINDIA,185.7,6.387854482956159,19129908,9404350.0,2.0341552579391453,10351755,18.94
2021-09-30,INDIACEM,200.3,4.07898155365031,2842294,591169.0,4.8079212543282885,2088381,32.66
2021-09-30,ABFRL,246.35,6.345780271962006,4350393,1135352.0,3.831757023372487,3665250,21.7
2021-09-30,TORNTPHARM,3085.5,-1.574238001818266,139365,50576.0,2.7555559949383106,64779,28.76
2021-09-30,SYNGENE,599.9,-1.9851319336655466,785355,287538.0,2.7313085574776204,561448,51.57
2021-09-30,ASHOKLEY,133.8,3.4402783146501874,15279997,6025746.0,2.5357851127478654,11383392,41.71
2021-09-30,ASIANPAINT,3244.65,-2.3592783737831238,1233451,606740.0,2.032915252002505,1045810,59.36
2021-10-01,CUMMINSIND,918.1,-7.444931700186504,3652591,239919.0,15.22426735689962,471878,40.16
2021-10-01,TVSMOTOR,563.95,2.639002639002639,1688356,387087.0,4.3616964661691044,761350,47.98
2021-10-01,MUTHOOTFIN,1533.8,5.757429497345377,808763,192968.0,4.191176775423904,530853,24.28
2021-10-01,DELTACORP,281.3,6.836308393467528,9038703,2835048.0,3.1882010463314905,4515146,18.18
2021-10-01,BSOFT,397.25,-3.026974246307818,1617359,517941.0,3.1226703427610483,1585312,60.38
2021-10-01,INDIACEM,200.8,0.2496255616575137,6792054,2842294.0,2.3896380881077044,2842294,33.52
2021-10-04,AARTIIND,1021.35,8.423566878980894,2093701,231568.0,9.041409002971049,1618327,32.93
2021-10-04,HINDCOPPER,121.3,10.423304506144746,7716873,1143325.0,6.749500798110773,6631782,27.09
2021-10-04,ABB,1873.2,0.7692721501963502,123224,24305.0,5.069903312075705,104385,72.75
2021-10-04,UPL,702.95,-1.3611169578334292,3816995,762167.0,5.0080822182015226,2038078,49.68
2021-10-04,SIEMENS,2226.65,3.639833368242234,179349,36308.0,4.939655172413793,162093,42.74
2021-10-04,INDUSTOWER,304.65,-3.469581749049444,7754454,1641452.0,4.724143014842956,6218566,48.95
2021-10-04,DIVISLAB,5220.7,8.037580448233753,634233,149902.0,4.230984243038785,627466,21.96
2021-10-04,BALRAMCHIN,392.75,7.235494880546075,1804865,429133.0,4.20584061351609,756154,30.94
2021-10-04,NATIONALUM,105.05,9.999999999999996,22751199,5743562.0,3.9611653883078133,12052183,23.36
2021-10-04,ASTRAL,2354.0,7.009728157105183,537022,152726.0,3.516244778230295,527658,31.35
2021-10-04,SAIL,120.3,4.790940766550523,32527826,10956754.0,2.968746583157749,30409206,37.65
2021-10-04,DEEPAKNTR,2591.95,8.793468908056832,516312,209956.0,2.4591438206100324,426574,26.61
2021-10-05,ICICIGI,1548.7,-1.7789757412398892,1283814,176326.0,7.280911493483661,851337,34.82
2021-10-05,MGL,1080.15,-0.9763476347634639,482547,97812.0,4.93341307814992,428546,54.2
2021-10-05,IPCALAB,2348.55,-2.3106359968387222,206735,61286.0,3.3732826420389648,145261,60.62
2021-10-05,TATACONSUM,801.45,-1.5780424904826122,2178490,730749.0,2.9811741103990563,1823876,62.24
2021-10-06,BOSCHLTD,17277.35,11.658394405883639,80342,15162.0,5.298905157630919,71007,12.45
2021-10-06,BANDHANBNK,305.65,2.429624664879357,4491441,1078972.0,4.162703944124592,3302653,31.47
2021-10-06,HINDCOPPER,125.0,4.123281965847566,7979918,2992934.0,2.6662525802440014,7716873,20.96
2021-10-07,GRASIM,1592.0,-0.4377736085053158,2806396,485453.0,5.78098394695264,1107314,87.61
2021-10-07,TITAN,2375.35,10.602286219821657,1884100,391693.0,4.8101446796343055,1122600,22.53
2021-10-07,ULTRACEMCO,7354.6,-0.11408393317940563,373134,97193.0,3.839103639150968,334847,63.99
2021-10-07,BHARATFORG,741.5,2.7506408923993657,2194392,700514.0,3.132545530853059,1839273,55.91
2021-10-07,TATAMOTORS,376.5,12.03689927094182,27569259,8977040.0,3.071085680803472,19717115,16.89
2021-10-07,ATUL,10445.55,6.588876360352443,83354,29844.0,2.7929902157887683,33904,63.15
2021-10-07,CIPLA,916.05,0.28463517433903435,3545300,1360327.0,2.606211594712154,2375257,50.59
2021-10-07,EXIDEIND,184.2,2.704209645943682,3521536,1444941.0,2.4371486448235604,3276779,47.11
2021-10-07,BANDHANBNK,328.55,7.492229674464268,9671454,4491441.0,2.1533075910381547,4491441,43.93
2021-10-08,INDIAMART,8805.75,5.511787436719288,94626,20356.0,4.648555708390647,80964,24.16
2021-10-08,SRF,11943.9,3.1718883619684273,266876,98661.0,2.7049796778869055,225814,44.47
2021-10-08,COROMANDEL,859.15,0.15737934250408286,873019,416420.0,2.096486720138322,865353,53.79
2021-10-11,TCS,3685.6,-6.353461308805411,6606303,1040830.0,6.347148910004516,4501470,55.77
2021-10-12,JUBLFOOD,4275.95,5.211421822521308,468698,111013.0,4.222010034860782,279593,18.15
2021-10-12,BHEL,70.6,5.767790262172276,54235853,15674671.0,3.460095143304762,26097881,27.87
2021-10-12,HCLTECH,1250.35,-4.033310307774977,6494039,2526334.0,2.570538574867773,5862044,50.69
2021-10-12,FEDERALBNK,88.6,2.7246376811594137,11140328,4695246.0,2.3726824962951887,9989446,43.78
2021-10-13,SAIL,121.75,5.047454702329589,33265804,7396804.0,4.497321275513046,32527826,40.7
2021-10-13,TATACONSUM,848.15,3.9208478833547757,2220698,553928.0,4.009001169827125,2178490,30.7
2021-10-13,M&M,935.35,5.083698460847096,7264535,1872445.0,3.8797054119079597,3591434,41.47
2021-10-13,TATAMOTORS,506.9,20.446714981584876,52470394,14527893.0,3.611700196305135,27569259,26.51
2021-10-13,ASHOKLEY,146.45,5.283968368080514,18491847,5294108.0,3.49291079819301,15279997,30.1
2021-10-13,INDIAMART,9480.1,8.48844461483003,130551,44098.0,2.960474397931879,94626,22.49
2021-10-13,SRF,2405.6,-80.68853682913416,713743,294239.0,2.425725345722355,294239,41.22
2021-10-14,ACC,2309.85,2.2193211488250695,613854,116263.0,5.279874078597662,277140,47.56
2021-10-14,RECLTD,164.75,2.96875,9741924,2591190.0,3.7596332187141814,4599379,45.32
2021-10-14,CONCOR,677.35,-1.640891599506274,1890484,532402.0,3.55085818610749,1008221,61.29
2021-10-14,PFC,148.95,4.379817799579538,12786862,4383200.0,2.9172435663442235,6905821,39.54
2021-10-14,WIPRO,708.25,5.300327088908709,10479152,3637918.0,2.8805355150940732,4067336,17.7
2021-10-14,PERSISTENT,4212.0,5.238172573613005,229101,100426.0,2.2812916973692072,215746,34.94
2021-10-14,INFY,1715.75,0.3832202199859557,9689787,4375894.0,2.2143559693173556,5097015,49.3
2021-10-18,TATACOMM,1460.25,1.40625,334024,83358.0,4.00710189783824,327394,51.17
2021-10-18,HCLTECH,1221.4,-2.377812412580426,16805980,5246553.0,3.2032422049295985,6494039,70.43
2021-10-18,POLYCAB,2486.0,-3.0099682031874875,393677,130268.0,3.022054533730463,355376,41.96
2021-10-18,BANKBARODA,93.05,4.845070422535208,42477244,15148037.0,2.80414181718727,27053944,38.94
2021-10-18,POWERGRID,203.8,-0.4153432689958438,18371344,7224792.0,2.542819779448322,15728942,63.55
2021-10-18,IDFCFIRSTB,50.95,3.137651821862357,20640507,8620556.0,2.3943359337843173,15791735,36.21
2021-10-18,HDFCBANK,1670.3,-1.0133933862747504,8220482,3835435.0,2.1432984785298146,6227027,56.97
2021-10-18,PNB,46.0,8.108108108108116,108907456,51737305.0,2.1050082914059787,51737305,26.88
2021-10-19,MFSL,981.0,-2.056709265175721,1055895,240803.0,4.384891384243552,712643,70.55
2021-10-19,IEX,845.35,6.0798092608859395,11664454,2680924.0,4.350908119737822,5083942,17.85
2021-10-19,JKCEMENT,3334.05,-3.3902725257530317,106944,28159.0,3.797862139990767,90910,59.83
2021-10-19,SIEMENS,2311.6,2.0168586433646594,320468,84529.0,3.791219581445421,205310,20.46
2021-10-19,LT,1846.05,3.2206659397802513,2703715,1076006.0,2.512732271009641,2263739,40.72
2021-10-19,TITAN,2484.9,-4.013442521631648,2335354,940259.0,2.483734800730437,1884100,65.86
2021-10-19,CROMPTON,465.65,-1.5643166684282919,1560199,698298.0,2.234288226516473,1276110,62.74
2021-10-19,PERSISTENT,4191.95,1.5368778006539863,248121,121634.0,2.039898383675617,229101,35.0
2021-10-20,METROPOLIS,2907.55,5.731013291150762,438746,75177.0,5.836173297684132,261694,50.27
2021-10-20,BATAINDIA,2085.4,-1.581009014111095,511721,93601.0,5.467046292240467,358165,29.83
2021-10-20,NAVINFLUOR,3502.4,-9.327672353535085,386556,72056.0,5.364660819362718,139762,29.65
2021-10-20,DEEPAKNTR,2555.1,-12.673023685019999,1533688,315149.0,4.866548838803233,531164,28.05
2021-10-20,BALRAMCHIN,344.3,-6.958519119037968,1904529,417575.0,4.560926779620427,1804865,45.62
2021-10-20,ICICIPRULI,631.75,-4.236774291344557,1944386,451568.0,4.30585426779577,1081584,40.45
2021-10-20,DIXON,5209.35,-8.948141156730111,422380,188326.0,2.242812994488281,321947,26.41
2021-10-20,ACC,2263.6,0.9296622450117004,632759,285244.0,2.2183078346959095,613854,16.57
2021-10-20,ASTRAL,2187.95,-2.718865323907345,556218,276177.0,2.013991027493238,537022,53.56
2021-10-21,L&TFH,85.2,-6.732348111658448,10878646,2277928.0,4.7756759651753695,5704627,42.37
2021-10-21,HAVELLS,1285.8,-8.594583066751978,1520728,339760.0,4.475888862726631,917544,18.52
2021-10-21,KOTAKBANK,2143.75,6.365824009526406,3802840,926017.0,4.106663268600901,2752431,40.05
2021-10-21,TATACOMM,1426.65,-1.0747841764032868,432790,119571.0,3.6195231285177845,334024,39.97
2021-10-21,ASIANPAINT,3002.0,-5.28773346794548,1590299,529108.0,3.0056226706078912,1233451,31.16
2021-10-21,BERGEPAINT,750.05,-6.1968484242121145,1069064,411051.0,2.600806225991422,436379,40.97
2021-10-21,PIDILITIND,2305.5,-4.6328852119958635,320016,132095.0,2.4226200840304326,280289,46.88
2021-10-22,LICHSGFIN,408.5,-7.159090909090909,7711161,533327.0,14.45859857085803,3700700,49.19
2021-10-22,CANFINHOME,657.5,-5.943780845433082,2023518,397385.0,5.092084502434667,1182780,36.15
2021-10-22,TVSMOTOR,619.8,7.408370158565117,2256431,499300.0,4.519188864410174,1688356,12.23
2021-10-22,ABB,1909.3,1.829333333333331,169252,63302.0,2.6737227891693784,126147,50.07
2021-10-22,PERSISTENT,3871.9,-4.083730723973492,355708,163997.0,2.1689908961749302,248121,47.58
2021-10-25,RAMCOCEM,942.75,-2.194211017740427,567186,86410.0,6.563893067931953,320833,22.17
2021-10-25,ICICIBANK,841.7,10.852100618991187,37060732,6007101.0,6.169487078709015,8806092,38.56
2021-10-25,AXISBANK,845.1,3.4774090853434525,11571601,4864294.0,2.378886021280786,10315275,39.64
2021-10-25,CROMPTON,450.7,-3.7171544541764647,1920393,951208.0,2.018899126163783,1726180,48.47
2021-10-26,IDFCFIRSTB,52.85,7.092198581560282,31762504,7596256.0,4.1813367006061934,20640507,34.04
2021-10-26,IDFC,56.6,8.015267175572523,10285308,3165891.0,3.2487877820177635,4516289,41.84
2021-10-26,NESTLEIND,19217.6,2.788527111051674,65949,30831.0,2.139048360416464,56341,61.83
2021-10-27,GODREJCP,1009.9,4.76141078838174,1411395,439785.0,3.209284081994611,1349961,33.55
2021-10-27,TORNTPHARM,2821.45,-4.170841470663164,160855,50664.0,3.1749368387809884,139365,36.67
2021-10-27,AXISBANK,787.5,-6.461575008908419,18019299,7547160.0,2.387560221328288,11571601,45.5
2021-10-27,COLPAL,1533.4,-0.853485064011368,751745,362124.0,2.075932553489965,376222,67.79
2021-10-27,ABB,1879.7,1.847637624620727,333461,161109.0,2.0697850523558583,169252,63.01
2021-10-28,IRCTC,913.5,-77.882159243611,12402683,974598.0,12.725947518874449,4000609,20.92
2021-10-28,TVSMOTOR,651.95,4.170328353439326,3048501,427734.0,7.127095344302767,2256431,41.15
2021-10-28,TATACHEM,891.35,-10.632644876679361,3282103,562280.0,5.837132745251476,2417783,34.02
2021-10-28,JKCEMENT,3207.95,0.7949350384113781,155726,27288.0,5.706757549105834,106944,68.81
2021-10-28,LUPIN,881.75,-5.881411111704117,1688237,298484.0,5.65603851462725,1218502,48.26
2021-10-28,ADANIPORTS,688.1,-7.742843735335524,4720564,1008726.0,4.679728687473109,4456896,25.99
2021-10-28,NMDC,134.55,-4.098360655737705,17528737,3875599.0,4.5228458878227595,11106430,63.94
2021-10-28,EICHERMOT,2527.5,-2.1827470103332205,772009,190167.0,4.05963705585091,524511,57.95
2021-10-28,MCDOWELL-N,892.55,1.0929890134783076,3845803,1421090.0,2.7062346508665884,1981601,23.84
2021-10-28,ABB,1983.65,5.530137787944887,691843,333461.0,2.074734376733711,333461,51.04
2021-10-28,ADANIENT,1398.55,-10.724202866170886,1620439,791777.0,2.046585086457424,1240027,22.84
2021-10-29,INDIGO,2175.2,8.871593383217787,836554,111700.0,7.489292748433304,656295,15.79
2021-10-29,BEL,206.85,3.270094857713421,7851877,1885720.0,4.163861548904397,4823668,24.72
2021-10-29,DRREDDY,4659.2,1.9529754154859462,417789,119654.0,3.491642569408461,371929,21.48
2021-10-29,SBICARD,1055.1,-6.288302691180404,3048680,1101646.0,2.767386256565176,2498527,57.21
2021-10-29,RBLBANK,180.55,-10.196468540164137,6941225,3012490.0,2.3041487274646553,5106670,19.02
2021-11-01,CHOLAFIN,588.65,-4.245628304188698,2828487,804836.0,3.514364417098639,1342864,25.09
2021-11-01,SAIL,125.25,8.818418766290188,47723389,13713651.0,3.4799915062735662,38989712,23.75
2021-11-01,INDUSINDBK,1229.1,7.796877740747226,2734502,1001926.0,2.729245473218581,2538306,25.89
2021-11-02,PIIND,2781.9,-7.229799579817913,678707,76939.0,8.821364977449669,343732,40.31
2021-11-02,TORNTPHARM,2839.05,-1.4013336111689902,186706,33282.0,5.609819121447028,160855,76.95
2021-11-02,SUNPHARMA,815.4,0.44345898004434875,3436918,670826.0,5.123412032330291,2198053,19.52
2021-11-02,NAUKRI,6135.95,-2.5444120613390697,324746,89552.0,3.626340003573343,268644,73.94
2021-11-02,COLPAL,1527.0,-0.009822217856798017,875222,325734.0,2.6869224582020914,751745,77.45
2021-11-02,ABFRL,288.1,6.2315634218289215,2790139,1319707.0,2.114210957432218,2771188,27.42
2021-11-03,LT,1889.5,4.067413873819288,4767809,925907.0,5.149338972488597,2703715,41.17
2021-11-03,TRENT,1092.15,5.272543255096635,1314392,451385.0,2.911908902599776,472946,22.39
2021-11-03,IOC,132.55,1.3379204892966359,9600561,4109411.0,2.3362377236056457,8115594,46.24
2021-11-08,INDUSINDBK,1061.15,-10.760238836094512,8975855,78954.0,113.68461382577196,2734502,30.85
2021-11-08,DIVISLAB,4896.7,-5.978245216539787,1174007,11314.0,103.76586529962879,392378,43.97
2021-11-08,IPCALAB,2121.0,-0.5998687787046668,276527,4473.0,61.82137268052761,149293,49.68
2021-11-08,HDFC,2979.55,2.753733144808096,3663154,64595.0,56.7095595634337,3146703,66.83
2021-11-08,AUROPHARMA,672.0,-2.615752481704218,2036418,81982.0,24.839818496743188,1296721,45.25
2021-11-08,GAIL,151.9,0.2640264026402678,12062110,501841.0,24.03572047720294,10913223,65.87
2021-11-08,RELIANCE,2501.95,0.12405706625047158,6743994,402932.0,16.737300586699494,6238985,71.85
2021-11-08,MUTHOOTFIN,1659.4,8.450428076596312,1452655,94830.0,15.318517346831172,484724,20.28
2021-11-08,WHIRLPOOL,2304.7,9.000189178963286,271838,24514.0,11.089091947458595,157603,22.5
2021-11-08,IOC,140.45,4.307463795024124,10832486,1687352.0,6.419814004428241,9600561,43.62
2021-11-09,JINDALSTEL,413.3,-2.6613283089967052,4689467,694878.0,6.7486191820722485,3858353,41.41
2021-11-09,BRITANNIA,3621.6,-2.5849315436963693,443794,122722.0,3.6162546242727465,307349,31.72
2021-11-09,BSOFT,434.4,4.360360360360355,1705915,522389.0,3.265602836200609,1327602,29.36
2021-11-09,VOLTAS,1252.05,0.979917735301223,1372183,460455.0,2.980058854828376,1329450,68.97
2021-11-09,ABCAPITAL,112.75,5.177238805970146,5185030,2115951.0,2.4504489943292636,2585037,53.45
2021-11-10,TORNTPHARM,2825.95,-0.7515760268319698,280417,38058.0,7.368148615271428,186706,54.12
2021-11-10,INTELLECT,749.4,7.240984544934177,706865,138981.0,5.086054928371504,264756,43.05
2021-11-10,JSWSTEEL,662.4,-2.105963201064066,2572764,691861.0,3.7186139990547233,2057471,37.44
2021-11-10,BOSCHLTD,18784.7,0.12098923355719393,59564,18487.0,3.2219397414399307,24012,20.43
2021-11-10,PIDILITIND,2366.45,-1.0722795869737927,472710,199922.0,2.3644721441362133,320016,57.54
2021-11-11,ABBOTINDIA,19990.45,-0.33503426373478806,14093,2232.0,6.314068100358423,13232,77.84
2021-11-11,APOLLOHOSP,4567.25,0.31628540364825625,420407,175590.0,2.3942536590922034,401320,37.87
2021-11-12,TORNTPHARM,2791.35,-1.5257884710364777,447139,55873.0,8.002774148515384,280417,59.26
2021-11-12,ALKEM,3550.2,0.5665401393688744,205044,40360.0,5.080376610505451,98907,36.53
2021-11-12,PAGEIND,40439.95,0.6295576051429631,32116,7280.0,4.411538461538462,23477,52.84
2021-11-12,BALKRISIND,2361.75,-0.7626370855918354,485682,164859.0,2.946044801921642,282235,50.88
2021-11-12,IDFC,62.9,9.86899563318777,15755104,6306719.0,2.498145866337156,10285308,34.1
2021-11-15,GRANULES,302.9,-2.6827309236947863,3885917,500573.0,7.762937673426253,653868,39.6
2021-11-15,MANAPPURAM,197.1,-9.773403524834057,3463921,526960.0,6.573404053438591,3071379,17.22
2021-11-15,HEROMOTOCO,2693.25,0.3801643651814099,670929,160470.0,4.181024490558983,466125,33.15
2021-11-15,SYNGENE,593.2,6.950329036329229,836553,217445.0,3.8471935431948308,777272,23.43
2021-11-15,UPL,784.05,1.8842180495094538,1974313,615367.0,3.208350464032033,1630052,38.94
2021-11-15,APOLLOHOSP,5080.95,8.811435913909408,489452,163456.0,2.994396045418951,420407,16.08
2021-11-16,ABFRL,289.95,-0.12056493282811669,4092231,1322416.0,3.0945111069436546,2790139,67.74
2021-11-16,ASHOKLEY,147.1,-3.2873109796186717,15634427,5755291.0,2.7165311015550735,13724534,38.26
2021-11-16,IPCALAB,2153.35,-2.1226790300220575,525088,244568.0,2.1470020607765528,276527,62.47
2021-11-16,BIOCON,369.35,2.1008984105044983,4460530,2200768.0,2.02680609678076,2436932,65.84
2021-11-17,APOLLOHOSP,5733.95,12.49987737524156,1688472,154618.0,10.920280950471485,489452,26.05
2021-11-18,VEDL,309.55,-8.471318746303956,16689436,4699792.0,3.5511009848946506,9997575,24.02
2021-11-18,ESCORTS,1802.85,10.53986940126919,3112659,953334.0,3.2650246398429092,1105699,16.35
2021-11-22,BHARTIARTL,742.1,3.884650381465668,15761796,1777562.0,8.867086492623041,7514026,42.73
2021-11-22,ABFRL,269.55,-5.30476023186368,5313203,960244.0,5.533180108389118,4092231,66.01
2021-11-22,IDEA,10.6,6.532663316582919,212603246,47671119.0,4.459791388576383,84715372,45.2
2021-11-22,RECLTD,133.4,-2.091743119266051,4381828,1635337.0,2.679464844249228,3914762,54.94
2021-11-22,GMRINFRA,37.45,-4.58598726114649,9782502,3833133.0,2.5520904179427117,9301655,28.09
2021-11-22,HAVELLS,1377.5,0.33140318292727006,926858,389296.0,2.3808567259874236,658264,35.82
2021-11-22,EXIDEIND,169.6,-3.663731894348206,1656492,734021.0,2.256736523886919,1320438,45.65
2021-11-22,AARTIIND,912.45,-6.194098899969157,739084,348249.0,2.122286065430195,659750,38.61
2021-11-23,MGL,938.0,-0.2339927674962822,1021393,167061.0,6.1138925302733735,263855,57.89
2021-11-23,VEDL,354.6,7.9945180447693,154752901,26901797.0,5.752511663068456,26901797,46.42
2021-11-23,IPCALAB,2056.4,1.2132398178909851,544747,101747.0,5.353936725407137,525088,59.12
2021-11-23,ATUL,8650.45,3.465618907507744,77489,22706.0,3.41271029683784,40307,68.7
2021-11-23,GRASIM,1783.35,0.28397908114491116,777056,272332.0,2.8533407752302336,537289,53.04
2021-11-23,BAJAJ-AUTO,3434.85,-0.2714708785784771,485891,205993.0,2.358774327282966,320928,68.14
2021-11-23,GLENMARK,516.7,10.111880660628673,1231027,560450.0,2.1964974574003033,693084,17.25
2021-11-23,OBEROIRLTY,889.65,0.32138024357239775,702786,347064.0,2.0249464075790056,674527,40.66
2021-11-24,HDFCBANK,1518.05,0.1649566164098842,13238732,3430808.0,3.8587796227594198,7415309,85.96
2021-11-24,PIDILITIND,2263.1,-3.418402185046087,532345,139371.0,3.8196253166010146,472710,67.04
2021-11-24,ZEEL,334.4,7.042253521126761,8245811,3962168.0,2.0811361355702234,5440405,20.45
2021-11-24,ICICIGI,1487.9,2.0157696263284257,722534,354122.0,2.040353324560462,683528,53.29
2021-11-25,SIEMENS,2154.85,-5.339571252855394,720338,82648.0,8.71573419804472,146524,33.45
2021-11-25,TATACOMM,1293.55,3.862057890722222,1877777,286152.0,6.562166261287707,369810,61.14
2021-11-25,IBULHSGFIN,226.65,5.5167597765363094,15338792,3482923.0,4.403999743893276,9369451,43.63
2021-11-25,IPCALAB,2024.45,-1.7662614940437134,622509,292292.0,2.1297503865997016,544747,53.57
2021-11-25,RELIANCE,2492.95,6.019817980777397,9245255,4345352.0,2.127619350515217,7161105,47.25
2021-11-26,ALKEM,3562.9,6.836786710246185,228368,23623.0,9.667188756720146,205044,33.68
2021-11-26,INDHOTEL,182.05,-11.43274142544393,6167802,932782.0,6.61226524525559,5425698,32.57
2021-11-26,CIPLA,966.7,7.417078726595921,3020811,481793.0,6.269935428700707,1667171,20.89
2021-11-26,TATAMOTORS,460.2,-6.60578386605784,15263313,2471986.0,6.174514337864373,12955212,29.47
2021-11-26,BPCL,376.85,-5.811047238190452,5440021,1203153.0,4.521470669150141,3177054,54.27
2021-11-26,INDIGO,1888.1,-8.857887623093262,898260,210497.0,4.267329225594664,836554,31.86
2021-11-26,TATACONSUM,766.7,-5.087893042832373,1266979,345170.0,3.6705941999594405,1045027,48.42
2021-11-26,NATIONALUM,88.1,-9.081527347781229,19911403,5521405.0,3.6062203370337804,11361065,33.97
2021-11-26,JSWSTEEL,628.65,-7.673667205169629,3362125,943649.0,3.5628978571481555,2572764,37.68
2021-11-26,POLYCAB,2254.75,-3.9346427506284316,273782,77538.0,3.5309396682916763,248986,54.42
2021-11-26,BHARATFORG,698.15,-5.013605442176874,3037831,980690.0,3.097646554976598,1948723,60.1
2021-11-26,DELTACORP,266.75,-8.959044368600683,3151995,1157301.0,2.723574074506114,2994127,28.14
2021-11-26,RECLTD,130.05,-2.72999252056842,4478463,2069613.0,2.163913253347365,4381828,57.13
2021-11-29,CROMPTON,443.3,1.3488797439414801,2074038,462122.0,4.488074577708916,1940160,71.79
2021-11-29,BERGEPAINT,740.25,-2.8670778113108546,605350,239385.0,2.528771644004428,591239,54.98
2021-11-29,INDUSTOWER,281.5,1.0046645138141412,3022996,1214266.0,2.489566536492004,2976613,44.27
2021-11-29,COALINDIA,154.25,-1.0583707504810813,9582404,3946882.0,2.427841521484554,7314138,52.72
2021-11-29,HDFCLIFE,683.65,1.9384179527324237,3122123,1462497.0,2.134789336320006,2693419,63.7
2021-11-29,IDEA,11.2,3.2258064516129004,227225559,110751290.0,2.0516741520572808,212603246,35.0
2021-11-30,GODREJPROP,1996.7,-3.171524174385329,8079123,263290.0,30.685263397774317,752213,53.53
2021-11-30,RECLTD,134.55,4.383242823894496,61595539,2600334.0,23.687548984092043,4478463,55.21
2021-11-30,SRF,2005.85,-2.4486917615017956,10352754,547455.0,18.910694029646272,1007136,54.28
2021-11-30,TVSMOTOR,686.5,0.3214964196989691,5061627,442854.0,11.429561435597284,2614178,77.62
2021-11-30,MPHASIS,2895.15,-3.1236406223858095,6621387,661655.0,10.007310456355654,661655,58.79
2021-11-30,IPCALAB,2100.2,-0.9503148065177961,6022253,631733.0,9.532908681357473,663291,57.73
2021-11-30,COLPAL,1434.35,-0.7610613346248314,1092104,158325.0,6.89786199273646,875222,70.01
2021-11-30,MRF,74630.8,1.1007440571945324,12805,2065.0,6.200968523002421,8331,49.35
2021-11-30,HAVELLS,1360.35,2.274265092850162,3300124,538194.0,6.131848366945748,926858,49.97
2021-11-30,WIPRO,637.25,1.054551221059305,8710600,1685169.0,5.168977117428579,2928701,64.88
2021-11-30,PIDILITIND,2205.85,-0.5522744691402552,1193343,233441.0,5.111968334611315,532345,76.26
2021-11-30,WHIRLPOOL,2041.8,0.37854579420874324,783623,155742.0,5.031545761580049,271838,82.19
2021-11-30,TATAPOWER,216.8,-0.8461010747770383,93451742,18621471.0,5.018494081375204,22777113,41.99
2021-11-30,MARICO,538.35,0.6732117812061754,2998885,608085.0,4.931687181890689,1903698,62.99
2021-11-30,ASIANPAINT,3143.65,-0.020672327704102374,1338856,281065.0,4.763510220055859,987674,57.2
2021-11-30,INFY,1712.65,0.9608866094850818,10710732,2268845.0,4.720786126861905,6315371,72.33
2021-11-30,IRCTC,795.15,2.49419953596288,16943266,3618631.0,4.682230932084537,5253986,45.57
2021-11-30,NESTLEIND,19152.55,0.8007726153133502,99373,23265.0,4.271351816032667,35760,58.53
2021-11-30,HCLTECH,1138.65,0.48537263380841017,4949933,1214350.0,4.076199612961667,3465588,66.69
2021-11-30,TECHM,1541.45,0.3123678130999222,3075413,815585.0,3.7708062311101846,1763415,54.31
2021-11-30,BEL,203.75,3.2953105196451205,5888129,1605045.0,3.668513343862633,5525039,54.73
2021-11-30,SHREECEM,26102.25,2.0971129738208076,39275,10968.0,3.5808716265499636,21833,40.21
2021-11-30,BAJAJFINSV,17237.35,2.0541254203571087,142337,41336.0,3.44341494097155,108756,31.03
2021-11-30,PEL,2418.35,1.4110789617142656,590820,172155.0,3.431907292846563,244521,44.06
2021-11-30,BRITANNIA,3545.5,0.4789434903361132,444592,133109.0,3.3400596503617335,443794,70.19
2021-11-30,HEROMOTOCO,2449.3,-1.666131363417376,787539,236221.0,3.3339076542729056,670929,51.56
2021-11-30,ICICIGI,1437.35,0.2161408401603562,1150660,353005.0,3.25961388648886,728514,80.55
2021-11-30,COALINDIA,152.0,-1.4586709886547813,30277895,9582404.0,3.159738933987755,9582404,53.45
2021-11-30,CANFINHOME,590.1,1.6625032302523866,668962,214040.0,3.1254064660811065,557646,45.37
2021-11-30,NAUKRI,5805.05,-0.698780341777989,354819,114580.0,3.0966922674114157,324746,61.43
2021-11-30,TATACONSUM,778.6,1.6449086161879924,1917897,651058.0,2.9458158873710176,1266979,54.34
2021-11-30,PETRONET,219.85,-0.04546487838144774,3271909,1142058.0,2.8649236728782603,2562780,67.95
2021-11-30,BERGEPAINT,751.75,1.5535292131036813,1691379,605350.0,2.794051375237466,605350,54.44
2021-11-30,SBILIFE,1160.55,2.1386138613861347,1361699,495957.0,2.7455989128089735,1332808,60.43
2021-11-30,HDFCLIFE,680.8,-0.41687998244716196,8559286,3122123.0,2.74149545037143,3122123,74.2
2021-11-30,TATASTEEL,1071.2,-3.9067055393585965,5658219,2147733.0,2.6345076413129567,4615973,42.36
2021-11-30,HINDUNILVR,2317.55,-0.5087146904782308,2756810,1092735.0,2.522853207776817,1956220,70.13
2021-11-30,LUPIN,884.4,-0.963045912653978,906414,377545.0,2.4008104994106665,548703,48.05
2021-11-30,GODREJCP,923.1,1.084099868593953,1366762,571883.0,2.3899329058566177,1005907,60.64
2021-11-30,CONCOR,620.0,3.635603844546594,2239678,944439.0,2.3714374353452157,1335976,55.49
2021-11-30,TCS,3529.15,0.7752712735579694,3849797,1648719.0,2.335023130078564,2146221,68.89
2021-11-30,POWERGRID,206.75,3.245942571785269,14650181,6542900.0,2.239095966620306,13317745,51.76
2021-11-30,HDFC,2673.1,-1.4997420591053234,5331025,2411498.0,2.2106694676918663,3663154,69.88
2021-11-30,BAJFINANCE,6997.25,1.3249828041849183,917065,448254.0,2.0458601596416317,878981,41.77
2021-12-01,IDEA,12.8,15.837104072398189,273364674,68012299.0,4.019341766406103,227225559,29.26
2021-12-01,GNFC,425.75,0.23543260741612712,1291516,340586.0,3.7920407767788458,971737,31.62
2021-12-02,NMDC,141.6,2.9069767441860463,16037488,5187900.0,3.091325584533241,6642019,63.42
2021-12-02,CUB,145.45,-0.3084304318026162,1375992,447657.0,3.073764064897902,1373202,72.85
2021-12-02,PERSISTENT,4392.6,4.412935737291876,191380,72684.0,2.6330416597875734,163543,39.02
2021-12-02,MCX,1642.85,3.538791201865498,474732,198805.0,2.387927869017379,332820,36.73
2021-12-03,IEX,255.75,-64.94414365019531,10859553,4071738.0,2.6670559353278627,4071738,18.32
2021-12-03,POWERGRID,206.1,-3.9160839160839185,26074158,10294804.0,2.532749336461384,14650181,73.02
2021-12-06,JSWSTEEL,642.85,-0.2637499030331133,5330906,1492137.0,3.5726652445452394,3362125,38.91
2021-12-07,HINDCOPPER,125.8,10.061242344706912,2656960,644332.0,4.123588460607264,1802340,17.36
2021-12-07,KOTAKBANK,1937.15,2.7556757903670723,4343985,1871414.0,2.321231432489016,2235879,59.15
2021-12-07,ASIANPAINT,3030.35,-0.2616594806306248,1345852,630231.0,2.135490002871963,1338856,65.45
2021-12-08,WHIRLPOOL,1891.9,-6.046234449879571,1211982,135814.0,8.923837012384585,783623,44.88
2021-12-08,LUPIN,889.25,2.666974542515733,1286707,328959.0,3.9114509710936622,906414,71.97
2021-12-09,SBICARD,955.75,-6.068796068796069,4725984,945428.0,4.998777273361906,1783238,63.68
2021-12-09,ABCAPITAL,124.45,4.623791509037411,6215579,1274904.0,4.87533100531491,5185030,35.13
2021-12-09,LTTS,5384.6,-0.1159371898680171,177904,47296.0,3.7615020297699595,172794,52.02
2021-12-10,DLF,419.1,5.143000501756146,3633563,456967.0,7.951477896653369,2940035,27.42
2021-12-10,IDFCFIRSTB,52.1,5.252525252525255,17972386,6074715.0,2.9585562450254868,12258115,30.34
2021-12-10,SIEMENS,2445.35,7.648793801725656,822150,321216.0,2.559492677824268,720338,24.36
2021-12-10,TATACHEM,940.15,0.45947534327081846,800185,387763.0,2.0635929678695493,537493,34.69
2021-12-13,PEL,2746.3,3.6300516961624196,695281,89153.0,7.798739246015277,590820,31.27
2021-12-13,PERSISTENT,4413.0,1.7382884544448456,191935,48064.0,3.9933214047936083,191380,34.91
2021-12-13,SAIL,113.0,0.6681514476614699,23071362,7398437.0,3.1184102804416662,22766015,33.18
2021-12-13,POLYCAB,2545.3,2.979790827989403,299268,112183.0,2.6676769207455675,273782,20.22
2021-12-13,NAUKRI,5490.0,-2.763018065887354,427117,168761.0,2.5308987266015253,354819,68.15
2021-12-13,FEDERALBNK,91.95,-0.7019438444924314,7318210,3116145.0,2.348481858193377,7008918,49.72
2021-12-13,JUBLFOOD,3738.55,-1.306740935309724,227787,107771.0,2.1136205472715295,212568,48.12
2021-12-14,CHOLAFIN,554.95,-4.161989465503827,2305493,576718.0,3.9976088833710754,1957158,57.25
2021-12-14,SBICARD,902.25,-1.9985879541628175,5791116,1567778.0,3.6938367549487237,4947155,77.94
2021-12-14,KOTAKBANK,1840.4,-1.74576904596657,6902587,2579061.0,2.6763954012720133,4343985,68.27
2021-12-14,L&TFH,81.05,1.6938519447929665,4601140,2173244.0,2.117175982080245,4226050,41.63
2021-12-14,ICICIPRULI,576.5,1.4786129202605134,1244032,613061.0,2.0292140586336433,1187709,64.9
2021-12-15,IEX,261.6,-6.219752643842971,15454320,6239445.0,2.4768741450561707,10859553,38.08
2021-12-16,JKCEMENT,3570.85,2.8529869232098544,74330,14254.0,5.214676582012067,65072,35.01
2021-12-16,IBULHSGFIN,254.0,-4.13285525570862,32731985,8509650.0,3.846454907076084,23861565,30.43
2021-12-17,BAJAJ-AUTO,3179.15,-2.274718349907013,2022256,148535.0,13.614676675531019,485891,63.78
2021-12-17,WIPRO,670.8,4.112990842775105,27077353,2358282.0,11.481813031690018,8710600,51.77
2021-12-17,HDFCAMC,2397.95,-1.6326530612244972,771932,148704.0,5.191064127394018,314143,62.91
2021-12-17,UPL,715.6,-2.493527728573369,1646181,337466.0,4.878064753189951,1333953,58.57
2021-12-17,JUBLFOOD,3553.35,-3.2628226069911768,362316,84998.0,4.262641473917033,227787,47.28
2021-12-17,PERSISTENT,4640.15,3.029731109976238,363659,96016.0,3.787483336110648,191935,27.58
2021-12-17,BHEL,60.15,-7.603686635944694,15820754,4316241.0,3.665400982011894,9732577,25.84
2021-12-17,ADANIPORTS,723.95,-2.8450647520633336,2238746,802359.0,2.790204883350221,2164185,45.01
2021-12-17,HAL,1247.7,-2.5919275509407482,682583,264614.0,2.5795422766747036,421014,61.0
2021-12-17,MANAPPURAM,163.9,-3.758073987081624,2171416,854805.0,2.5402471908797915,1908253,43.65
2021-12-17,FEDERALBNK,85.2,-3.837471783295702,9523702,3956833.0,2.406900164854064,7318210,48.69
2021-12-20,CUB,134.9,-3.642857142857139,4040178,717111.0,5.633964616356463,1375992,70.62
2021-12-20,APOLLOTYRE,202.25,-5.1804969526488565,1403169,599158.0,2.3419014683939796,1376594,38.27
2021-12-21,ADANIPORTS,725.6,3.4060139660823676,2821204,951944.0,2.9636239106502065,2238746,40.63
2021-12-22,ABB,2284.45,3.79145842798727,464786,122949.0,3.7803154153348135,269314,48.33
2021-12-22,ZEEL,348.75,0.27314548591144006,16222700,5028937.0,3.2258705965097594,8245811,22.97
2021-12-22,INDIACEM,186.75,5.717520520803846,1230706,389471.0,3.1599425887935175,983505,7.71
2021-12-22,M&MFIN,145.0,0.9046624913013301,2339614,961810.0,2.432511618718874,2152773,38.35
2021-12-23,GMRINFRA,42.6,-0.5834305717619603,13761282,4620472.0,2.9783281881158463,9037435,39.47
2021-12-23,ABBOTINDIA,18714.8,2.717106436696438,13406,5066.0,2.6462692459534147,9445,60.65
2021-12-24,HCLTECH,1265.2,3.0754816896818604,7541986,1717841.0,4.390386537520062,4949933,47.28
2021-12-24,L&TFH,76.9,-6.900726392251803,8827866,3784614.0,2.3325670728903924,4601140,28.3
2021-12-27,RBLBANK,140.95,-18.47888953152112,31352353,936580.0,33.475360353627025,2822596,16.44
2021-12-27,NAVINFLUOR,4243.95,6.271441091774128,124698,26026.0,4.791285637439484,124334,18.97
2021-12-27,GMRINFRA,46.15,8.206330597889801,24681355,12082295.0,2.0427704339283226,13761282,23.99
2021-12-28,ACC,2151.25,0.6809566153414228,477911,23314.0,20.49888479025478,233906,67.86
2021-12-28,IDFC,56.65,10.321324245374873,11346246,1304047.0,8.700795293421173,5268274,34.35
2021-12-28,TATAMOTORS,480.2,1.9208320067918945,10588227,2240031.0,4.726821637736263,10200803,46.32
2021-12-28,DRREDDY,4743.8,0.14566488631806765,457955,138704.0,3.3016711846810476,351712,68.5
2021-12-29,INTELLECT,719.35,4.655561213355641,317894,52731.0,6.028597978418767,307883,35.14
2021-12-29,JKCEMENT,3202.0,-5.103431924604346,95452,17021.0,5.607896128312085,74330,29.64
2021-12-29,RAIN,231.0,11.62116453249578,2884519,709707.0,4.064380089248099,892449,16.74
2021-12-29,BALRAMCHIN,361.45,5.379008746355682,1607952,638426.0,2.518619229166732,854387,29.33
2021-12-30,BOSCHLTD,16872.15,1.1771513895843566,19889,2449.0,8.121273989383422,14336,22.85
2021-12-30,FEDERALBNK,82.2,0.30506406345332515,13705648,1717937.0,7.9779689243552,11230328,53.46
2021-12-30,AUBANK,1043.35,3.1844929041190655,1191133,266091.0,4.476412204847214,919182,39.63
2021-12-30,INDUSINDBK,885.4,1.7701149425287328,6852634,1626833.0,4.212254115818895,4635520,55.47
2021-12-30,IDFCFIRSTB,47.5,0.21097046413502413,19977046,4916776.0,4.063037649061092,17972386,38.75
2021-12-30,POWERGRID,205.35,0.36656891495601174,30148258,8082662.0,3.729991183597681,26074158,45.95
2021-12-30,BEL,209.95,0.11921793037672868,6776269,1834182.0,3.6944365390130316,5888129,48.18
2021-12-30,NTPC,126.9,3.045066991473812,16523429,4538851.0,3.640443142989272,11310587,51.01
2021-12-30,PNB,37.15,0.0,26900911,8779691.0,3.063992912734628,17185065,38.51
2021-12-30,SBIN,451.7,-0.5941901408450679,14825094,4989343.0,2.971351939523901,9198460,51.33
2021-12-30,INTELLECT,772.95,7.451171196218811,778258,317894.0,2.4481682573436427,317894,32.33
2021-12-30,METROPOLIS,3437.1,-1.0821078078683026,137122,64049.0,2.1408921294633796,136313,22.87
2021-12-31,IDFC,63.0,13.105924596050263,43324986,2988716.0,14.496186991336748,11346246,35.05
2021-12-31,TATACOMM,1464.45,4.801946541668168,848800,144010.0,5.894035136448858,550139,30.38
2022-01-03,BANDHANBNK,252.4,-0.11871784724969646,6233604,727659.0,8.566655535078931,4702413,52.59
2022-01-03,EICHERMOT,2718.8,4.896022223079598,724178,160170.0,4.521308609602298,478145,29.47
2022-01-04,BALRAMCHIN,427.3,14.159764894469676,2772097,722467.0,3.8369877101653085,1607952,14.63
2022-01-04,COROMANDEL,769.9,1.8251554027245012,470194,147496.0,3.1878423821662962,330820,54.56
2022-01-04,DABUR,574.05,-1.2217155639679984,1921767,704736.0,2.7269317872224494,1275177,62.75
2022-01-04,COFORGE,6105.4,2.2140746507286777,219123,82692.0,2.6498693948628644,159976,32.74
2022-01-04,ASTRAL,2396.65,2.7656883133589174,278514,107429.0,2.592540189334351,266697,33.67
2022-01-04,ULTRACEMCO,7650.35,-0.9522391537953531,196346,79221.0,2.4784589944585402,178992,62.29
2022-01-04,AARTIIND,992.0,-2.491767828181061,571530,263592.0,2.168237275789857,352923,53.56
2022-01-04,HINDCOPPER,133.45,4.461839530332672,5333780,2656785.0,2.0076069384613358,2656960,33.08
2022-01-05,DALBHARAT,1911.05,1.835766812320156,246198,34337.0,7.170049800506742,221698,54.22
2022-01-05,AUBANK,1169.35,6.702253855278749,1524674,217166.0,7.0207767330060875,1191133,14.9
2022-01-05,SYNGENE,628.8,1.7805114923923602,522433,99475.0,5.251902488062327,380512,24.94
2022-01-05,METROPOLIS,3414.8,-0.39668650099171354,158373,30470.0,5.1976698391860845,137122,65.92
2022-01-05,ATUL,9206.4,-1.0266719702426386,209529,41809.0,5.0115764548302995,73915,89.73
2022-01-05,CHAMBLFERT,429.1,5.365254757519956,1193781,244567.0,4.881202288125544,515468,13.15
2022-01-05,JINDALSTEL,406.4,4.688304997424005,3535546,1002264.0,3.5275596050541576,1923954,35.74
2022-01-05,BANDHANBNK,263.45,3.4963661363189855,7656486,2214835.0,3.4569103341783927,6233604,33.77
2022-01-05,BAJAJFINSV,17988.4,4.977692444610446,113767,38581.0,2.9487830797542833,91383,18.71
2022-01-05,GRASIM,1747.05,3.2535460992907774,850686,324943.0,2.6179545335643484,786249,48.22
2022-01-05,BANKBARODA,84.9,1.1918951132300357,11147060,5180165.0,2.15187354070768,10039916,32.86
2022-01-06,GUJGASLTD,669.2,4.188074108671975,602954,170947.0,3.527139990757369,332459,36.57
2022-01-06,INDIGO,1960.15,-0.8899001390468921,490311,175008.0,2.8016490674712013,337851,46.07
2022-01-07,INDIACEM,239.85,15.284787310742601,4427133,516389.0,8.573251947659614,1230706,14.31
2022-01-07,VOLTAS,1270.9,1.6882701232197261,1244336,319160.0,3.8987843088106278,892240,58.42
2022-01-07,GMRINFRA,45.8,-5.175983436853002,54831345,16607115.0,3.3016779253952295,24681355,41.57
2022-01-07,IRCTC,860.95,2.0990216424547934,2998326,927882.0,3.231365626232646,2442064,24.47
2022-01-07,ONGC,157.05,4.144562334217506,11845070,4347446.0,2.7246042849065866,9813483,38.35
2022-01-07,TITAN,2572.7,-0.8937170152933577,1301383,502364.0,2.5905180307506113,990810,28.14
2022-01-07,MFSL,1033.95,1.756716858576914,607436,295522.0,2.055467951624583,544827,54.54
2022-01-10,PETRONET,223.3,0.44984255510571297,2275660,462680.0,4.918431745482839,1706285,59.24
2022-01-10,IPCALAB,1061.0,-51.76834257659788,591212,136689.0,4.3252346567756,452306,39.29
2022-01-10,CHAMBLFERT,432.8,2.2805151837409983,1457284,353102.0,4.1270907556456775,1193781,41.05
2022-01-10,HAL,1296.25,3.15533980582525,810480,200856.0,4.035129645118891,682583,56.82
2022-01-10,INDHOTEL,194.65,4.453984437885705,3666591,927975.0,3.9511743312050434,2655920,34.94
2022-01-10,UPL,821.6,4.138411813169399,2473592,629457.0,3.929723555381861,1646181,33.32
2022-01-11,IDEA,11.8,-20.538720538720533,629635516,79290703.0,7.940849206495243,225157053,29.86
2022-01-11,INDUSTOWER,267.55,2.431087289433393,3135134,474656.0,6.605065563271085,2668798,40.91
2022-01-11,JSWSTEEL,645.7,-3.9279869067103075,2790910,629889.0,4.43079653716766,1866753,40.38
2022-01-11,COROMANDEL,773.5,0.07115596092890283,773182,189739.0,4.074976678489926,470194,66.13
2022-01-11,UBL,1605.1,0.3532464284597745,185798,53412.0,3.4785815921515764,130786,33.89
2022-01-11,TATACHEM,972.2,3.508118179398461,1180041,346235.0,3.408208297832397,495159,23.41
2022-01-11,SAIL,104.4,-4.874715261958992,35820211,13530139.0,2.647438507468401,23071362,42.64
2022-01-11,TATASTEEL,1130.25,-3.318934177323464,3285797,1331943.0,2.4669201309665656,2370671,33.88
2022-01-11,DELTACORP,282.85,0.8737517831669208,1985075,952199.0,2.084727037100438,1732555,30.43
2022-01-12,DLF,417.55,2.1279197749785954,2729849,784367.0,3.4803210741910355,2046186,21.3
2022-01-12,M&M,880.55,4.6529593534585185,3638643,1140276.0,3.191019542637046,2181607,40.33
2022-01-12,HDFCBANK,1556.65,-0.5907146050194776,8472922,2692404.0,3.146972742575037,6130252,80.37
2022-01-12,PIIND,2871.7,0.16742823258571024,497962,172937.0,2.8794416463798957,370588,60.96
2022-01-12,LICHSGFIN,381.65,1.6378162450066518,2790362,1019350.0,2.737393436994163,1329506,53.92
2022-01-12,INDHOTEL,208.25,5.68383658969804,5105136,1917238.0,2.6627554847129047,3666591,37.76
2022-01-12,RAMCOCEM,1041.9,2.287453367366981,326640,141781.0,2.3038347874538903,207916,57.46
2022-01-12,MUTHOOTFIN,1518.45,-0.449091981905193,405093,199378.0,2.031783847766554,394748,57.26
2022-01-12,M&MFIN,165.1,5.630198336532298,3896836,1937527.0,2.011242165915623,2339614,35.34
2022-01-13,JINDALSTEL,413.2,5.840163934426233,4146354,1020211.0,4.064212207082653,3535546,32.83
2022-01-13,POLYCAB,2685.15,8.237262173492416,429167,124524.0,3.4464601201374836,299268,22.2
2022-01-13,TATASTEEL,1221.15,6.446129707112974,4326987,1525010.0,2.8373499190169245,3285797,27.52
2022-01-13,TCS,3897.9,0.9844814632503431,3737081,1866561.0,2.0021210129216245,2677223,55.91
2022-01-14,AUROPHARMA,695.15,-3.128483835005581,1761524,359263.0,4.903160080498131,1122716,29.96
2022-01-14,IRCTC,902.7,3.979727005701788,4379624,981390.0,4.462674370026187,2998326,31.12
2022-01-14,TATACONSUM,762.5,4.423445631333875,2293293,720023.0,3.185027422735107,1449962,26.26
2022-01-14,AXISBANK,721.7,-2.5651410827595518,7483596,2700676.0,2.7710084438118456,6059834,45.91
2022-01-14,GRANULES,357.6,4.439252336448612,1844238,859495.0,2.1457227790737585,877870,24.1
2022-01-17,HEROMOTOCO,2701.5,5.129003385609223,636988,123309.0,5.1657867633343875,322906,27.02
2022-01-17,ASHOKLEY,139.3,1.1252268602540918,7281157,1657426.0,4.393051032142611,6253182,36.1
2022-01-17,LICHSGFIN,389.5,2.7975719187120673,3741415,1200000.0,3.1178458333333334,2790362,51.67
2022-01-17,ONGC,165.85,2.9804408568767355,15907750,5745974.0,2.7685036514261987,11845070,48.83
2022-01-17,APOLLOTYRE,243.45,5.116580310880827,2437572,1026437.0,2.37478968509514,1403169,34.57
2022-01-17,GODREJCP,924.95,0.6748299319727941,743712,324184.0,2.294104582582731,713275,55.41
2022-01-18,APOLLOHOSP,4615.8,-6.025347381279581,1632409,170981.0,9.547312274463245,486772,46.54
2022-01-18,CHOLAFIN,612.45,1.956051273514233,1833626,331221.0,5.535959374556565,1508434,23.65
2022-01-18,ICICIGI,1447.6,1.064683911055259,1176778,236278.0,4.980480620286273,644541,69.54
2022-01-18,MANAPPURAM,162.95,-3.0059523809523876,2877259,637834.0,4.510984049141313,1824100,29.06
2022-01-18,AMBUJACEM,380.65,-6.657675331044638,3407784,979858.0,3.477834543372611,3261497,46.9
2022-01-18,GLENMARK,495.2,-4.207370151852221,629725,195177.0,3.226430368332334,581043,42.3
2022-01-18,CROMPTON,435.3,-2.0917678812415677,1770922,662627.0,2.672577483259813,1409142,72.43
2022-01-19,VEDL,324.6,0.6667700418669666,16105244,2966028.0,5.429902886958586,8354375,43.1
2022-01-19,LTTS,5077.55,-6.326907111890044,365799,67539.0,5.416115133478435,180539,27.63
2022-01-19,BAJFINANCE,7571.8,-2.2236570247933862,1370015,319859.0,4.283184153017423,872342,27.4
2022-01-19,IPCALAB,1075.15,2.5075082232921946,657127,166370.0,3.9497926308829716,591212,74.84
2022-01-19,IGL,438.6,-3.253556854527407,5556506,1439912.0,3.8589205451444255,3094750,59.33
2022-01-19,NAUKRI,5016.7,-6.1500902636821975,727679,202749.0,3.589063324603327,241446,59.92
2022-01-19,BIOCON,367.35,5.348437051907093,1526133,545084.0,2.7998125059623837,1474941,18.04
2022-01-19,CUMMINSIND,964.55,-2.3586576909449883,431744,198293.0,2.177303283524885,364470,33.25
2022-01-19,NESTLEIND,18937.0,-2.2838448677991217,37005,17433.0,2.122698330752022,36094,44.92
2022-01-20,OFSS,3698.65,-7.444665490534639,243113,43137.0,5.6358346662957555,67871,46.48
2022-01-20,CHOLAFIN,649.15,6.052932527364803,2246100,624006.0,3.599484620340189,1833626,24.32
2022-01-20,ASHOKLEY,139.05,1.164059658057492,7649602,2768675.0,2.762910778621543,7281157,40.55
2022-01-20,BAJAJFINSV,17258.95,-4.526948161506412,126539,49365.0,2.563334346196698,113767,23.24
2022-01-20,TCS,3826.55,-2.2505204807581753,4962139,2121306.0,2.3391905741085917,3737081,80.34
2022-01-21,CONCOR,623.6,-5.579529108940877,2052995,235108.0,8.732135869472753,1275534,46.94
2022-01-21,BIOCON,377.1,3.5420098846787575,2178607,332009.0,6.56189139451039,1526133,21.89
2022-01-21,MUTHOOTFIN,1432.75,-2.7655242619613167,693792,108559.0,6.39092106596413,405093,67.23
2022-01-21,TVSMOTOR,631.1,-0.7938379313055025,775981,124993.0,6.208195658956901,519255,24.68
2022-01-21,HAVELLS,1241.55,-5.246890025185072,1384782,255586.0,5.418066717269334,591629,41.03
2022-01-21,PIDILITIND,2700.6,0.9211681832620225,586647,123633.0,4.74506806435175,386233,41.97
2022-01-21,HINDALCO,506.7,0.6555423122765219,5914239,1495466.0,3.9547799816244567,4314931,41.73
2022-01-21,SHREECEM,25037.2,-3.9702980360420055,63687,16992.0,3.74805790960452,23641,47.68
2022-01-21,SBILIFE,1240.65,0.15742310486801045,1153458,398554.0,2.8941071975190313,962172,47.64
2022-01-21,MANAPPURAM,155.15,-4.346485819975329,3024195,1110119.0,2.7242079452743355,2877259,45.53
2022-01-21,MFSL,933.25,-3.996502417446767,1201328,477498.0,2.5158806947882506,710536,79.77
2022-01-21,ADANIPORTS,723.9,-1.9105691056910599,4639171,1882568.0,2.4642780499827897,2821204,50.18
2022-01-21,MARUTI,8189.6,1.9069602493669389,464284,188548.0,2.4624180580011457,414854,44.58
2022-01-21,MPHASIS,3024.6,-0.8669146687206133,577125,282234.0,2.044845766279045,473378,35.19
2022-01-24,BANDHANBNK,307.85,4.179357021996624,10052784,1576079.0,6.378350323809911,7656486,30.17
2022-01-24,DIXON,4620.55,-7.203896169101768,419117,153706.0,2.7267445642980754,182902,45.86
2022-01-24,BANKBARODA,92.6,-0.10787486515642775,22287997,8282544.0,2.6909602894955946,12296787,39.67
2022-01-24,SBICARD,814.9,-4.140689330666985,1345248,576370.0,2.334000728698579,1154095,52.26
2022-01-24,CIPLA,892.1,2.841662343650928,1771058,772641.0,2.292213330641268,1244733,35.48
2022-01-24,ASTRAL,2172.3,-8.609773028460827,286953,139195.0,2.0615180142964906,278514,41.96
2022-01-24,GODREJCP,860.8,-3.4111310592459705,933144,461727.0,2.0209864270445523,743712,64.36
2022-01-24,ZEEL,268.1,-7.344047001900813,9164304,4550759.0,2.0137968193877107,4975549,31.82
2022-01-25,RAMCOCEM,860.8,-4.024974913591262,1091206,111383.0,9.796881032114417,326640,40.72
2022-01-25,GODREJPROP,1638.95,-1.0236125369889513,1820903,398217.0,4.572640042991635,501704,54.67
2022-01-25,AXISBANK,752.2,6.755606017598641,15479089,3668043.0,4.219985698095687,11604257,40.64
2022-01-25,INDIAMART,5005.0,-14.267850872309626,244146,64120.0,3.80764192139738,94032,26.01
2022-01-25,BATAINDIA,2029.8,5.067550080231889,466254,146265.0,3.187734591323967,338388,40.91
2022-01-25,BALKRISIND,2337.1,-0.9073563705745216,156631,53967.0,2.902347731020809,139807,49.19
2022-01-25,JUBLFOOD,3451.25,-1.411166497650439,438168,168783.0,2.5960434403938786,381464,44.84
2022-01-25,PIDILITIND,2589.85,-1.9126252201412692,830702,332532.0,2.498111459949719,586647,48.46
2022-01-25,TITAN,2376.5,-1.1048459249703577,1713856,748912.0,2.2884611276091182,1301383,60.14
2022-01-25,WHIRLPOOL,1780.3,-1.022961027408689,351159,171286.0,2.0501325268848594,217907,81.08
2022-01-27,TORNTPHARM,2683.5,-15.105979120531476,921573,23025.0,40.02488599348534,138265,34.18
2022-01-27,PETRONET,212.0,0.1890359168241993,8593252,968612.0,8.871717467881876,2275660,82.27
2022-01-27,CIPLA,927.6,2.4236736045933913,3147924,648150.0,4.856783152048137,1771058,40.05
2022-01-27,LAURUSLABS,464.7,-2.1684210526315812,2678409,593028.0,4.516496691555879,1495159,31.79
2022-01-27,CROMPTON,411.95,-1.9750148720999432,1835778,421844.0,4.351793554015228,1770922,82.0
2022-01-27,CANBK,240.8,8.762420957542911,7553049,1746583.0,4.324471840158756,3274497,16.09
2022-01-27,ADANIENT,1686.0,-3.181348340415763,1408231,412434.0,3.4144396436763214,903214,39.67
2022-01-27,TRENT,1022.95,-5.225367119099446,943222,310594.0,3.036832649697032,560948,58.52
2022-01-27,PNB,41.15,4.441624365482234,29488476,10689509.0,2.758637089879432,26900911,24.44
2022-01-27,ABB,2224.45,-7.320375809845229,463409,191849.0,2.4154882225083267,341988,58.33
2022-01-27,ABFRL,284.3,-1.7792364829849638,2426817,1036702.0,2.340901242594304,2004215,41.9
2022-01-27,HDFCAMC,2140.75,-4.030215408064917,524806,250614.0,2.0940809372181923,498007,53.35
2022-01-28,ALKEM,3416.9,1.0707841571272303,178237,56408.0,3.1597823003829246,142060,63.03
2022-01-28,BHARTIARTL,715.8,1.208907741251319,10858600,5147830.0,2.109354815524211,8545947,50.62
2022-01-28,INDIGO,1856.65,-0.31944593578867275,1048519,518976.0,2.02036124984585,865684,56.87
2022-01-28,LICHSGFIN,383.15,10.897250361794494,4715209,2346523.0,2.009445038467554,3741415,17.27
2022-01-31,HDFCLIFE,622.45,0.32234668385848975,3086135,687036.0,4.491955297830099,2111806,70.54
2022-01-31,CROMPTON,424.45,2.314089429914419,2616343,1064895.0,2.456902323703276,1835778,79.84
2022-01-31,BEL,209.7,1.2554321583775927,7502347,3357827.0,2.23428634054107,5100142,41.85
2022-01-31,RECLTD,138.65,2.551775147929007,2966172,1454128.0,2.039828680831399,2885629,37.63
2022-02-01,MRF,71515.45,-0.876876868552337,5606,1148.0,4.883275261324042,5560,45.34
2022-02-01,METROPOLIS,2544.1,1.2335362699454857,416193,101808.0,4.088018623290901,158373,47.74
2022-02-01,HINDPETRO,291.5,-7.195160776822675,4854092,1210706.0,4.00930696634856,2463140,40.39
2022-02-01,DALBHARAT,1902.7,6.785273319115507,359731,139824.0,2.572741446389747,246198,40.03
2022-02-01,IOC,121.75,-2.755591054313101,9442356,4336076.0,2.1776269604130554,6448654,40.9
2022-02-01,BPCL,378.85,-4.583805566049613,5341627,2530718.0,2.1107160102389915,3892501,41.87
2022-02-01,NAVINFLUOR,4256.8,8.19713799151056,174912,85633.0,2.0425770438966286,96841,16.64
2022-02-01,ITC,227.75,3.428701180744783,16823834,8322228.0,2.021554083834281,14292200,38.94
2022-02-02,CUMMINSIND,947.85,-0.45160951530745735,697341,78072.0,8.93202428527513,680861,36.77
2022-02-02,JUBLFOOD,3301.6,-4.03441460295315,850485,99638.0,8.535749412874607,626088,35.05
2022-02-02,TECHM,1482.95,-1.5141955835962113,4136937,744842.0,5.554113489840798,3920516,45.81
2022-02-02,CANFINHOME,667.55,6.944889458506874,802477,323885.0,2.477660280655171,619723,24.41
2022-02-02,NMDC,150.5,3.436426116838488,10572352,4420030.0,2.3919186068872835,5689261,53.77
2022-02-02,PEL,2517.45,-0.2595087163233035,800901,355183.0,2.254896771523412,416241,68.12
2022-02-03,M&MFIN,160.1,-5.266272189349116,10245348,2617715.0,3.913851584301576,3896836,36.52
2022-02-03,MCX,1467.2,-4.7860086310392935,572099,194892.0,2.9354668226504934,329591,44.59
2022-02-04,RECLTD,140.6,0.0,9891781,2229642.0,4.436488458685296,4291419,45.55
2022-02-04,LUPIN,872.2,-3.0888888888888837,2932747,679861.0,4.313745015525233,836683,38.44
2022-02-04,GODREJPROP,1506.9,-9.650148394639796,2489518,687176.0,3.622824429258298,1820903,28.4
2022-02-04,ITC,234.3,-0.06397952655149382,24798688,11700940.0,2.1193757082764293,18431221,43.73
2022-02-07,GNFC,515.55,13.257908611599289,2433836,362157.0,6.7203892234583344,1031915,14.38
2022-02-07,FEDERALBNK,99.5,0.6066734074822996,13099985,2505633.0,5.2282137886913205,9956672,53.99
2022-02-07,BANKBARODA,112.95,6.0065696855936235,32211533,8782770.0,3.667582436976034,25119433,18.17
2022-02-07,ABFRL,290.75,-1.6074450084602367,2952888,1169175.0,2.5256167810635706,2426817,44.34
2022-02-07,MARICO,511.4,0.16648712173145938,1574722,689149.0,2.2850239933599266,1335557,48.67
2022-02-08,TVSMOTOR,656.5,3.0693147028809094,1699510,236023.0,7.200611804781738,1617511,16.83
2022-02-08,ACC,2304.75,0.9880816755762065,364410,76541.0,4.760977776616454,241736,59.9
2022-02-08,TATAPOWER,234.85,-6.731532962668791,22031262,6647485.0,3.3142251543252823,14434425,26.85
2022-02-08,IBULHSGFIN,197.4,-5.595408895265417,5674981,2535415.0,2.2382848567197087,5220954,33.26
2022-02-09,COLPAL,1464.95,1.831641874044219,459829,108851.0,4.224389302808426,338006,80.97
2022-02-09,GUJGASLTD,660.7,-0.6242009475821579,1050306,282512.0,3.7177394234581187,974708,22.95
2022-02-09,SUNTV,517.25,2.7104845115170724,583196,187648.0,3.107925477489768,354455,19.33
2022-02-09,MGL,799.3,-3.5651806720154515,722238,260901.0,2.7682454264261156,491783,32.05
2022-02-09,COALINDIA,168.6,5.407939981244143,13292058,5984886.0,2.2209375416674604,7547495,37.89
2022-02-10,MFSL,878.3,-0.09668429733265345,1485260,231610.0,6.412762834074522,1201328,85.48
2022-02-10,AUROPHARMA,684.4,4.321316972791712,2266758,560913.0,4.0411935540805795,1761524,27.6
2022-02-10,GAIL,141.6,-0.944386149003144,13507775,4254042.0,3.1752801218229627,7871006,66.28
2022-02-10,M&M,853.05,1.529397762437504,3708261,1216124.0,3.049245800592703,3638643,53.36
2022-02-10,HINDCOPPER,142.25,2.0810907786150024,5119197,1913240.0,2.6756690221822668,5040278,31.86
2022-02-10,HDFCLIFE,606.25,1.0079973342219184,4172391,1601599.0,2.605140862350688,3086135,66.96
2022-02-10,PAGEIND,40953.5,-3.4465116991843723,21471,8978.0,2.3915125863221207,15401,41.0
2022-02-11,TVSMOTOR,660.45,-1.1967985638417233,1894527,548343.0,3.4550035288131697,1699510,30.18
2022-02-11,GODREJCP,825.0,-3.293869417418828,1236229,406912.0,3.0380745714061024,933144,66.71
2022-02-11,DIVISLAB,4291.25,-0.5215879455230368,900726,345950.0,2.603630582454112,741171,34.84
2022-02-11,MRF,68233.45,-2.201186196774508,6299,3106.0,2.0280103026400513,5606,41.88
2022-02-14,METROPOLIS,2051.3,-15.293291763879996,568152,74281.0,7.648685397342524,416193,27.92
2022-02-14,MUTHOOTFIN,1355.2,-4.841484394200052,1304796,274131.0,4.759753548485943,693792,61.79
2022-02-14,CUMMINSIND,953.65,1.5763966554827666,1028966,241643.0,4.258207355478951,697341,50.26
2022-02-14,BOSCHLTD,15824.15,-2.682000584246862,26356,8125.0,3.2438153846153845,18394,54.13
2022-02-14,ESCORTS,1839.35,-0.8142575965919888,574170,204192.0,2.811912317818524,550032,70.39
2022-02-15,MANAPPURAM,127.6,-10.706787963610925,16010688,1856446.0,8.624375823482072,3024195,37.19
2022-02-15,ICICIPRULI,507.1,0.8953442101074414,3646345,947168.0,3.849734154870097,1293559,78.28
2022-02-15,CIPLA,921.85,-3.46109540265996,3237076,1248164.0,2.593470088866527,3147924,38.98
2022-02-15,GRASIM,1712.1,4.208892540856378,549684,229341.0,2.3967977814695147,409250,46.0
2022-02-15,CROMPTON,380.0,2.758247701460246,3697288,1643931.0,2.2490530320311497,2616343,57.48
2022-02-17,CUB,131.8,0.15197568389059046,4071845,979138.0,4.15860174970229,2402957,75.27
2022-02-18,MRF,65638.95,0.03535736465710914,13016,2436.0,5.343185550082102,6299,66.2
2022-02-21,NAVINFLUOR,3817.95,-1.0368200728366102,215712,21535.0,10.016809844439285,174912,68.26
2022-02-21,IBULHSGFIN,166.3,-9.864498644986444,6370733,1442149.0,4.417527592502577,5674981,19.41
2022-02-21,DLF,346.5,-3.6563325455303706,3006237,837309.0,3.5903555318287514,2789977,37.93
2022-02-21,IDEA,11.25,5.633802816901405,124052996,40055980.0,3.096990661569134,97708956,27.66
2022-02-21,BALKRISIND,1943.45,-1.6696602494371222,433614,209653.0,2.068246101892174,286979,57.36
2022-02-22,MCX,1315.75,-4.3890564255350135,614409,108269.0,5.674837672833406,572099,44.77
2022-02-22,CONCOR,574.65,-2.3617364709880175,1345752,323363.0,4.161737737465326,833946,61.59
2022-02-22,DLF,324.35,-6.392496392496386,9328273,3006237.0,3.1029732519425446,3006237,48.64
2022-02-22,MRF,65769.6,1.5987573888172784,14270,4794.0,2.976637463496037,13016,53.82
2022-02-22,SBILIFE,1100.95,-2.978629654108831,1398663,526114.0,2.6584789608335835,1369020,66.1
2022-02-23,ESCORTS,1858.2,-0.09945969194376006,737787,137528.0,5.364631202373335,574170,85.2
2022-02-23,WHIRLPOOL,1650.35,-0.6022826512482309,461293,128420.0,3.592065098894253,351159,88.3
2022-02-23,CROMPTON,407.8,7.315789473684213,3711091,1062785.0,3.491854890688145,3697288,44.39
2022-02-24,INDUSTOWER,206.0,-18.14027419034373,68806075,918697.0,74.89528647638993,1987987,65.35
2022-02-24,PNB,32.0,-14.323962516733605,91510608,7556260.0,12.110568985185793,32747086,48.17
2022-02-24,TATACHEM,785.6,-9.084596690197893,1197940,152784.0,7.840742486124202,1028359,42.27
2022-02-24,BHARATFORG,667.6,-5.217576488961454,2577492,339026.0,7.602638145746934,1113222,52.97
2022-02-24,MCDOWELL-N,844.55,-1.418232753589365,3491474,532658.0,6.554813782952664,1052585,63.84
2022-02-24,ADANIPORTS,654.85,-7.336918069902366,4006902,635521.0,6.304908885780328,2720904,41.97
2022-02-24,IDFCFIRSTB,38.9,-10.16166281755196,25144265,4268993.0,5.88997569215972,15658063,40.0
2022-02-24,MRF,63945.6,-2.8235537265438473,25869,4556.0,5.678007023705004,14270,59.8
2022-02-24,TATASTEEL,1074.0,-5.706760316066725,3660968,738406.0,4.957933711264535,3122607,30.19
2022-02-24,MARICO,483.45,-3.50299401197605,2319275,489023.0,4.742670590135842,1574722,71.81
2022-02-24,RAIN,182.5,-14.137849917666436,2428377,524877.0,4.626563937836865,1475342,29.16
2022-02-24,MCX,1179.05,-8.844562990451898,682422,148880.0,4.583704997313273,614409,39.85
2022-02-24,IRCTC,738.05,-9.36943574630074,3821343,851854.0,4.485913079001801,2870559,38.13
2022-02-24,SAIL,85.0,-10.432033719704958,23018550,5276368.0,4.362574786292389,22410533,32.1
2022-02-24,BERGEPAINT,679.45,-6.956521739130428,364823,84508.0,4.317023240403276,320744,33.2
2022-02-24,DABUR,533.7,-1.7579383341003136,2117887,507910.0,4.169807643086374,1707124,69.75
2022-02-24,HEROMOTOCO,2490.4,-6.749293243217943,727913,179536.0,4.054412485518225,411464,37.63
2022-02-24,RELIANCE,2255.75,-4.983045849918922,7266877,1928054.0,3.769021510808307,6446850,63.37
2022-02-24,TATAMOTORS,427.95,-10.28301886792453,18193568,4920749.0,3.6973168109163868,8543693,31.77
2022-02-24,SUNTV,427.2,-7.921112188813451,782779,225344.0,3.473706865947174,662425,46.01
2022-02-24,L&TFH,62.3,-10.681003584229396,5767894,1769697.0,3.2592551154237137,3769781,38.64
2022-02-24,DELTACORP,244.65,-8.712686567164177,1582253,488270.0,3.2405288057836854,1150347,22.27
2022-02-24,IBULHSGFIN,148.55,-8.72503840245775,10903425,3473817.0,3.138744787074276,10654737,22.52
2022-02-24,IDEA,9.65,-9.813084112149523,147100712,49760346.0,2.956183463836847,124052996,30.2
2022-02-24,IEX,193.45,-7.351532567049819,6957287,2410615.0,2.886104583270244,6772502,38.49
2022-02-24,ICICIBANK,707.4,-4.995970991136186,17110265,6083374.0,2.812627499147677,12840082,61.06
2022-02-24,APOLLOTYRE,178.5,-11.26025354213274,2181108,778242.0,2.802608957111027,1415093,22.83
2022-02-24,HINDALCO,517.65,-0.202429149797584,11244049,4159107.0,2.7034767319042285,4716258,45.3
2022-02-24,IGL,334.3,-7.421766823594575,3651909,1422089.0,2.567989063975602,3013811,61.37
2022-02-24,INFY,1678.15,-3.712310296353663,9349789,3712420.0,2.518515954552556,7723452,68.79
2022-02-24,SHREECEM,23152.25,-5.898359782875982,38612,17338.0,2.2270158034375362,36686,41.18
2022-02-24,UPL,632.3,-8.095930232558146,2920119,1364625.0,2.1398691948337456,1690068,53.54
2022-02-24,HINDUNILVR,2171.4,-3.937356220138029,2144160,1033395.0,2.0748697255163804,1864968,71.53
2022-02-24,AMBUJACEM,306.95,-7.251850732739085,6583056,3259022.0,2.0199483157830787,3959499,51.34
2022-02-25,GMRINFRA,37.5,8.695652173913043,13840314,5238218.0,2.642179840548828,12120989,44.09
2022-02-28,BIOCON,348.85,-11.582815866176652,4230501,396383.0,10.67276094080725,2322633,26.76
2022-02-28,DABUR,563.35,3.3954299348444525,5993500,589028.0,10.17523784947405,2117887,74.98
2022-02-28,DRREDDY,4063.4,-2.7103385528899167,631375,107298.0,5.884312848328953,377315,64.24
2022-02-28,PETRONET,215.3,5.255438768027377,5568871,1248790.0,4.459413512279887,4542282,64.51
2022-02-28,ICICIGI,1263.8,-0.66808142733632,904185,224095.0,4.03482897878132,733908,67.38
2022-02-28,TATACOMM,1183.25,0.501125408756962,406050,106591.0,3.8094210580630636,391775,56.93
2022-02-28,COLPAL,1450.4,2.8834899804930014,531615,142435.0,3.732334047109208,459829,67.64
2022-02-28,PEL,2070.25,0.3830581618057115,864009,272428.0,3.1715132071593226,800901,46.7
2022-02-28,GUJGASLTD,583.55,-2.8711717709720372,1237349,414671.0,2.983929428390218,1050306,63.02
2022-02-28,POWERGRID,209.15,6.006082108464264,14022303,4871382.0,2.878506140557238,10870678,58.54
2022-02-28,RAIN,184.75,-7.254016064257023,3115542,1122977.0,2.774359581718949,2428377,15.46
2022-02-28,BATAINDIA,1813.5,-0.5593025168613284,368922,136915.0,2.6945331044808825,288265,59.14
2022-02-28,TITAN,2546.55,3.1639287812189982,1278524,481784.0,2.653728641881009,909891,54.27
2022-02-28,HINDALCO,573.75,7.463944558906167,13357771,5080348.0,2.629302362751528,11244049,37.93
2022-02-28,NESTLEIND,17639.15,-0.4287302922365501,112424,43072.0,2.610141158989599,66958,71.21
2022-02-28,GODREJCP,767.95,-1.3361598252714044,1626223,648870.0,2.506238537765654,1236229,61.5
2022-02-28,APOLLOHOSP,4802.8,3.654943940260505,544431,224501.0,2.425071603244529,414983,33.66
2022-02-28,TATASTEEL,1220.75,6.583140524730441,5556479,2433231.0,2.2835805560590012,3660968,31.56
2022-02-28,HDFCLIFE,523.2,-2.9133419929485864,7091720,3351166.0,2.1161947811597517,4172391,66.47
2022-02-28,SIEMENS,2347.45,-1.8234666778193833,259895,125752.0,2.0667265729372097,222145,55.13
2022-02-28,ZEEL,229.25,-0.9077155824508296,12167239,5912152.0,2.0580051054167754,7146763,43.98
2022-03-02,TVSMOTOR,597.95,-3.1816709844559545,2040036,485115.0,4.205262669676262,1894527,57.52
2022-03-02,COALINDIA,184.8,8.994396933058095,22202903,5814295.0,3.818675007030087,13292058,30.56
2022-03-02,HDFCLIFE,560.8,7.186544342507626,23848589,7091720.0,3.3628779760058207,7091720,58.05
2022-03-02,UPL,689.55,3.621609437222918,4630452,1461928.0,3.16735981525766,2920119,54.48
2022-03-02,SBILIFE,1121.15,5.753902749610903,2249157,910263.0,2.4708869854097113,1398663,59.78
2022-03-02,BAJAJ-AUTO,3372.3,-4.476893225884111,414452,189221.0,2.1903065727376982,301238,42.18
2022-03-02,ONGC,162.95,1.4316837846249506,16822713,7933946.0,2.120346294265174,11779156,40.93
2022-03-02,ASIANPAINT,3028.95,-4.589482305136007,1524916,722181.0,2.111542674204943,842938,50.59
2022-03-03,VEDL,395.95,2.2334107926671773,35071137,4118373.0,8.515774797474634,6470988,58.99
2022-03-03,ULTRACEMCO,5980.7,-6.542070679053349,1561072,393455.0,3.9675998525879708,393455,64.88
2022-03-03,MPHASIS,3145.7,-0.12541075992571468,458062,137292.0,3.3364070739737204,421507,50.87
2022-03-03,COFORGE,4678.4,4.139166824338609,243623,82050.0,2.9692017062766607,142487,38.64
2022-03-03,ADANIPORTS,706.7,-0.506828100802465,4096611,1487649.0,2.753748364029418,4006902,54.38
2022-03-04,CANFINHOME,561.4,-0.026711779894929618,566793,76068.0,7.451135825840038,454774,53.61
2022-03-04,IRCTC,747.25,-6.552866879259674,5513939,811767.0,6.792514354488419,3821343,35.81
2022-03-04,NAVINFLUOR,3625.6,-4.643425430348623,307665,48432.0,6.352514866204163,215712,53.57
2022-03-04,ICICIGI,1218.3,-1.7935593083712869,1243714,326425.0,3.8101064563069618,904185,73.25
2022-03-04,RAMCOCEM,733.6,0.45874700445053374,762828,217740.0,3.5033893634610087,503746,58.78
2022-03-04,MARUTI,7247.3,-4.58492143426085,1221039,359985.0,3.391916329847077,869422,48.61
2022-03-04,HINDUNILVR,2019.5,-3.4194165471066476,4523597,1564069.0,2.892197850606335,2144160,71.57
2022-03-04,APOLLOTYRE,174.4,-2.4881185350852606,2422731,1043125.0,2.322570161773517,2181108,33.84
2022-03-04,ITC,225.5,2.7803099361896053,40825247,18281302.0,2.2331695521467783,24798688,61.08
2022-03-04,UBL,1339.25,-4.010177752293581,989792,492409.0,2.010101358829753,492409,59.96
2022-03-07,JKCEMENT,2336.9,-11.469323584566135,155437,40734.0,3.815903176707419,74663,34.78
2022-03-07,AUBANK,1064.9,-5.346429047597873,586780,171752.0,3.4164376542922352,548362,36.07
2022-03-07,BRITANNIA,3153.45,-6.463286220653449,414619,130504.0,3.1770597069821616,311153,58.28
2022-03-07,OBEROIRLTY,797.35,-5.672542292677148,495039,185806.0,2.664278871511146,487977,44.01
2022-03-07,SBIN,440.3,-4.686654399826817,15640955,5928253.0,2.638375082844811,14452562,46.38
2022-03-07,BERGEPAINT,628.75,-3.7210014547124963,469296,180939.0,2.593669689784955,445267,41.3
2022-03-07,AXISBANK,667.55,-6.636363636363643,11232195,4611990.0,2.435433511347596,8787747,55.75
2022-03-07,BALKRISIND,1824.8,3.2798483176274185,436473,183748.0,2.375389119881577,433614,53.9
2022-03-07,ONGC,186.95,13.131618759455362,33342926,14460810.0,2.3057440074242037,17976828,25.16
2022-03-07,EICHERMOT,2259.65,-3.40280004274874,746430,330813.0,2.256350264348741,527469,49.32
2022-03-07,MPHASIS,3126.4,-1.9060916492791364,552589,255749.0,2.160669249928641,458062,66.85
2022-03-07,ZYDUSLIFE,342.1,-1.112877583465809,480925,,,0,49.62
2022-03-08,APOLLOTYRE,171.55,-1.294591484464902,2877690,969059.0,2.9695715121576707,2422731,42.67
2022-03-08,KOTAKBANK,1723.1,0.6542438226531817,3197709,1354309.0,2.3611369340379484,2900481,58.82
2022-03-08,HINDPETRO,270.5,-2.099167571480279,3065859,1480444.0,2.070905079827403,2962425,35.16
2022-03-09,BOSCHLTD,14224.2,-3.0619824854329183,56385,6343.0,8.889326816963582,26356,55.1
2022-03-09,SHREECEM,21964.65,-2.7417822913276395,129208,16845.0,7.670406648857227,38612,52.44
2022-03-09,POLYCAB,2246.2,0.34846318799141024,484857,99112.0,4.892011058196787,257930,59.86
2022-03-09,INDHOTEL,207.3,6.828137078072662,4877315,1002716.0,4.864104093282644,3549161,32.43
2022-03-09,GRASIM,1493.35,2.41050610341516,998809,281146.0,3.5526345742069956,666725,59.06
2022-03-09,COFORGE,4556.1,-5.334676958558858,458260,149007.0,3.0754259866986113,243623,53.21
2022-03-09,BERGEPAINT,657.9,2.869204909702138,507337,172098.0,2.94795407267952,469296,46.09
2022-03-09,ZYDUSLIFE,359.35,4.310595065312054,1313872,526517.0,2.4954028075066903,526517,33.29
2022-03-09,INDIGO,1709.1,6.898924193144857,992132,491917.0,2.01686869939441,986098,17.73
2022-03-10,ICICIPRULI,459.85,2.359488035614919,4399752,631054.0,6.972068951310031,3646345,77.17
2022-03-10,COFORGE,4260.0,-6.498979390268,1575103,458260.0,3.437138305765286,458260,43.01
2022-03-11,GMRINFRA,39.35,0.38265306122448617,26202768,5205495.0,5.033674607314002,13840314,74.75
2022-03-11,GNFC,708.85,12.426645519429028,1509172,554030.0,2.723989675649333,1083297,11.18
2022-03-11,GRANULES,308.2,5.295524427741715,629161,238697.0,2.635814442577829,600057,22.98
2022-03-11,CHAMBLFERT,423.0,2.062975027144411,1062565,441045.0,2.4091986078518066,496360,20.29
2022-03-11,OFSS,3468.55,-0.06482655295609081,97859,44012.0,2.22346178315005,50591,74.19
2022-03-14,JUBLFOOD,2514.0,-12.239056063673809,2475799,286859.0,8.630717530215193,657828,29.59
2022-03-14,AUBANK,1121.1,-6.030761493650731,679637,133999.0,5.071955760863887,586780,24.54
2022-03-14,MGL,793.4,5.7866666666666635,807505,350461.0,2.304122284647935,634484,24.46
2022-03-14,GLENMARK,447.05,-1.3787778513125963,565151,280514.0,2.014698018637216,526633,44.76
2022-03-15,TATACONSUM,748.6,3.6483212184146794,2403665,690056.0,3.4832897619903314,1368150,25.61
2022-03-15,INDIACEM,205.85,1.1299435028248503,1254918,362026.0,3.466375343207394,1068365,21.23
2022-03-15,MPHASIS,3187.2,-3.801518192656544,556444,182966.0,3.0412426352437065,552589,60.63
2022-03-15,PERSISTENT,4326.9,-3.311657840048283,262476,87065.0,3.0147131453511746,230299,51.89
2022-03-15,BANDHANBNK,281.15,6.114361200226454,6805556,2367184.0,2.874958600598855,5876109,21.38
2022-03-15,GNFC,697.3,-4.512153372132838,1670032,768080.0,2.174294344339131,1509172,29.31
2022-03-16,HAL,1462.15,6.199157466589202,606190,111184.0,5.452133400489279,373104,25.21
2022-03-16,INTELLECT,761.8,6.724572709442421,296615,73946.0,4.01123793038163,199278,31.24
2022-03-16,AUBANK,1178.85,0.7994869602394108,690546,263231.0,2.623346034471624,679637,42.97
2022-03-16,ATUL,9913.8,1.9676009256878302,40108,18350.0,2.1857220708446867,21017,41.04
2022-03-16,BOSCHLTD,14081.6,1.150383041996341,72022,33135.0,2.17359287762185,56385,68.75
2022-03-17,GNFC,759.3,7.283645354998228,4063920,588265.0,6.9083151300859305,1670032,35.82
2022-03-17,LALPATHLAB,2756.2,2.1041712973253213,397352,57947.0,6.857162579598599,199891,56.6
2022-03-17,DEEPAKNTR,2228.9,0.2721731110961235,847945,125514.0,6.755780231687302,609909,52.54
2022-03-17,L&TFH,71.35,7.132132132132132,13159374,1999204.0,6.58230675808972,5767894,60.6
2022-03-17,PERSISTENT,4484.95,1.27584143436191,604981,96213.0,6.287934062964465,262476,63.53
2022-03-17,IPCALAB,1033.7,3.3596640335966423,853957,158394.0,5.391346894453073,588152,78.24
2022-03-17,ADANIENT,1819.65,3.506825938566558,1077820,227327.0,4.741275783342938,617885,45.05
2022-03-17,TRENT,1262.05,7.752401280683027,1111138,254985.0,4.357660254524776,491544,24.49
2022-03-17,HCLTECH,1196.9,-0.2167569820758574,4368831,1054971.0,4.141185871459974,3668530,62.52
2022-03-17,ONGC,170.3,1.7931858936043037,40151159,10022693.0,4.006025027405309,33342926,60.55
2022-03-17,SIEMENS,2380.95,0.9219226856561547,278686,70095.0,3.975832798345103,259895,56.16
2022-03-17,NATIONALUM,116.75,-0.2136752136752137,34065147,8907837.0,3.8241771824069075,10180673,47.26
2022-03-17,BPCL,364.2,2.2172326690990674,7777677,2039361.0,3.8137813756367804,4506468,68.14
2022-03-17,DIXON,4478.6,1.4819178827155024,361395,95169.0,3.7974025155250133,206991,44.26
2022-03-17,NMDC,151.3,0.49817336433078707,8141081,2204483.0,3.692966105885144,7269769,62.22
2022-03-17,INFY,1854.6,-1.8418545570022327,10858451,3133488.0,3.4652920323932945,9349789,61.24
2022-03-17,JSWSTEEL,685.1,4.555513162914922,2498208,723242.0,3.4541799287098924,2387028,25.0
2022-03-17,SRF,2588.2,4.819374696257897,871453,254911.0,3.418655923047652,611197,54.68
2022-03-17,IOC,121.35,-0.49200492004920743,16322974,4777926.0,3.416330432911686,10459543,58.72
2022-03-17,ABB,2101.35,-4.089550195120834,378379,114365.0,3.308520963581515,237257,62.75
2022-03-17,ACC,2122.65,-0.30528614705398865,374278,117819.0,3.1767202233935103,311265,45.61
2022-03-17,AARTIIND,891.6,3.740764442375935,872216,281581.0,3.097566952315675,764183,56.24
2022-03-17,PIIND,2815.35,3.1792860807740233,304830,102818.0,2.964753253321403,293264,64.31
2022-03-17,PFC,116.35,3.468208092485541,7492980,2782187.0,2.6931978332153808,5912260,56.87
2022-03-17,GRASIM,1619.85,0.9850067017861012,1961802,743045.0,2.6402196367649333,998809,71.91
2022-03-17,POWERGRID,211.55,1.0508717458801133,15776780,6134584.0,2.5717766681489733,14022303,73.9
2022-03-17,COROMANDEL,849.45,6.207801950487633,372648,150881.0,2.4698139593454442,318826,33.13
2022-03-17,BAJAJFINSV,16370.8,1.525285506531837,146373,60446.0,2.4215498130562816,110571,36.41
2022-03-21,DELTACORP,312.75,9.60224285964604,4188459,688011.0,6.087779119810585,1582253,18.41
2022-03-21,BALRAMCHIN,499.55,4.2140398456242805,2631660,960758.0,2.7391497130390796,2518293,16.81
2022-03-21,GLENMARK,455.75,2.681085952461412,588855,284227.0,2.0717771358808275,565151,24.3
2022-03-21,INTELLECT,802.9,4.673750081481002,402421,196389.0,2.049101528089659,296615,33.81
2022-03-22,DRREDDY,4030.35,0.6342151587410603,989142,220897.0,4.47784261443116,862796,76.66
2022-03-22,IDFCFIRSTB,40.6,-2.986857825567503,25736559,6306953.0,4.080664466660842,25144265,49.4
2022-03-22,ALKEM,3550.55,1.5356678153195098,105155,29393.0,3.577552478481271,93058,69.82
2022-03-22,OBEROIRLTY,913.55,0.2909210670765152,560072,163986.0,3.4153647262571196,495039,39.91
2022-03-22,BSOFT,465.9,4.991549295774643,1379041,420192.0,3.2819306412306757,1349722,22.19
2022-03-22,SUNTV,459.85,-1.2879682301169904,1174964,514815.0,2.2823033516894418,782779,26.37
2022-03-23,L&TFH,87.25,16.17842876165114,35237281,8579903.0,4.106955638076561,13159374,31.71
2022-03-23,CUB,125.6,4.666666666666662,3453304,1299729.0,2.6569415624333996,2182473,46.47
2022-03-23,SAIL,103.1,3.618090452261301,23863139,9556148.0,2.497150420859953,23018550,23.76
2022-03-23,SIEMENS,2296.05,-0.9960545889657809,308010,127974.0,2.4068170097050965,278686,52.72
2022-03-23,BRITANNIA,3102.25,-1.7777988855116542,647785,308105.0,2.102481296960452,414619,62.03
2022-03-24,ZEEL,298.9,16.73501269283342,22092817,2819495.0,7.8357354774525225,12167239,25.46
2022-03-24,KOTAKBANK,1714.15,-3.141686678909445,10450096,1638281.0,6.378695718255903,4524256,53.02
2022-03-24,GRANULES,315.95,1.6079755587715068,1558923,381912.0,4.081890592597247,629161,53.43
2022-03-24,IDFC,63.95,6.05306799336651,8762252,2624860.0,3.3381787981073274,6501652,32.93
2022-03-25,MUTHOOTFIN,1307.65,-3.194403316553144,2772277,96776.0,28.646327601884764,691861,74.87
2022-03-25,ABBOTINDIA,16021.85,-2.7165778648086567,32876,3667.0,8.965366784837743,12920,77.37
2022-03-25,JSWSTEEL,721.35,0.8740036358551251,7327868,1879569.0,3.898695924437996,2498208,45.45
2022-03-25,CONCOR,689.8,10.989541432019301,1736317,597613.0,2.905420397481313,706346,12.71
2022-03-25,INDHOTEL,227.65,3.9023277042446423,5110027,1897973.0,2.6923602179799184,4877315,20.61
2022-03-28,MFSL,703.05,-3.968037153394354,613259,176862.0,3.467443543553731,542368,61.62
2022-03-28,GMRINFRA,35.9,-2.1798365122615917,27636662,11526278.0,2.3977091303888383,26202768,75.33
2022-03-29,HEROMOTOCO,2210.65,-7.0354717298513325,1029837,236947.0,4.346275749429197,630426,41.59
2022-03-29,INTELLECT,903.6,5.063659089587823,482238,183314.0,2.630666506649792,463672,24.08
2022-03-29,EXIDEIND,151.45,-0.26341784655910816,2095513,811887.0,2.581040218651118,1568207,55.2
2022-03-29,RBLBANK,128.65,-1.4931087289433298,4106081,1683033.0,2.4396913191838783,3508798,33.43
2022-03-29,IBULHSGFIN,160.1,4.333659172368854,6855515,2918602.0,2.3489036874503615,5266020,25.17
2022-03-29,INDIACEM,209.4,1.8978102189781048,1381523,601070.0,2.2984394496481273,1254918,23.67
2022-03-30,IOC,117.2,-0.9298393913778482,73978666,4211317.0,17.566634380646246,16322974,69.51
2022-03-30,ONGC,162.0,-5.263157894736842,45446014,4942178.0,9.195543746097368,40151159,47.72
2022-03-30,APOLLOHOSP,4614.8,0.022758060146305756,3189984,422172.0,7.556124044228419,544475,65.91
2022-03-30,BANKBARODA,114.0,2.1963245181532973,50868792,6744344.0,7.54243733712278,28233881,50.45
2022-03-30,SRF,2705.85,3.2274678111587947,1450482,247244.0,5.8666014139878015,871453,49.1
2022-03-30,JINDALSTEL,519.85,-2.840855994766832,8103561,1614043.0,5.0206599204606075,3163008,47.69
2022-03-30,HINDPETRO,264.45,-1.158661932349102,6891360,1391988.0,4.95073233389943,3247086,63.25
2022-03-30,POWERGRID,217.1,2.7449124467581556,22176788,4636112.0,4.783488405802103,15776780,54.54
2022-03-30,IGL,373.25,1.0969664138678255,3635939,836711.0,4.34551356442069,2845885,61.8
2022-03-30,AUBANK,1202.2,-1.1064039814091264,750456,184929.0,4.058076342812647,690546,49.07
2022-03-30,RBLBANK,129.25,0.4663816556548731,14868892,4106081.0,3.6211881840616393,4106081,53.64
2022-03-30,BANDHANBNK,300.2,1.693766937669377,8091109,2744431.0,2.9481918109801266,6805556,43.47
2022-03-30,INDUSINDBK,926.3,-0.30673195931765834,2821276,1240368.0,2.2745475536292457,2565450,58.17
2022-03-30,TATACOMM,1158.05,0.36399878667071506,561939,256917.0,2.1872394586578543,537558,70.73
2022-03-31,GAIL,155.65,1.4336917562724127,14362601,5021586.0,2.860172264300562,13638032,49.37
2022-03-31,DIVISLAB,4402.05,-3.0086370246331504,363721,150263.0,2.4205626135509073,326596,59.51
2022-04-01,LICHSGFIN,372.25,3.705251427775459,3441006,857979.0,4.010594664904386,1824832,54.73
2022-04-01,MANAPPURAM,120.7,6.296785557023343,6522594,2050415.0,3.1811091900907864,5931482,47.17
2022-04-01,BHEL,53.85,9.118541033434651,18268715,6288179.0,2.905247290193234,8313363,24.4
2022-04-01,BEL,215.1,2.0398481973434452,9270360,3750966.0,2.4714593520709065,8156226,60.66
2022-04-01,CHOLAFIN,707.75,-1.4893172802561132,1625716,716240.0,2.2697922484083546,1600306,52.1
2022-04-01,ACC,2151.0,-0.016268854440230976,518206,248382.0,2.0863267064441064,387081,61.82
2022-04-01,EXIDEIND,156.9,3.8385175380542766,2168315,1065466.0,2.0350860562420574,2095513,57.04
2022-04-04,HDFC,2680.05,9.287199771642946,15474881,1538362.0,10.059323488229689,5645915,45.36
2022-04-04,IDFC,66.2,4.088050314465411,14833825,1914218.0,7.749287176277728,8762252,42.19
2022-04-04,LUPIN,790.55,3.272370999346826,1773631,275286.0,6.44286669136825,1182033,55.11
2022-04-04,HDFCLIFE,571.8,3.897519760152618,10954170,2037796.0,5.3754988232384395,7431545,45.69
2022-04-04,HDFCBANK,1656.8,10.013280212483396,19554980,4798533.0,4.075199649559563,12617083,40.13
2022-04-04,METROPOLIS,2235.95,6.932089909134377,209755,60744.0,3.453098248386672,174429,46.66
2022-04-05,SBICARD,839.0,-4.240141528277119,28202219,265978.0,106.03214927550398,1111028,66.04
2022-04-05,BSOFT,489.65,3.772385291935987,1892865,441737.0,4.28504970151923,1379041,28.53
2022-04-05,ALKEM,3494.4,0.5669554206118593,129338,45876.0,2.8192954921963556,105155,56.7
2022-04-05,METROPOLIS,2415.35,8.023435228873637,495394,209755.0,2.3617744511453838,209755,26.23
2022-04-06,COALINDIA,193.85,3.166577967003719,17084099,3098042.0,5.5144826958446655,10482616,37.01
2022-04-06,RAIN,195.95,-4.344642421283869,1668385,572968.0,2.9118292819145224,1211922,31.3
2022-04-06,INDHOTEL,251.05,6.557724957555186,7217016,2674526.0,2.6984280579063356,5110027,26.96
2022-04-06,NTPC,153.0,2.6156941649899434,21985794,10010164.0,2.196347032875785,13228539,41.69
2022-04-06,TATACOMM,1267.65,2.1063229963753596,693604,329122.0,2.107437363652384,690990,45.76
2022-04-07,CANFINHOME,668.2,2.101000840400336,549139,79276.0,6.926926181946617,515659,33.29
2022-04-07,BEL,234.35,6.522727272727271,17186181,5498144.0,3.1258150022989577,9270360,31.65
2022-04-07,ZEEL,284.75,-2.1141285665176963,22919763,7795585.0,2.940095323186137,22092817,33.77
2022-04-08,SYNGENE,648.35,6.260755551913472,881132,105024.0,8.389815661182206,259122,44.15
2022-04-08,MFSL,801.2,2.6718780034599887,1099152,132736.0,8.280737704918034,903619,77.12
2022-04-08,CHOLAFIN,741.75,8.008736803785949,2509901,469144.0,5.3499586480909915,1625716,20.38
2022-04-08,RBLBANK,128.1,-6.632653061224486,16701296,4397639.0,3.7977869488605136,14868892,33.7
2022-04-08,MARICO,517.8,1.1328124999999911,3529869,939906.0,3.7555553427683193,2007050,83.44
2022-04-08,TORNTPHARM,2801.8,1.791099000908272,209109,63598.0,3.2879807541117647,181270,68.76
2022-04-08,GODREJCP,811.65,3.8513210927004065,2104751,753265.0,2.794170710175038,1983563,33.6
2022-04-11,INDIAMART,5066.15,2.876434155751846,100379,16319.0,6.151050922237882,87327,20.41
2022-04-11,AMBUJACEM,360.2,6.773380761820058,7074154,2219103.0,3.1878439171142574,6357123,23.07
2022-04-11,LTTS,4798.85,-3.8884438213498824,214567,107273.0,2.000195762214164,205824,48.95
2022-04-12,MRF,67585.7,-0.2655475155923349,7698,1621.0,4.748920419494139,7119,56.89
2022-04-12,BALKRISIND,2085.5,0.06477460835352104,391777,133321.0,2.9385993204371403,289315,69.43
2022-04-12,BSOFT,460.5,-7.241414039681739,2588418,1107810.0,2.3365179949630352,1892865,18.78
2022-04-12,LT,1747.7,-1.8972775750771795,3181016,1476076.0,2.155048927020018,2485984,75.47
2022-04-12,ALKEM,3451.75,-0.7304832981033343,130843,63130.0,2.072596230001584,129338,77.46
2022-04-13,M&MFIN,181.95,1.0552624271035695,4644725,2295451.0,2.0234476797805745,3880347,54.63
2022-04-18,TVSMOTOR,656.0,0.9153142065994994,4005860,399184.0,10.035121648162251,607290,76.92
2022-04-18,MPHASIS,2879.9,-5.601809361478959,612461,75663.0,8.094590486763677,373523,50.05
2022-04-18,INFY,1621.4,-7.271739441251316,18430699,3469663.0,5.311956521425856,10858451,60.38
2022-04-18,NTPC,163.2,6.008444300097435,35511917,11326381.0,3.1353277803386623,21985794,43.26
2022-04-18,TCS,3528.05,-3.6565217984953278,2676562,871209.0,3.0722386935855805,2281677,70.05
2022-04-18,CHAMBLFERT,507.0,6.81554829874645,1117326,513968.0,2.173921333623883,1045261,18.03
2022-04-18,LTTS,4305.15,-4.4870657141589385,277144,131990.0,2.0997348283960906,214567,41.48
2022-04-19,HINDCOPPER,124.15,2.4762690879075526,5007155,646134.0,7.749406469865384,2840745,26.77
2022-04-19,TRENT,1248.45,2.03923171230078,799266,124945.0,6.396942654768098,581553,50.74
2022-04-19,JUBLFOOD,546.2,-80.79938130558583,2689742,460060.0,5.846502630091727,704767,37.19
2022-04-19,MCX,1338.3,-3.091962346125999,301966,65870.0,4.584272051009564,255072,64.25
2022-04-19,ABCAPITAL,109.75,-4.2738770170082905,2792522,755214.0,3.697656558273549,2091201,40.17
2022-04-19,BATAINDIA,1925.6,-2.248845119041585,258538,89645.0,2.8840203023035307,230621,60.98
2022-04-19,COLPAL,1502.6,-2.7065527065527184,298644,106237.0,2.8111110065231513,295935,66.48
2022-04-19,LAURUSLABS,596.95,-0.1839311094389949,1036578,369891.0,2.802387730439508,941665,23.96
2022-04-19,RELIANCE,2640.8,3.811152387129755,6735937,3079230.0,2.187539417321863,5753732,55.83
2022-04-20,PETRONET,206.75,1.797144263909407,5498152,1348748.0,4.076485748264316,5047125,79.23
2022-04-21,BIOCON,373.95,6.0700609842575455,2897679,1018683.0,2.844534560800563,2209539,32.32
2022-04-21,POLYCAB,2743.9,4.8130180679170325,296973,114629.0,2.5907318392378893,290520,24.0
2022-04-22,HINDALCO,514.15,-4.8310967144840395,14296275,3892128.0,3.6731256012135263,12747126,59.89
2022-04-22,ICICIGI,1318.0,-5.924339757316202,1110267,344373.0,3.224024531539929,715916,46.82
2022-04-22,HCLTECH,1102.05,0.2592794759825245,3832354,1433936.0,2.67261160888631,3601397,40.06
2022-04-22,UBL,1545.6,4.179023995686169,349697,147678.0,2.3679695012120967,322607,30.32
2022-04-22,POLYCAB,2520.1,-8.156273916687933,604247,296973.0,2.034686655015776,296973,25.48
2022-04-25,PAGEIND,44866.35,-2.193148821513596,18900,3519.0,5.370843989769821,14698,67.51
2022-04-25,IEX,218.5,-5.0825369244135485,6831169,1755702.0,3.890847649544171,4918473,49.26
2022-04-25,ABCAPITAL,115.75,2.9346376167185393,3946356,1144812.0,3.4471651240553034,2792522,25.87
2022-04-25,TATACOMM,1119.5,-9.286119439267477,1246245,386596.0,3.2236365611646267,941226,43.38
2022-04-25,JUBLFOOD,540.6,-5.876207887176808,3717069,1711907.0,2.171303114012619,2689742,37.33
2022-04-26,ATUL,9358.0,-4.468287105566735,70786,8301.0,8.527406336585953,59223,32.71
2022-04-26,ASHOKLEY,129.9,3.259141494435619,6790892,979130.0,6.935638781367132,6686922,33.52
2022-04-26,SIEMENS,2274.2,0.552681611177433,338482,56553.0,5.985217406680459,199153,62.02
2022-04-26,SUNPHARMA,918.05,2.00555555555555,1883167,487540.0,3.862589736226771,1390663,59.92
2022-04-27,BAJFINANCE,6714.1,-7.270856495708196,1582043,289847.0,5.458200360880051,592985,39.71
2022-04-27,MUTHOOTFIN,1252.3,-3.591362254128341,457150,92842.0,4.923956829883027,448649,47.71
2022-04-27,MGL,834.8,1.5077821011673125,412420,112232.0,3.67470953025875,342861,25.97
2022-04-27,IEX,218.8,-3.2286598850066266,7817757,3224050.0,2.4248249872055334,6831169,47.79
2022-04-27,PFC,118.7,-0.2101723413198823,6554382,2745700.0,2.3871442619368466,3580816,73.77
2022-04-28,COROMANDEL,899.15,6.0756208340706666,808138,76604.0,10.549553548117592,447052,22.12
2022-04-28,UPL,824.3,3.243987975951901,2019219,554652.0,3.6405151338136346,1799648,43.83
2022-04-28,BAJAJ-AUTO,3834.4,-1.82428020944017,447826,136314.0,3.28525316548557,323214,27.5
2022-04-29,MCX,1430.2,3.2002020420680553,410004,62305.0,6.580595457828425,301966,42.2
2022-04-29,MGL,769.2,-6.859599200823391,523884,108043.0,4.848847218237183,412420,38.85
2022-04-29,ASTRAL,2153.4,-0.5174166127690945,308616,89177.0,3.4607129641050944,253119,69.24
2022-04-29,ULTRACEMCO,6630.25,0.20099894966714546,453685,137015.0,3.3112068021749446,423969,39.81
2022-04-29,VEDL,408.35,-0.8016518887404239,7697616,2557130.0,3.0102560292202587,3559354,41.43
2022-04-29,AXISBANK,728.6,-6.565786098999735,16557113,5503481.0,3.008480087421034,9483200,48.13
2022-04-29,SBILIFE,1105.5,-1.016251063258263,1456754,632153.0,2.3044326294425557,1091898,44.69
2022-05-02,TATACHEM,1033.0,9.876083603680266,1934081,228083.0,8.47972448626158,432789,14.26
2022-05-02,DIXON,3994.85,-9.130508956497016,572663,71914.0,7.96316433517813,238708,39.24
2022-05-02,ESCORTS,1577.0,-3.5385509373948625,1886751,359709.0,5.24521488202964,878204,72.94
2022-05-02,AARTIIND,847.65,-4.538543836927762,850144,163880.0,5.187600683426898,439601,64.8
2022-05-02,INDUSINDBK,1018.1,4.041694343671766,2169632,587960.0,3.690101367439962,1662471,24.21
2022-05-04,RAMCOCEM,751.8,-4.47874976176863,401786,42454.0,9.464031657794319,364143,61.81
2022-05-04,BRITANNIA,3385.45,3.489438449546041,545607,78157.0,6.980910219174226,222570,19.0
2022-05-04,ICICIPRULI,511.35,-1.4550009635767884,2494702,402637.0,6.195908473389181,1404951,82.66
2022-05-04,M&MFIN,180.25,-0.9615384615384616,6929527,1436174.0,4.824991261504525,4644725,32.4
2022-05-04,APOLLOHOSP,4013.3,-6.770428015564198,853855,206628.0,4.132329597150434,628354,49.36
2022-05-04,NAUKRI,4225.4,-6.725091334532743,363663,89807.0,4.049383678332424,183931,40.18
2022-05-04,DABUR,538.05,-3.43682699210339,1767650,467041.0,3.7847854899248676,1746977,51.84
2022-05-04,VOLTAS,1144.65,-7.010845282099187,1365102,408705.0,3.340066796344552,831518,49.1
2022-05-04,TATASTEEL,1261.35,-2.613495985176045,4152302,1845085.0,2.250466509672996,2712152,30.01
2022-05-04,SUNPHARMA,900.9,-2.436647173489279,2220876,1042947.0,2.1294236428121467,1883167,56.57
2022-05-05,ABB,2221.1,10.258383181513556,467934,31711.0,14.75620447163445,180092,17.63
2022-05-06,NAVINFLUOR,3745.6,-1.1845402981137076,254390,18107.0,14.049262716076655,205821,69.95
2022-05-06,CHOLAFIN,636.85,-10.967426254718292,3340937,246201.0,13.569957067599239,2509901,37.43
2022-05-06,COFORGE,3905.4,-6.381244606386045,329992,64780.0,5.094041370793454,167223,17.42
2022-05-06,TATAMOTORS,408.55,-4.1637344593009615,8474062,1713381.0,4.945812986136767,7624131,33.7
2022-05-06,OBEROIRLTY,875.5,-3.195488721804509,523875,155522.0,3.3684944895255975,451504,51.24
2022-05-06,BAJFINANCE,6000.3,-4.899793167391763,1648543,582176.0,2.8316917907986587,1582043,53.79
2022-05-06,CANFINHOME,547.35,-4.493107660094224,729975,297274.0,2.4555628813821593,659040,30.16
2022-05-06,VOLTAS,1069.3,-7.615879735625737,1875290,793369.0,2.363704656975506,1365102,43.82
2022-05-09,CONCOR,624.6,-2.069614299153329,1045032,360978.0,2.8950019114738295,548561,59.09
2022-05-09,CANBK,201.35,-8.206063369044905,6785385,2438138.0,2.7830192548576003,2998868,21.98
2022-05-09,POWERGRID,245.15,2.8313758389261747,19218720,7276038.0,2.6413715816217564,9737594,47.35
2022-05-09,SRF,2224.3,-3.335433823689185,604857,248843.0,2.430677173961092,328694,52.84
2022-05-10,WHIRLPOOL,1565.0,-1.246253352263764,413603,28921.0,14.301130666297846,279978,82.73
2022-05-10,ALKEM,2971.55,-3.671226659751037,161758,13491.0,11.990067452375659,130843,59.42
2022-05-10,APOLLOTYRE,198.75,2.899301061351278,2040641,447043.0,4.564753278767367,1923991,26.02
2022-05-10,TATASTEEL,1164.9,-6.9754442004392025,5591353,1300573.0,4.299145838026777,4152302,38.42
2022-05-10,SUNPHARMA,861.85,-2.659814772983957,3388676,869396.0,3.8977358994060243,2637266,48.58
2022-05-10,DALBHARAT,1421.8,-2.1338105726872247,165444,48604.0,3.4039173730557155,116298,29.57
2022-05-10,VOLTAS,988.7,-5.536712368031342,1879381,633811.0,2.965207293656942,1875290,48.3
2022-05-10,PAGEIND,40839.15,-4.178324939376972,24027,11120.0,2.1607014388489207,18900,52.12
2022-05-10,GNFC,816.95,7.762828122938929,1095181,507841.0,2.156543091243125,809618,8.26
2022-05-11,IBULHSGFIN,111.15,-20.52198784411869,13575282,1304412.0,10.407204165555054,2415567,17.51
2022-05-11,GUJGASLTD,537.4,5.985602997731973,1589402,341118.0,4.65939059211182,1263447,12.58
2022-05-11,GMRINFRA,33.35,-0.596125186289108,5229681,1416165.0,3.692847231784432,5070843,36.39
2022-05-11,CROMPTON,362.9,5.020981044711319,2676606,958919.0,2.7912743412113015,1925036,69.76
2022-05-11,AUROPHARMA,584.4,-3.100646658928875,748301,319214.0,2.34419856271968,725689,17.01
2022-05-11,CIPLA,937.6,1.236300815202726,1595304,690403.0,2.3106852084941694,1561194,30.12
2022-05-11,RECLTD,118.6,-1.4540922309929374,2638038,1167819.0,2.2589442370778348,1840841,55.62
2022-05-11,TATAMOTORS,388.15,-0.9189534141672043,9640041,4646454.0,2.0747092298772354,8474062,33.0
2022-05-12,PNB,28.6,-13.595166163141995,64573658,8321505.0,7.759853295768013,8758625,31.74
2022-05-12,KOTAKBANK,1760.9,-2.7100196138014834,2653245,1246977.0,2.127741730601286,2510030,61.96
2022-05-13,SBIN,444.65,-3.8906300659245647,21063112,6321015.0,3.3322357248005265,9570530,34.3
2022-05-13,AUBANK,1293.65,4.406601832048758,2110920,684253.0,3.0849992619688917,1489022,51.13
2022-05-13,IGL,372.65,7.717878306113597,2315293,1000513.0,2.314105863691926,2124489,27.39
2022-05-13,GODREJCP,797.2,3.3646677471637014,1612441,749275.0,2.152001601548163,909184,39.7
2022-05-16,AMBUJACEM,368.0,2.4784182678919455,21726538,2173132.0,9.997799489400553,4534682,43.06
2022-05-16,LALPATHLAB,2206.35,-3.4525763045618683,292254,44314.0,6.5950715349550935,142939,38.73
2022-05-16,ACC,2196.2,3.9227748071735973,686192,131766.0,5.207655996235752,445338,20.77
2022-05-16,ABCAPITAL,95.05,-4.997501249375313,4754289,1515660.0,3.1367780372906853,4708960,20.88
2022-05-16,EICHERMOT,2617.95,7.6172075719893835,540540,217826.0,2.481521948711357,392861,19.3
2022-05-16,IDEA,9.4,12.574850299401207,66108038,27837457.0,2.374787251579769,60432440,21.12
2022-05-16,BAJAJFINSV,12655.25,0.3723737537971077,178696,83450.0,2.1413541042540443,105139,41.17
2022-05-17,TATACONSUM,734.25,-0.1699524133242692,1361604,276892.0,4.917455181081433,1042904,53.68
2022-05-17,HINDPETRO,255.85,0.5897385492431689,2610898,534686.0,4.883049116677826,2578498,54.46
2022-05-17,MARUTI,7532.8,3.9350957558364117,355213,102521.0,3.4647828249821986,325903,43.78
2022-05-17,TORNTPHARM,2618.1,1.4276029055690036,143611,45917.0,3.127621578064769,119076,63.17
2022-05-17,AUROPHARMA,535.65,-2.8034839412085004,1556069,536768.0,2.8989600721354476,748301,46.69
2022-05-18,CUB,124.85,-0.7551669316375221,2609690,468629.0,5.568776153417735,959473,81.37
2022-05-18,IOC,118.05,-5.104501607717048,20074300,6508579.0,3.0842830670104795,8413050,46.39
2022-05-18,PIDILITIND,2162.95,-0.3042105505750208,318260,105599.0,3.013854297862669,317117,48.96
2022-05-18,DRREDDY,3905.8,0.04610655737705384,324927,130601.0,2.4879365395364506,267359,64.96
2022-05-18,ZYDUSLIFE,347.4,-0.4727116458960132,1271436,514373.0,2.4718171443679977,779763,35.87
2022-05-19,MANAPPURAM,94.6,-9.516977522716406,7992646,1216960.0,6.567714633184329,2484346,25.53
2022-05-19,LICHSGFIN,354.45,-1.2398996935079378,3100226,512231.0,6.052398234390344,1522265,24.2
2022-05-19,LUPIN,634.85,-7.090589784867545,2182052,550892.0,3.960943342796773,1199228,27.87
2022-05-19,ITC,275.65,3.3170914542728505,29590197,9390440.0,3.151098031615132,19075746,37.8
2022-05-19,INFY,1427.15,-5.436655181553138,11827263,4062967.0,2.9109916472371054,10801702,71.42
2022-05-19,TCS,3261.95,-5.417826490373474,2952123,1166592.0,2.530553098255431,2190202,63.58
2022-05-19,ABBOTINDIA,18129.3,1.4195367415268343,14667,5887.0,2.4914217767963307,9197,33.77
2022-05-19,MUTHOOTFIN,1160.6,-2.1870127681092284,548271,227150.0,2.413695795729694,457150,56.17
2022-05-20,BATAINDIA,1752.95,0.9880170526558412,331035,38891.0,8.511866498675786,201746,62.15
2022-05-20,GODREJCP,758.4,-4.675716440422328,1745402,355918.0,4.903944166914851,1612441,42.41
2022-05-20,ASHOKLEY,130.35,6.061838893409266,13152872,3086497.0,4.261423873083304,7113597,27.31
2022-05-20,TORNTPHARM,2664.7,2.7928866257763234,243345,65401.0,3.720814666442409,143611,55.92
2022-05-20,BHEL,53.1,7.598784194528875,10288280,2905573.0,3.540878167576585,8188950,19.76
2022-05-20,CONCOR,573.4,-5.488709411570804,1818853,517905.0,3.511943310066518,1184283,26.69
2022-05-20,ZYDUSLIFE,356.85,5.343173431734324,1310862,410714.0,3.1916662202895445,1271436,17.84
2022-05-20,BERGEPAINT,630.35,0.5423079990429822,511792,167685.0,3.0521036467185496,339618,65.02
2022-05-20,HAL,1757.2,4.238469523950767,511943,211259.0,2.423295575573112,433702,26.83
2022-05-20,NESTLEIND,16862.0,4.770337232241328,81029,37172.0,2.179839664263424,71127,53.14
2022-05-23,TATASTEEL,1022.95,-12.613189817187756,9642101,1072377.0,8.991335136803569,5591353,35.21
2022-05-23,NMDC,128.15,-12.495732331853866,11320617,1345309.0,8.414882380181803,3828512,40.53
2022-05-23,JINDALSTEL,395.55,-17.387218045112782,8832378,1337962.0,6.601366854962996,2877481,30.37
2022-05-23,SAIL,73.95,-10.903614457831322,39626095,7431752.0,5.331999103306999,19975911,34.89
2022-05-23,JSWSTEEL,547.55,-13.238789415306618,4245225,1287724.0,3.2966885761234552,1971438,24.18
2022-05-23,DIVISLAB,3897.9,-9.452239360713625,602574,201702.0,2.987446827497992,359134,27.63
2022-05-23,GMRINFRA,36.65,0.13661202185791574,5852762,1964797.0,2.978812569441016,5229681,54.62
2022-05-23,LT,1644.15,2.1147754797838756,2493540,1185889.0,2.102675714168864,2235594,59.69
2022-05-24,GMRINFRA,37.0,0.9549795361528007,101540288,5852762.0,17.34912302943465,5852762,89.8
2022-05-24,BALRAMCHIN,389.15,-5.751998062484864,1473679,195933.0,7.521341478974955,1181161,14.09
2022-05-24,PEL,1808.55,-4.096404708876869,543769,104538.0,5.201639595171134,272392,33.59
2022-05-24,IPCALAB,955.5,-2.30560809774551,579266,115175.0,5.0294421532450615,224838,36.47
2022-05-24,DIVISLAB,3661.7,-6.059673157341139,1722738,602574.0,2.858965039978492,602574,34.65
2022-05-24,HDFCAMC,1702.35,-1.8959804062815209,450591,212830.0,2.117140440727341,362141,57.9
2022-05-25,DELTACORP,211.15,-9.435985417113447,2574413,511541.0,5.032662093556528,1482971,35.06
2022-05-25,ASIANPAINT,2838.05,-8.059996436496744,1328546,297236.0,4.4696672004736975,1204690,39.29
2022-05-25,BALKRISIND,2161.5,4.551610718777203,347381,89451.0,3.8834781053314105,309835,41.04
2022-05-25,MPHASIS,2344.65,-5.786269664275812,648146,207973.0,3.116491082977117,322348,48.12
2022-05-25,BSOFT,343.25,-8.148247257158145,1146042,403240.0,2.8420841186390238,886241,24.22
2022-05-25,BERGEPAINT,566.15,-7.211341473408178,610001,224468.0,2.71754103034731,511792,25.41
2022-05-25,IDFC,46.75,-4.6890927624872525,4538827,1818685.0,2.4956641749395856,3154830,48.49
2022-05-26,TORNTPHARM,2900.95,10.101335964779096,351807,62045.0,5.670190990410187,243345,13.71
2022-05-26,IPCALAB,916.25,-2.3083484379997845,869398,236874.0,3.6702972888539898,579266,68.38
2022-05-26,INDIACEM,169.4,3.8945108862312137,1276850,368120.0,3.468570031511464,733551,20.3
2022-05-26,LALPATHLAB,2010.2,9.490999210218142,347739,111252.0,3.125687628087585,292254,29.78
2022-05-26,EXIDEIND,142.6,3.258508327299059,1847754,731579.0,2.5257067247693006,1346749,47.51
2022-05-26,ADANIENT,2046.4,-1.337897451968276,748908,346735.0,2.159885791742974,572416,15.08
2022-05-26,HAVELLS,1172.75,-4.611818292732526,654854,304439.0,2.151018759094597,632201,47.61
2022-05-27,MUTHOOTFIN,1096.15,-3.6139810947460904,1144457,132688.0,8.62517333896057,548271,28.5
2022-05-27,PEL,1645.3,-11.607166841271118,934851,183875.0,5.0841658735554045,543769,23.03
2022-05-27,ONGC,143.8,-5.332455562870305,19457004,4935828.0,3.9419939268548254,14743836,37.08
2022-05-27,VOLTAS,1008.45,1.2652507907817465,2121197,789129.0,2.688023124229372,1879381,72.23
2022-05-27,INDIAMART,4515.3,8.161260959133804,76296,32158.0,2.3725356054481,65676,18.3
2022-05-30,CUB,138.6,9.47867298578199,3167749,113985.0,27.790928630960213,2609690,28.87
2022-05-30,CROMPTON,351.6,7.276887871853553,3085853,368043.0,8.384490399219656,2676606,69.57
2022-05-30,HDFC,2367.25,1.58127360109852,4074162,1238370.0,3.289939194263427,3548829,75.12
2022-05-30,M&M,998.35,4.775148239492051,4015619,1621712.0,2.4761603786615627,3342114,34.35
2022-05-30,ASIANPAINT,2844.0,0.3227684004444712,1466300,673366.0,2.177567622956906,1328546,58.06
2022-05-30,LTTS,3575.35,3.6769076858389678,188669,88193.0,2.139274092048122,161444,42.42
2022-05-30,MCDOWELL-N,822.65,5.7662638210336885,1342323,648289.0,2.0705626657247,844174,33.8
2022-05-31,AUBANK,1251.35,-3.448941013078203,5361686,272231.0,19.695354313065007,2110920,61.42
2022-05-31,HINDALCO,422.55,1.391721655668869,25065952,1518444.0,16.50765652207128,10659277,64.08
2022-05-31,VEDL,320.9,2.4584929757343517,32089535,1963192.0,16.345591770952613,7223420,61.28
2022-05-31,BHARTIARTL,700.2,0.16450897646807683,27418855,1855831.0,14.77443527993659,7792196,61.49
2022-05-31,ICICIPRULI,521.6,-1.6591251885369447,3248452,227875.0,14.255411958310477,2494702,77.33
2022-05-31,PIIND,2758.35,1.4658819201765645,776863,55073.0,14.106059230475914,153865,68.03
2022-05-31,NTPC,156.0,3.3797216699801154,76441154,5542924.0,13.79076350316187,20161897,61.32
2022-05-31,JINDALSTEL,377.85,-2.351725029073515,30650984,2306428.0,13.289373871631804,8832378,46.51
2022-05-31,MARUTI,7966.35,-0.5933440646875963,1445488,115223.0,12.54513421799467,355213,57.96
2022-05-31,BHARATFORG,704.9,2.867566581539581,2629667,235000.0,11.190072340425532,846201,45.63
2022-05-31,MARICO,533.65,-0.41056265746011855,5193186,466969.0,11.121050862048659,1744509,68.3
2022-05-31,TATACONSUM,759.75,1.279744051189765,4596764,430740.0,10.67178344244788,1361604,75.04
2022-05-31,NESTLEIND,17691.5,-0.08697174547775982,256531,25648.0,10.001988459139113,81029,71.35
2022-05-31,COLPAL,1627.2,1.1405662429685886,859667,91831.0,9.361403012054753,293426,67.85
2022-05-31,HDFCAMC,1896.8,3.350950798234621,4237730,493248.0,8.591479336966394,526757,62.42
2022-05-31,ICICIGI,1265.85,-1.894908160892819,1552198,182257.0,8.516534344359888,465276,73.59
2022-05-31,GODREJCP,766.95,-3.7099811676082806,4905152,584552.0,8.391301372675143,1745402,76.2
2022-05-31,SUNPHARMA,860.6,-3.118315884273324,14074554,1830446.0,7.689139149693572,3388676,57.78
2022-05-31,IGL,378.2,0.4648691725328729,3632878,476507.0,7.6239761430577095,2315293,56.41
2022-05-31,MRF,77649.45,2.999679657452334,16131,2121.0,7.605374823196605,5927,57.63
2022-05-31,TRENT,1124.05,0.46027348288496406,1198708,160020.0,7.490988626421697,845438,71.61
2022-05-31,TITAN,2216.0,-1.7686954208963201,5206805,697768.0,7.462086252164043,1320157,74.33
2022-05-31,RELIANCE,2632.65,-1.2064695286700724,19734107,2716871.0,7.26354214094081,5344949,60.55
2022-05-31,NAUKRI,4164.4,9.441152122780956,822701,124364.0,6.615266475829018,363663,32.89
2022-05-31,GAIL,147.2,2.399999999999992,18176729,2981284.0,6.096946483461489,7550909,61.61
2022-05-31,SBILIFE,1174.15,2.242250087077673,1764611,300111.0,5.879861118052987,1119908,66.59
2022-05-31,AUROPHARMA,530.8,0.5017513963835989,3097461,531908.0,5.823302149995864,1556069,37.95
2022-05-31,EICHERMOT,2780.75,0.8084250212981994,1167322,203693.0,5.730790945196938,540540,66.07
2022-05-31,HAVELLS,1201.8,-1.2976346911957914,1529671,270506.0,5.654850539359571,654854,76.19
2022-05-31,BPCL,326.2,-0.896247911286644,7290813,1295041.0,5.629793188014897,4142306,69.96
2022-05-31,PAGEIND,45194.05,0.33690553102306053,44419,7970.0,5.573274780426599,26098,62.78
2022-05-31,TECHM,1180.25,1.3960481099656359,5732059,1097863.0,5.221105912122004,2794295,59.25
2022-05-31,BAJAJ-AUTO,3864.1,0.1918738818160627,691115,132757.0,5.205864850817659,390076,59.88
2022-05-31,KOTAKBANK,1846.85,-2.960802858343849,12110412,2495693.0,4.852524729604162,4072448,81.66
2022-05-31,GRASIM,1428.6,-0.8605135322692639,1160726,241631.0,4.803713099726442,756624,57.29
2022-05-31,BALKRISIND,2338.9,2.3252761675598856,904638,194562.0,4.649612976840287,347381,70.74
2022-05-31,TORNTPHARM,2832.6,-1.8247985443202528,576457,125952.0,4.576799098069106,351807,67.85
2022-05-31,HINDUNILVR,2353.25,0.18306051640095286,2099257,460618.0,4.557479299549735,2084305,67.2
2022-05-31,JSWSTEEL,551.25,2.301196993597472,10700860,2362308.0,4.529832689048168,4245225,53.1
2022-05-31,BIOCON,334.1,0.014967819188747603,2183897,492786.0,4.431735073642514,830579,60.79
2022-05-31,DABUR,519.0,1.7447559302097582,4011636,967906.0,4.144654542899827,1767650,72.72
2022-05-31,BANDHANBNK,325.95,-0.5491990846681957,3870718,957998.0,4.0404238839747055,3671903,56.8
2022-05-31,LTTS,3502.35,-2.041758149551792,743556,188669.0,3.941060799601418,188669,70.32
2022-05-31,GODREJPROP,1399.5,3.1433098721303088,528233,136769.0,3.8622275515650477,522851,46.22
2022-05-31,ADANIENT,2167.55,0.08773347493824445,1102088,309026.0,3.566327752357407,748908,38.51
2022-05-31,HINDCOPPER,105.1,2.137998056365392,3819857,1077936.0,3.543676990099598,3591270,40.36
2022-05-31,PIDILITIND,2245.4,0.9349995504809935,648389,183177.0,3.539685659225776,318260,68.97
2022-05-31,ICICIBANK,752.85,0.5811623246493016,15358824,4519178.0,3.398587973299569,11705804,75.76
2022-05-31,INDIGO,1838.55,1.6391176958372418,405316,120485.0,3.364037017056065,315310,41.04
2022-05-31,RECLTD,119.15,-0.7496876301540955,6799138,2080001.0,3.2688147746082814,3517003,73.49
2022-05-31,TATACOMM,985.05,-1.9558077037921857,569005,176068.0,3.231734329917986,261323,59.93
2022-05-31,TCS,3364.35,-0.32293904155248027,3642745,1253589.0,2.9058527156827316,2952123,75.25
2022-05-31,CIPLA,992.95,0.6232265910012252,3483018,1203157.0,2.894899003205733,1595304,71.45
2022-05-31,SHREECEM,22116.3,-1.5320297056152257,30274,10621.0,2.850390735335656,19528,50.49
2022-05-31,HEROMOTOCO,2773.9,0.12091461984082254,1118824,415346.0,2.693715600968831,610705,60.18
2022-05-31,CONCOR,650.45,-1.818867924528295,2931461,1266650.0,2.3143417676548377,1818853,72.15
2022-05-31,DLF,345.55,-0.3748017875162206,5039643,2191335.0,2.299804913443175,3323362,47.69
2022-05-31,AARTIIND,760.75,-6.213400727362385,857656,411081.0,2.0863430808040264,850144,40.67
2022-05-31,BERGEPAINT,614.9,1.6027759418373977,944507,452838.0,2.0857503124737766,610001,52.01
2022-06-01,PFC,111.0,-0.3143242029636231,3772898,1064784.0,3.5433458804790456,2732338,71.15
2022-06-01,COALINDIA,196.05,1.6329704510108893,20485029,6375398.0,3.213137281782251,9000060,66.36
2022-06-02,ABBOTINDIA,18376.15,3.379670780966954,21801,1872.0,11.645833333333334,14667,39.57
2022-06-02,BIOCON,322.9,-1.4647543484894756,2661565,392202.0,6.786209657268448,2183897,59.78
2022-06-03,DALBHARAT,1252.8,-8.804367606915381,461067,16841.0,27.377649783267028,172243,46.18
2022-06-03,RAMCOCEM,630.8,-9.256994893188523,952741,68756.0,13.856841584734424,401786,37.47
2022-06-03,GRASIM,1339.45,-6.498900561935004,2048563,276953.0,7.396789346928902,1160726,42.59
2022-06-03,ULTRACEMCO,5678.85,-5.476168679311234,944932,144886.0,6.521899976533274,365565,42.63
2022-06-03,TATACOMM,955.25,-1.3935483870967742,1483450,325749.0,4.553966397440974,569005,70.55
2022-06-03,JKCEMENT,2144.95,-8.417659365526669,184428,52938.0,3.4838490309418564,53411,28.43
2022-06-03,HAVELLS,1156.15,-1.285006830601089,1895702,724616.0,2.616147035119291,1529671,81.5
2022-06-03,RBLBANK,106.0,-3.2405294386125028,4433699,1724935.0,2.5703571438923785,4034941,28.48
2022-06-03,SHREECEM,20638.0,-4.607171333156149,38547,15648.0,2.4633819018404908,30274,36.66
2022-06-03,METROPOLIS,1644.0,4.321340186560055,311693,143604.0,2.170503607141862,210355,35.78
2022-06-07,TVSMOTOR,744.05,2.1064910113901343,1253470,339585.0,3.6911818837698958,1056325,53.52
2022-06-08,ICICIGI,1107.7,-3.807911076375312,2939847,616862.0,4.765809856985841,1552198,69.0
2022-06-08,POLYCAB,2314.1,-4.314747048729554,285157,61005.0,4.674321776903533,237578,36.14
2022-06-08,DEEPAKNTR,1798.45,-4.838880364040428,670410,150717.0,4.448137900834014,506723,33.11
2022-06-08,OBEROIRLTY,780.95,1.8719019045134389,653189,281793.0,2.3179745415961364,426934,42.67
2022-06-09,SYNGENE,535.7,1.3240022697181766,358347,67884.0,5.278813858935831,277999,76.64
2022-06-09,UBL,1499.1,1.1401970044528311,269171,73391.0,3.6676295458571215,175437,62.26
2022-06-09,MOTHERSON,124.4,0.3225806451612949,2031805,,,0,70.02
2022-06-13,RBLBANK,87.85,-22.667253521126764,25728694,1248464.0,20.608278652808572,4433699,16.23
2022-06-13,ZEEL,226.7,-4.001693838661875,5135673,1014480.0,5.062369884078542,4135334,26.58
2022-06-13,MOTHERSON,120.65,-1.6707416462917661,2909997,962350.0,3.0238447550267575,2031805,56.69
2022-06-14,INDUSTOWER,201.4,-0.5923000987166774,3382302,1138669.0,2.970399650820388,2591503,67.07
2022-06-14,POLYCAB,2151.5,-3.6239025264289593,369117,151971.0,2.4288647176105966,285157,43.92
2022-06-14,CHOLAFIN,618.85,1.617405582922828,1127496,534725.0,2.1085529945298984,905222,36.55
2022-06-15,TATACOMM,875.35,-4.95140887127423,1513084,90978.0,16.631317461364286,1483450,51.26
2022-06-15,SUNTV,411.45,-1.9773674806432426,472710,107211.0,4.409155776925875,464734,15.32
2022-06-15,MGL,762.85,1.6794401866044681,109089,43257.0,2.5218808516540676,105907,7.62
2022-06-16,INDIGO,1649.2,-4.97263036588879,459491,105745.0,4.34527400822734,405316,31.0
2022-06-17,HAL,1898.7,5.653552946413674,2471924,320829.0,7.704802246679695,770756,59.93
2022-06-17,INDUSTOWER,208.0,0.7263922518159807,19161165,3357968.0,5.7061785579850675,3382302,71.44
2022-06-17,SIEMENS,2323.55,-0.7729592381440398,266807,52697.0,5.063039641725336,213159,54.62
2022-06-17,COFORGE,3375.8,2.422670246818076,610468,124351.0,4.909232736367219,247673,43.72
2022-06-17,LAURUSLABS,468.25,-4.933509288397119,2587369,830672.0,3.1147901939634415,830672,56.47
2022-06-17,HINDUNILVR,2110.45,-1.6886383751805099,2127025,727109.0,2.9253179372006124,2099257,65.4
2022-06-17,DELTACORP,184.2,12.385600976204993,6784139,2401632.0,2.8248037168059055,2574413,14.02
2022-06-17,MCDOWELL-N,732.25,-2.033580841527867,1549953,693756.0,2.2341471641326347,1342323,50.23
2022-06-17,SBICARD,685.7,-3.081272084805647,1792894,839013.0,2.136908486519279,1454754,60.94
2022-06-17,LT,1489.95,-2.4518790100824956,2776487,1340068.0,2.0719000826823715,2493540,61.04
2022-06-20,TATAPOWER,194.9,-7.3228720874940585,10233534,4191956.0,2.4412312533814764,6522784,22.24
2022-06-20,IDFCFIRSTB,29.85,-5.6872037914691855,13207502,6281194.0,2.102705632082053,8943589,37.77
2022-06-20,INDIGO,1549.3,-5.064493397469291,743132,368760.0,2.015218570343855,459491,38.03
2022-06-21,IDFCFIRSTB,30.4,1.8425460636515818,60378168,13207502.0,4.571505497405944,13207502,44.82
2022-06-21,CANFINHOME,420.95,1.3238656878084005,516354,187388.0,2.755533972292783,225675,57.63
2022-06-22,DIXON,3365.7,-2.7830331739865213,168337,45415.0,3.7066387757348895,150721,22.57
2022-06-23,ABB,2290.75,3.375527426160346,180179,38652.0,4.661569905826348,152991,61.55
2022-06-23,BOSCHLTD,13821.95,2.8583441547569017,15129,4256.0,3.554746240601504,13412,39.57
2022-06-23,APOLLOTYRE,179.4,-0.08354218880534986,2372109,838105.0,2.8303243626991845,1467434,39.7
2022-06-24,BANKBARODA,99.95,3.6288232244686367,11638942,3885217.0,2.9956993393161824,10305075,30.4
2022-06-27,MFSL,821.25,0.36050348283026346,603632,92851.0,6.501082379295861,459584,61.3
2022-06-27,SUNTV,414.9,-0.012049644535488943,736986,216135.0,3.409841071552502,730762,50.86
2022-06-28,IEX,167.15,-4.431103487707261,6495419,1030544.0,6.302903126892205,6071771,40.21
2022-06-28,CHAMBLFERT,269.95,-5.214185393258434,1611201,521540.0,3.089314338305787,1078589,38.89
2022-06-28,ASTRAL,1632.55,-3.7610162997022996,240456,91193.0,2.6367813319004747,223365,31.71
2022-06-28,UPL,656.0,-0.1674022218840394,1178000,503192.0,2.341054706752095,1132808,43.76
2022-06-29,POWERGRID,211.1,0.3804089396100727,18438829,2573830.0,7.163965374558537,11955659,59.24
2022-06-29,SHREECEM,19384.1,0.7651960554974923,63325,11235.0,5.63640409434802,38547,50.63
2022-06-29,ONGC,154.15,3.2139270170739946,60529306,11491685.0,5.267226346701985,24435250,36.49
2022-06-29,BOSCHLTD,15523.0,5.9106074355073055,43355,9762.0,4.44120057365294,15129,33.68
2022-06-29,INDIAMART,3910.15,-4.0077085481416015,78400,27573.0,2.8433612592028434,58967,28.69
2022-06-29,BEL,236.1,-0.1480228378092596,3589319,1388360.0,2.5852941600161343,3324852,53.35
2022-06-29,CUMMINSIND,1022.1,2.0925935174549317,449285,176311.0,2.548252803285104,298880,57.92
2022-06-29,BSOFT,370.95,0.3109789075175709,1121871,505265.0,2.2203615924316944,1048450,38.51
2022-06-29,ESCORTS,1458.85,-4.846231614649589,286042,134896.0,2.1204631716285136,284891,51.16
2022-06-30,SUNTV,412.55,-1.9489007724301817,1509730,151273.0,9.980168304985026,736986,58.96
2022-06-30,MCX,1307.95,2.62858487975205,227415,54994.0,4.1352693021056846,172316,12.67
2022-06-30,MOTHERSON,118.15,-3.2350532350532255,3977057,1104038.0,3.6022827112834883,2909997,49.15
2022-06-30,IOC,74.25,-32.377049180327866,14806549,6471436.0,2.2879850778096236,9090563,43.01
2022-07-01,RECLTD,125.7,1.575757575757578,11292206,2918122.0,3.8696826246469476,3836119,59.19
2022-07-01,FEDERALBNK,93.65,3.824833702882487,5999565,1830383.0,3.277764817527261,4490115,37.33
2022-07-01,MANAPPURAM,88.2,3.7647058823529442,5171656,1658904.0,3.1175137319579673,1883288,38.08
2022-07-01,RELIANCE,2408.7,-7.2024348429102645,16124097,5419202.0,2.9753637159124167,5419202,42.61
2022-07-01,BANKBARODA,96.95,-0.46201232032854495,14750130,7084417.0,2.082052764539411,11638942,45.68
2022-07-04,COROMANDEL,982.05,1.7352118512379573,475468,103051.0,4.613909617568,425928,30.44
2022-07-04,M&MFIN,178.85,0.11195074167365722,2062882,645494.0,3.19581901613338,1765992,47.31
2022-07-04,ESCORTS,1527.45,4.156154108421414,303018,150001.0,2.020106532623116,286042,27.53
2022-07-05,SBICARD,816.55,3.8867684478371447,2094181,425948.0,4.916517978720407,1792894,49.7
2022-07-05,INDHOTEL,236.45,1.8522506999784547,3868578,1772421.0,2.182651864314404,2734788,46.9
2022-07-06,RAMCOCEM,663.35,4.054901960784317,463591,46130.0,10.049663993063083,354269,61.72
2022-07-06,MUTHOOTFIN,1055.35,-0.3493697181436236,1164204,175091.0,6.649136734612287,900565,77.28
2022-07-06,NMDC,106.25,-2.163904235727435,6712093,1183236.0,5.67265786368907,4216869,45.29
2022-07-06,BALRAMCHIN,347.45,-3.9530062197650344,927677,288953.0,3.21047713642011,785965,28.62
2022-07-06,CHOLAFIN,643.65,0.10108864696733706,1722361,622081.0,2.768708576535853,1424978,62.58
2022-07-06,ABB,2517.0,6.438312718046305,263149,101729.0,2.5867648359858055,180179,25.37
2022-07-06,KOTAKBANK,1704.5,2.4924085265025133,4070122,1758471.0,2.3145801096520784,2342086,73.03
2022-07-06,CUMMINSIND,1103.85,3.153910849453322,529398,230817.0,2.2935832282717477,449285,46.4
2022-07-07,CANBK,208.55,8.197146562905324,6037532,948768.0,6.363549360855341,2166115,26.81
2022-07-07,ALKEM,3107.35,0.9519013661246479,138028,37069.0,3.7235425827510857,127784,88.96
2022-07-07,PNB,31.0,3.5058430717863134,9084361,3222521.0,2.8190230567931134,6914669,27.53
2022-07-07,MFSL,860.15,4.336487142163998,636608,240080.0,2.6516494501832724,603632,50.78
2022-07-07,BANKBARODA,105.0,5.580693815987931,22746713,8861686.0,2.566860640288992,14750130,34.78
2022-07-07,TATACHEM,819.65,0.7993605115907274,521845,224974.0,2.3195791513686026,476469,26.3
2022-07-07,TATACONSUM,754.85,0.6533768917927831,1189493,557951.0,2.131895094730541,825912,57.62
2022-07-08,INDIACEM,173.35,4.9334140435835385,2232913,376144.0,5.936324918116466,828085,19.67
2022-07-08,HDFCAMC,1957.25,2.6888772298006294,410057,95695.0,4.2850410157270495,409619,64.61
2022-07-11,GRANULES,297.05,6.374216651745751,811088,88204.0,9.19559203664233,523188,19.96
2022-07-11,BHARTIARTL,660.55,-4.977343019492199,10654510,1344299.0,7.925699565349673,6473791,57.01
2022-07-11,EXIDEIND,151.7,4.512573200137777,1506464,291149.0,5.17420289954628,1088817,35.02
2022-07-11,TCS,3113.8,-4.644076620373904,3636712,1169844.0,3.1087153500808653,2845988,52.14
2022-07-12,TORNTPHARM,1483.45,-0.040429904652802065,171261,62422.0,2.7436000128159943,113801,35.39
2022-07-12,NMDC,103.2,-5.32110091743119,10344535,4330058.0,2.389006105691887,6712093,38.18
2022-07-13,WHIRLPOOL,1641.9,-0.33385941483549836,124703,14955.0,8.338548980274156,94027,72.74
2022-07-13,INDUSINDBK,819.05,-3.305589988784605,2706171,375570.0,7.205503634475597,1551575,24.94
2022-07-13,METROPOLIS,1424.1,-0.12973806935728016,174708,50865.0,3.434739015039811,153157,53.42
2022-07-13,HCLTECH,917.75,-1.0832075878422025,6281115,2407360.0,2.609129918250698,3682643,48.79
2022-07-13,PIIND,2929.9,3.420402400282389,176768,83209.0,2.124385583290269,145750,33.29
2022-07-14,ZYDUSLIFE,369.85,0.40722139269716306,791499,76110.0,10.399408750492707,396660,30.2
2022-07-14,PERSISTENT,3172.2,-4.411498824805644,170102,51734.0,3.288011752425871,152435,43.22
2022-07-14,FEDERALBNK,97.2,-0.816326530612242,7064323,2344194.0,3.013540261599509,5999565,52.47
2022-07-14,DRREDDY,4575.4,1.639417096143577,442770,153001.0,2.893902654231018,385860,50.04
2022-07-14,GRANULES,305.3,1.2267904509283782,1319927,476842.0,2.768059441072724,811088,34.7
2022-07-14,GLENMARK,389.3,0.9333679025149139,666945,258244.0,2.582615665804433,287551,28.74
2022-07-15,NAVINFLUOR,3780.15,2.5570416994492526,137196,17380.0,7.893901035673188,83303,62.88
2022-07-15,SAIL,69.35,-1.0699001426533525,26589351,4237247.0,6.275147755134407,19817643,46.07
2022-07-15,SYNGENE,613.2,4.374468085106391,302150,102124.0,2.9586581019153186,297676,9.82
2022-07-15,ABB,2559.45,0.4355759609158832,265336,100952.0,2.628338220144227,263149,68.12
2022-07-15,ALKEM,3211.95,0.7307167610117049,152479,65725.0,2.319954355268163,138028,58.2
2022-07-15,CHOLAFIN,634.0,2.846946224349088,1936190,845890.0,2.2889382780266936,1722361,61.16
2022-07-15,POLYCAB,2156.55,0.5290881969047345,220407,99551.0,2.2140109089813262,211646,42.49
2022-07-15,ZYDUSLIFE,370.95,0.29741787211030574,1726362,791499.0,2.1811297297911936,791499,64.32
2022-07-18,DIXON,3811.55,1.8286981379070897,236473,35423.0,6.6756909352680465,168337,59.82
2022-07-18,TATACOMM,1011.9,2.877185847905648,356303,69739.0,5.109092473364975,316155,43.06
2022-07-18,PEL,1699.85,2.397518147043761,552273,125806.0,4.389878066228956,516043,56.65
2022-07-18,FEDERALBNK,103.0,4.30379746835443,10242120,2391895.0,4.282010706991737,7064323,37.54
2022-07-18,BEL,254.45,3.6456211812627246,13457194,3231158.0,4.164820785613084,3603344,35.4
2022-07-18,VOLTAS,1034.7,5.259409969481185,1398739,352989.0,3.962556906872452,1029925,45.73
2022-07-18,CONCOR,671.0,-1.9149247186083937,1528690,426555.0,3.5838051365005685,1396656,59.7
2022-07-18,SIEMENS,2714.7,1.256993659082425,281029,91330.0,3.077072155918099,247237,59.07
2022-07-18,M&MFIN,204.0,2.6156941649899337,3617133,1611656.0,2.24435797713656,2572778,58.6
2022-07-18,PERSISTENT,3250.7,3.464519311870392,247453,110267.0,2.2441256223530157,170102,53.3
2022-07-19,ESCORTS,1755.35,5.265209438997329,831062,147483.0,5.634968098018077,303018,30.61
2022-07-19,POLYCAB,2250.8,4.52793386894534,639560,134948.0,4.739306992322969,220407,29.2
2022-07-19,TORNTPHARM,1498.05,-0.5311908635171475,188298,59351.0,3.172617142086907,171261,36.92
2022-07-20,ICICIGI,1216.85,-4.222746950019685,1840190,329535.0,5.584201981580105,1506363,65.7
2022-07-20,AMBUJACEM,367.85,-0.8356921417980768,5034494,1099872.0,4.577345363824154,3221933,68.21
2022-07-20,PEL,1783.65,4.628244610646727,566122,157460.0,3.595338498666328,552273,29.29
2022-07-20,HDFCLIFE,525.2,-1.99664116439633,5219422,1579783.0,3.303885407046411,3097618,57.65
2022-07-20,DABUR,558.25,1.6016016016015933,1695274,534008.0,3.1746228520921034,1478599,66.63
2022-07-20,L&TFH,71.1,-1.795580110497253,3977842,1392523.0,2.8565718483644433,3667679,24.71
2022-07-20,ASTRAL,1762.85,-0.927304914716048,246956,87270.0,2.829792597685344,240456,55.27
2022-07-20,WIPRO,412.1,1.590040675459151,5293957,2179968.0,2.4284562892666313,4989491,41.95
2022-07-20,SBIN,508.6,2.138768952706102,9705808,4129670.0,2.3502623696324405,7966400,50.34
2022-07-20,SYNGENE,604.65,-1.5228013029315999,384506,176167.0,2.182622171008191,302150,32.11
2022-07-20,BANDHANBNK,282.05,-1.9808861859252784,4359226,2027085.0,2.150489989319639,3165464,38.1
2022-07-21,ABBOTINDIA,20117.65,0.5166318997714202,25223,2995.0,8.421702838063439,13587,80.27
2022-07-21,INDUSINDBK,948.1,7.8244057773228795,4298576,716436.0,5.999944168076423,2706171,18.23
2022-07-21,MOTHERSON,134.45,6.242591860924529,10569481,2216967.0,4.767540969261157,4511024,46.18
2022-07-21,BHEL,53.45,5.320197044334981,9593097,2190977.0,4.378456277724504,3636288,30.55
2022-07-21,AARTIIND,777.5,5.181277056277049,693404,200887.0,3.451711658793252,468001,38.48
2022-07-21,TATACOMM,1077.1,10.031668198998869,850605,266093.0,3.1966455337043818,356303,14.0
2022-07-21,PIIND,3061.3,3.767605037032018,184087,66772.0,2.756949020547535,176768,46.13
2022-07-21,BALKRISIND,2252.05,-1.0479370798365442,279002,124883.0,2.234107124268315,160720,62.47
2022-07-21,TORNTPHARM,1484.75,-0.7917947347320533,225545,109863.0,2.0529659667039857,188298,58.64
2022-07-22,ATUL,8659.65,5.510271218656334,94220,8097.0,11.6364085463752,36744,28.53
2022-07-22,CANFINHOME,537.65,-0.7018191892141598,820029,166433.0,4.927081768639633,372551,11.49
2022-07-22,WHIRLPOOL,1738.7,1.6753896084909852,138248,28489.0,4.852679981747341,124703,41.56
2022-07-22,RAIN,161.6,4.291707002258797,1147885,313311.0,3.6637239037250526,1144856,16.61
2022-07-22,INDIAMART,4074.45,-4.272490191010981,117431,38326.0,3.0640035485049313,92111,24.38
2022-07-22,CROMPTON,377.05,-1.694694303219919,4705759,1555270.0,3.025686215255229,3383385,55.2
2022-07-22,COFORGE,3726.45,2.919284678588685,273867,108121.0,2.532967693602538,269587,20.18
2022-07-22,ULTRACEMCO,6458.7,5.350123150700573,374719,175340.0,2.137099349834607,323053,25.99
2022-07-25,NAVINFLUOR,4208.2,11.09732433966498,301277,61821.0,4.873376360783553,137196,11.78
2022-07-25,LAURUSLABS,497.05,-2.366922019249658,1187697,300750.0,3.9491172069825438,973489,63.3
2022-07-25,APOLLOHOSP,4189.9,1.5659467190264817,472983,145983.0,3.239986847783646,278945,41.95
2022-07-25,HINDCOPPER,94.95,-0.8355091383811981,1636501,664861.0,2.4614182513337375,1453198,45.28
2022-07-26,BAJAJFINSV,13313.0,5.495045385928981,188427,35418.0,5.3200914789090294,129019,14.2
2022-07-26,NESTLEIND,18509.5,-1.322400846592435,89484,19187.0,4.663782769583572,58629,64.16
2022-07-26,GMRINFRA,35.1,-1.9553072625698207,7856967,2639595.0,2.976580498144602,6345110,71.08
2022-07-26,HDFCLIFE,522.55,-0.7973421926910385,6178421,2529023.0,2.443007042640577,5219422,79.09
2022-07-26,DELTACORP,193.05,4.577464788732404,4492296,1889368.0,2.3776712636183106,4416606,19.81
2022-07-27,UBL,1638.35,-1.801126828098788,375267,56130.0,6.6856761090326025,337389,52.88
2022-07-27,MCDOWELL-N,792.9,-6.756041629917098,2616045,497090.0,5.262719024723893,1408439,39.52
2022-07-27,EXIDEIND,156.1,3.9973351099267154,1781544,442053.0,4.030159279543403,1506464,28.97
2022-07-27,LAURUSLABS,513.8,6.135096054534173,1689469,481904.0,3.5058206613765397,1187697,28.66
2022-07-27,GNFC,691.6,4.795817864989768,847369,303907.0,2.7882510110000758,651100,29.27
2022-07-27,SBILIFE,1149.35,0.9796169390265211,1107382,448460.0,2.4692993801007894,1065816,71.26
2022-07-27,TATAPOWER,218.0,-3.603802785761665,10061966,4092902.0,2.458394068560645,4275561,29.88
2022-07-28,TATASTEEL,100.35,-89.54033771106941,52403544,1525216.0,34.35811321150578,2962368,38.21
2022-07-28,BIOCON,306.75,-5.119084441695024,3033106,199165.0,15.229111540682348,986605,35.82
2022-07-28,SYNGENE,573.1,-0.3737505432420647,640772,70639.0,9.071079715171505,384506,56.77
2022-07-28,OBEROIRLTY,897.5,1.1951742022775986,871610,172469.0,5.053719798920386,522263,46.94
2022-07-28,TATAMOTORS,442.25,-0.4053597567841485,9000871,1904782.0,4.725407421951698,7632064,24.74
2022-07-28,BAJFINANCE,7076.6,10.634971507187691,1759954,385634.0,4.563793648900252,639847,27.14
2022-07-28,M&MFIN,197.2,-0.8048289738430697,5782935,1413316.0,4.091749474286005,3617133,33.19
2022-07-28,MRF,83046.5,2.69776955281615,5664,1436.0,3.9442896935933147,4693,39.04
2022-07-28,ZEEL,248.05,3.3972488536890397,3857487,1124387.0,3.4307467090957116,3361211,32.6
2022-07-28,BAJAJFINSV,14642.05,10.032276124310046,340008,105863.0,3.211773707527654,188427,20.89
2022-07-28,COFORGE,3846.05,1.5472151447543958,300840,93985.0,3.2009363196254723,273867,46.27
2022-07-28,IBULHSGFIN,114.75,11.678832116788321,10314984,3416122.0,3.0195010599738534,4793375,24.33
2022-07-29,TVSMOTOR,908.05,4.301631059039734,2351591,490552.0,4.793764983121055,1373760,24.8
2022-07-29,SBILIFE,1294.4,8.640731881321082,1901796,450651.0,4.22010824340787,1107382,24.93
2022-07-29,INTELLECT,630.4,-5.465996850866019,449139,111708.0,4.020652057148996,189058,30.85
2022-07-29,DRREDDY,4090.35,-3.9835213201723048,654582,188972.0,3.4639099972482694,442770,33.15
2022-07-29,IRCTC,637.1,5.742738589211622,1827678,565855.0,3.2299405324685653,1368043,26.24
2022-07-29,EXIDEIND,158.5,1.6025641025641024,2394291,825349.0,2.900943721989122,1781544,22.77
2022-07-29,TECHM,1048.65,1.0260115606936504,3724083,1560556.0,2.3863821612297156,2344196,60.2
2022-07-29,BATAINDIA,1961.65,4.262669749395416,306910,136475.0,2.2488367832936436,166447,39.46
2022-08-01,UPL,767.35,3.5420321144245035,3153446,522539.0,6.034852900931797,1755792,40.44
2022-08-01,M&M,1237.75,6.294817295719005,5426819,939861.0,5.7740655267108645,3117049,42.82
2022-08-01,IDFCFIRSTB,41.95,11.717709720372852,38592624,8945019.0,4.314426162761644,13292649,21.23
2022-08-01,MCX,1322.6,-5.318920466747811,376911,104493.0,3.6070454480204415,282657,40.52
2022-08-01,IDFC,57.9,5.9469350411710895,3896524,1244253.0,3.1316171228841725,3416985,25.42
2022-08-01,TATAMOTORS,479.2,6.5836298932384265,12615326,4625515.0,2.7273343616872934,9000871,29.28
2022-08-01,IDEA,9.1,3.999999999999996,42241154,18732464.0,2.2549705153577233,36793674,51.74
2022-08-02,ESCORTS,1633.45,-5.2000812512695465,1059053,263332.0,4.021740616408184,831062,38.55
2022-08-02,OFSS,3296.4,4.291702918611092,160878,41907.0,3.8389290571980816,87545,35.62
2022-08-02,AMBUJACEM,378.65,0.8657432072456048,6062534,1658135.0,3.6562366755421,5034494,65.33
2022-08-02,APOLLOTYRE,227.35,2.3638000900495273,2169737,676200.0,3.208720792664892,1831070,45.0
2022-08-02,GAIL,141.5,-3.937542430414128,10738840,3426105.0,3.134416487527382,4698783,59.49
2022-08-02,LICHSGFIN,393.9,2.5247267048412256,1334043,574196.0,2.3233233947989884,1087928,32.2
2022-08-03,WHIRLPOOL,1786.05,0.1373626373626399,171596,21387.0,8.02337868798803,138248,78.18
2022-08-03,CUMMINSIND,1181.05,-1.4395393474088292,881346,178787.0,4.929586603052795,529398,62.02
2022-08-03,CIPLA,1011.85,0.7618004381597269,1496452,559734.0,2.6735056294597075,1402518,36.92
2022-08-03,SIEMENS,2614.65,-4.463241742180652,711588,274620.0,2.591173257592309,341146,39.85
2022-08-03,INDUSTOWER,206.45,-5.881012081148851,3867358,1581095.0,2.445999765984966,2420462,24.79
2022-08-04,TATACONSUM,789.25,-2.8914180252230084,7290681,448725.0,16.247548052816313,1189493,47.47
2022-08-04,LUPIN,659.95,5.154557042702361,2220198,402210.0,5.519997016483926,441760,16.75
2022-08-04,GUJGASLTD,444.45,-3.975369990277635,1459024,275277.0,5.300203068182231,761743,32.08
2022-08-04,BATAINDIA,1913.85,-3.221157492857326,410368,122109.0,3.360669565715877,306910,43.18
2022-08-04,PIIND,3140.45,3.696549446920912,255228,77737.0,3.2832242046901734,184087,16.26
2022-08-04,DIVISLAB,3888.15,1.7613881727887821,253225,101818.0,2.4870356911351625,243574,53.86
2022-08-04,GODREJPROP,1391.4,-2.405835729816929,612338,252475.0,2.4253411228834536,526228,44.03
2022-08-04,JINDALSTEL,382.8,1.363696544419445,2247933,1020210.0,2.203402240715147,1793178,24.65
2022-08-05,CROMPTON,373.85,-3.8575286100038575,21498179,1225031.0,17.549089778136228,4705759,72.74
2022-08-05,NMDC,110.9,3.2588454376163876,92426115,7331240.0,12.607159907464494,10344535,62.71
2022-08-05,PEL,1726.1,-0.3320148973640904,1503194,193513.0,7.76792256850961,661546,60.38
2022-08-05,ONGC,136.5,0.1834862385321101,31689580,5258664.0,6.0261655812198685,18700037,47.67
2022-08-05,ALKEM,3112.8,-1.2342545293016352,229927,39036.0,5.890127062198996,152479,34.73
2022-08-05,MFSL,820.7,-0.2249103397969618,743668,153342.0,4.849734580219379,656621,79.71
2022-08-05,COALINDIA,208.45,0.6275645667390697,14735867,3491438.0,4.220572440352657,5354135,46.05
2022-08-05,BALKRISIND,2162.8,-6.773852884760433,822370,209614.0,3.923258942627878,279002,32.22
2022-08-05,ICICIPRULI,582.1,3.918593233955199,2060870,560265.0,3.6783843359838646,908441,38.63
2022-08-05,MANAPPURAM,108.15,6.394490900147565,4461809,1222989.0,3.6482822004122686,2644884,12.29
2022-08-05,TATAPOWER,232.1,1.9547551065231663,18668029,6724829.0,2.7759856793384636,10061966,56.18
2022-08-05,NTPC,155.6,0.5817711700064678,19279025,7517178.0,2.564662563531155,11153891,56.93
2022-08-05,GAIL,132.9,-5.139186295503205,21958482,9279082.0,2.366449827687696,10738840,50.26
2022-08-05,MGL,785.2,0.6215159864163545,407412,176736.0,2.305200977729495,234694,58.67
2022-08-05,PIDILITIND,2640.85,3.396499745507224,476066,224443.0,2.1210997892560695,230657,46.36
2022-08-05,IPCALAB,1012.45,-1.219571686423728,365038,174220.0,2.0952703478360695,311560,61.42
2022-08-10,CUB,176.7,8.538083538083525,5992485,210185.0,28.510526440992457,2940796,36.25
2022-08-10,TATACHEM,1074.15,12.241379310344836,2364126,156805.0,15.07685341666401,448526,15.25
2022-08-10,GRANULES,301.75,-3.9318688315823054,1930216,180612.0,10.687086129382322,1319927,37.47
2022-08-10,LT,1855.15,1.393709179351242,2260823,813044.0,2.7806896059745845,2239555,66.07
2022-08-10,ABFRL,277.2,0.3802281368821334,3537006,1337098.0,2.64528553628829,1337098,51.85
2022-08-10,ABB,2770.4,1.8117672999889818,341071,133439.0,2.556006864559836,308281,32.69
2022-08-10,IGL,379.8,5.867595818815334,3840722,1657261.0,2.3175118463537125,1687427,38.55
2022-08-11,GLENMARK,389.0,3.4987361979513043,1943176,284792.0,6.823141099469086,666945,41.34
2022-08-11,TRENT,1340.15,2.204003813155393,397823,127233.0,3.1267281287087467,391113,23.37
2022-08-12,IPCALAB,928.05,-8.683459608383352,1906401,134771.0,14.145483820703268,365038,48.92
2022-08-12,BHARATFORG,790.2,7.3787199347737555,3362220,361901.0,9.290441308534655,1200128,29.76
2022-08-12,AUBANK,631.15,-2.048576084426173,4348351,660093.0,6.587482369908483,1251660,51.06
2022-08-12,DIVISLAB,3726.2,-5.6192297463304755,731726,122486.0,5.973956207240011,253225,34.71
2022-08-12,INDIACEM,193.05,0.6254886630179918,1723534,399083.0,4.318735701595909,1155772,12.61
2022-08-12,AUROPHARMA,593.45,3.08320305714782,1573132,426269.0,3.6904677562759667,714092,25.46
2022-08-12,HDFCAMC,1956.5,-3.487569060773483,494114,155608.0,3.175376587321989,447803,52.99
2022-08-12,APOLLOHOSP,4312.75,-2.639034686713389,513058,178555.0,2.8733891518019656,472983,36.32
2022-08-12,PAGEIND,49137.35,0.25759470813754437,12767,4788.0,2.666457811194653,8636,31.11
2022-08-12,TORNTPHARM,1539.95,0.2800117214208937,343740,143235.0,2.3998324431877682,248505,75.95
2022-08-12,NAUKRI,4433.25,0.7190567066521182,344709,145502.0,2.3691014556500942,204156,22.68
2022-08-12,MARUTI,8699.2,-1.3007936372867661,439273,210213.0,2.0896566815563262,387229,61.63
2022-08-16,MUTHOOTFIN,1040.1,-12.405255179383541,3186390,403938.0,7.8883145433210045,627365,31.98
2022-08-16,GODREJCP,889.85,2.896623496762265,3074279,413289.0,7.438569620773841,815927,37.11
2022-08-16,APOLLOTYRE,250.15,5.950868276154177,3802467,622138.0,6.111934972626652,2169737,18.91
2022-08-16,ASTRAL,2000.0,0.7277580519251616,385692,76161.0,5.0641666994918655,246956,42.53
2022-08-16,HDFCAMC,2181.35,11.492461027344744,1850441,494114.0,3.744967760476327,494114,33.88
2022-08-16,MRF,86971.45,4.619945543682028,7643,2131.0,3.5865790708587517,5664,26.44
2022-08-16,ZEEL,237.8,-1.6542597187758479,7640838,2487127.0,3.0721543371126607,3857487,41.38
2022-08-16,EXIDEIND,164.25,3.1721105527638267,2531049,990307.0,2.5558225883488657,2394291,41.03
2022-08-16,INDHOTEL,275.45,1.287001287001287,6788093,3161246.0,2.1472840139615834,6141650,66.69
2022-08-16,ABB,2898.0,3.601751720439718,521629,244285.0,2.1353296354667703,341071,62.58
2022-08-17,SBICARD,1000.8,4.098190139380069,1943599,461263.0,4.213646011060935,1704758,28.38
2022-08-17,DLF,380.35,0.3164974284584058,2997118,823819.0,3.6380782671921867,2536726,46.94
2022-08-17,KOTAKBANK,1839.7,-0.36017006526389167,2584898,717581.0,3.602238632293776,2423513,76.4
2022-08-17,GODREJPROP,1390.25,1.9917834348177017,820569,262660.0,3.1240729460138583,612338,47.63
2022-08-17,HEROMOTOCO,2913.45,3.4238551650692157,1185500,394982.0,3.001402595561317,554079,47.21
2022-08-17,PIDILITIND,2716.3,1.8962768451655325,506736,218187.0,2.3224848409850267,487331,51.38
2022-08-18,BHEL,56.2,4.558139534883726,13331812,3055590.0,4.363089288811653,9593097,25.79
2022-08-18,IRCTC,714.15,6.327700439216855,2450341,591834.0,4.140250475640129,1961198,23.85
2022-08-18,INDIACEM,204.0,5.263157894736836,2008717,508327.0,3.9516236595734635,1723534,17.92
2022-08-18,RAMCOCEM,774.05,1.6881240147135979,574745,204217.0,2.8143837192790024,398508,59.97
2022-08-19,TATACOMM,1125.0,3.5530191458026423,1860324,81828.0,22.734565185511073,850605,58.24
2022-08-19,PEL,1945.9,-0.7927808509011168,2203893,169588.0,12.995571620633536,1503194,44.85
2022-08-19,ADANIPORTS,871.8,4.651581537722826,2811314,839067.0,3.350523855663493,1641724,11.47
2022-08-22,ICICIGI,1260.65,-2.22213604281392,969271,104764.0,9.251947233782596,709949,64.9
2022-08-22,ASIANPAINT,3349.75,-3.8132977272401023,1450954,258945.0,5.603328892235803,1063411,62.1
2022-08-22,TRENT,1314.1,-6.011515216536149,1884961,397346.0,4.743878131401852,462294,60.24
2022-08-22,SHREECEM,20931.45,-2.2954087157847565,25826,5638.0,4.580702376729336,24686,51.37
2022-08-22,INTELLECT,584.15,-4.308297157834396,459558,207669.0,2.2129350071508025,449139,52.12
2022-08-23,JKCEMENT,2655.35,0.0357896323086128,295354,50054.0,5.90070723618492,103370,82.41
2022-08-23,GRASIM,1595.45,2.004347548110743,1178215,518209.0,2.2736289798131644,702388,62.97
2022-08-24,IDEA,9.2,3.9548022598870016,56813132,24289597.0,2.3389903093081372,50400963,26.79
2022-08-25,SHREECEM,21712.6,1.707888326775335,41847,4728.0,8.850888324873097,25826,47.23
2022-08-25,L&TFH,80.3,7.066666666666663,7625337,1068665.0,7.135385738280939,3625165,19.61
2022-08-25,UBL,1612.7,-0.3460421429895513,596231,88521.0,6.735475197975622,375267,73.39
2022-08-25,PNB,35.25,5.067064083457535,31886073,4836134.0,6.593298076521453,22587378,28.7
2022-08-25,BHEL,57.45,7.887323943661976,26396136,4134322.0,6.384634772037591,13331812,21.32
2022-08-25,CANBK,238.75,2.8651443343386496,6529197,1615447.0,4.041727769465665,4564349,36.63
2022-08-25,POLYCAB,2402.75,-1.3345652397084489,311329,93500.0,3.32972192513369,275978,64.84
2022-08-25,LICHSGFIN,401.85,1.7084282460136675,1769634,536352.0,3.2993892070878825,1334043,45.47
2022-08-25,IDFC,65.95,5.435651478816956,9019431,2791834.0,3.2306473092597914,4780848,36.59
2022-08-25,ICICIGI,1260.3,1.3306532663316546,1594247,521085.0,3.0594759012445185,969271,66.02
2022-08-25,ABCAPITAL,114.85,3.4684684684684637,2683366,1016846.0,2.638910906862986,2531463,33.38
2022-08-25,INDIAMART,4287.05,4.780701218394466,87528,34630.0,2.5275194917701413,81070,24.72
2022-08-25,GMRINFRA,34.6,2.670623145400589,14336503,5759163.0,2.48933794719823,7856967,55.51
2022-08-26,HAL,2273.25,2.368675838155491,816269,276540.0,2.9517212699790267,648364,47.34
2022-08-26,CHAMBLFERT,348.15,6.321575813101234,1537471,526528.0,2.9200175489242737,1202191,16.18
2022-08-26,ACC,2285.5,0.05691270466684975,306194,142903.0,2.1426702028648803,302344,52.59
2022-08-29,COLPAL,1630.0,3.739061256961018,612050,100750.0,6.0749379652605455,261494,30.87
2022-08-29,WIPRO,404.35,-3.0916716596764475,6535628,1464734.0,4.46198968549921,5131584,55.58
2022-08-29,LTTS,3578.3,-2.4973092276461437,193250,44012.0,4.390847950558938,165724,38.11
2022-08-29,INFY,1461.75,-3.930202753770823,5224496,1722219.0,3.0335839983184485,4342842,64.67
2022-08-29,HCLTECH,917.5,-2.9767884523872445,3087997,1322544.0,2.3348916935844857,2817713,62.07
2022-08-30,ADANIENT,3194.35,1.6467256411888245,1414525,197337.0,7.168067823064098,718746,32.21
2022-08-30,ASHOKLEY,154.0,3.9487006412419805,13435076,2125726.0,6.320229418090572,9376079,53.16
2022-08-30,DLF,390.0,5.433901054339017,4497301,804341.0,5.591286531458672,2997118,41.51
2022-08-30,IDEA,9.05,2.2598870056497296,98441524,21227864.0,4.637373030089132,56813132,51.73
2022-08-30,PEL,1063.55,-44.79366727225539,8645436,1916636.0,4.510734432620487,2203893,47.76
2022-08-30,MOTHERSON,122.9,1.4863748967795305,21459721,5308605.0,4.042440716534758,10957426,68.12
2022-08-30,BAJAJFINSV,16962.15,5.444039685697246,213335,55655.0,3.8331686281556014,143380,27.85
2022-08-30,PAGEIND,51043.15,3.345670338747992,15314,4172.0,3.6706615532118887,13834,49.43
2022-08-30,NESTLEIND,19925.85,1.4226561167850518,80040,23340.0,3.429305912596401,40340,72.93
2022-08-30,ACC,2299.7,0.4850126715022245,577544,171930.0,3.3591810620601406,306194,63.07
2022-08-30,SRF,2543.4,5.1252376622303055,550048,168236.0,3.26950236572434,294867,40.78
2022-08-30,GNFC,750.45,3.161729328476184,921537,322721.0,2.855522262263689,767989,36.86
2022-08-30,POLYCAB,2470.15,2.1630787683272406,352319,144709.0,2.434672342425143,311329,61.88
2022-08-30,INDIACEM,228.45,4.986213235294115,3241641,1392770.0,2.3274776165483173,2008717,19.78
2022-08-30,BAJFINANCE,7306.25,4.909288016828557,921161,412553.0,2.2328306908445703,863887,53.2
2022-08-30,ADANIPORTS,842.15,0.6874701099952176,2924937,1321618.0,2.213148579998154,2811314,30.82
2022-08-30,ITC,320.5,2.2165523839897903,11915072,5948940.0,2.002889926608774,11405096,66.83
2022-09-01,NAVINFLUOR,4326.6,1.2200400051468738,283839,33762.0,8.407055269237604,172143,50.57
2022-09-01,PERSISTENT,3399.95,-3.3542261828621784,282821,70294.0,4.023401712806214,239298,63.9
2022-09-01,TVSMOTOR,1015.1,2.9931006493506493,1222408,329213.0,3.7131218998034705,938286,36.05
2022-09-01,NATIONALUM,77.7,-3.478260869565214,10456175,3249767.0,3.2175152864805385,7298076,48.84
2022-09-01,ZEEL,244.75,-4.7850612721260495,8438553,2684454.0,3.143489514068783,8276095,29.36
2022-09-01,DABUR,569.6,-2.3989033584647017,1765247,729510.0,2.4197708050609315,1477161,58.02
2022-09-02,ACC,2290.05,-0.2743484224965588,1116025,140045.0,7.969045663893748,577544,81.21
2022-09-02,INDIAMART,4752.3,6.0000446099971,115495,35717.0,3.233614245317356,87528,19.4
2022-09-05,EXIDEIND,172.4,8.155583437892094,6035870,825320.0,7.3133693597634855,2531049,29.42
2022-09-05,RAIN,203.9,3.7131230925737597,1141521,246124.0,4.637991418959549,1123504,31.39
2022-09-05,JSWSTEEL,681.95,3.107045660719696,1203722,347220.0,3.4667415471459018,1099215,24.41
2022-09-05,POWERGRID,223.4,-0.3568242640499478,10591283,3666058.0,2.88901130314905,7009615,78.21
2022-09-05,DIXON,4204.7,2.3215632832842488,194320,85414.0,2.275036879200131,187499,28.04
2022-09-05,FEDERALBNK,123.55,3.3458803847762444,11692519,5410778.0,2.160968163912842,11670744,19.18
2022-09-06,SYNGENE,565.25,-2.2650644073657857,1486679,128037.0,11.61132328936167,555394,20.09
2022-09-06,TATAPOWER,247.35,4.609854091774162,18644326,3787062.0,4.92316365562539,9977576,30.33
2022-09-06,PFC,116.5,1.791175185670596,14970163,3718154.0,4.026235330758221,5919558,68.06
2022-09-06,AMBUJACEM,436.5,4.438329943773182,11426300,3375733.0,3.384835234303187,10426292,49.28
2022-09-07,BHARTIARTL,753.1,-1.0706075533661712,105950932,5366028.0,19.744759438452427,9426736,83.56
2022-09-07,CONCOR,726.55,8.545603944124887,4636250,395838.0,11.712493494813534,1568747,21.49
2022-09-07,SHREECEM,23181.05,7.050315525517971,51177,7614.0,6.721434200157605,41847,22.49
2022-09-07,BSOFT,317.95,-1.624381188118812,2245587,456862.0,4.915241363912954,1651019,59.15
2022-09-07,IDEA,9.75,6.5573770491803245,136017340,32440986.0,4.192762205193147,98441524,24.72
2022-09-07,DIXON,4362.8,4.193733282384419,371438,116909.0,3.177154881146875,194320,37.91
2022-09-07,TATAMOTORS,445.85,-2.599672310212993,8346215,2719468.0,3.069061669414753,5123535,40.19
2022-09-08,INDIGO,1940.65,-1.8733882793143526,10981061,260825.0,42.101259465158634,355777,44.64
2022-09-08,TATASTEEL,105.85,-1.6263940520446096,40070083,15190294.0,2.637874092496169,39381581,56.26
2022-09-08,RAMCOCEM,784.3,1.573528459496209,594730,291655.0,2.0391558519483635,574745,52.05
2022-09-08,BRITANNIA,3672.65,0.12950189481719784,282449,138962.0,2.0325628589110694,267600,73.4
2022-09-09,RAIN,185.65,-7.728628230616294,2668478,467602.0,5.706729226992186,1141521,32.18
2022-09-09,GUJGASLTD,507.2,3.425774877650899,1209030,225838.0,5.353527749980074,1000637,23.83
2022-09-09,WHIRLPOOL,1754.3,-2.6956569970602993,281543,58360.0,4.824246058944483,168474,67.77
2022-09-09,ABBOTINDIA,18276.4,0.7630389238063814,20114,4447.0,4.523049246683157,13456,76.92
2022-09-09,NAUKRI,4284.35,1.963420874138772,373812,135730.0,2.754085316437044,344709,58.95
2022-09-12,CHOLAFIN,798.2,0.9421435346190382,1131821,164892.0,6.8640140212987895,1007318,72.09
2022-09-12,DEEPAKNTR,2178.4,6.536251375473778,637354,175537.0,3.6308812387132057,476997,23.72
2022-09-12,MFSL,786.95,-1.1803855088842816,450617,131585.0,3.424531671543109,287168,74.61
2022-09-12,ATUL,9611.2,4.077013871593013,54412,17592.0,3.0929968167348796,51102,56.95
2022-09-12,OBEROIRLTY,1059.1,3.889352101623411,950328,337565.0,2.815244471435131,622445,52.38
2022-09-12,BEL,338.55,3.169282340393124,7307767,3040950.0,2.4031197487627223,4987203,56.11
2022-09-12,COALINDIA,231.5,-2.567340067340065,9159109,3911126.0,2.3418087272054136,6965550,48.07
2022-09-13,BAJAJFINSV,1784.75,-89.58603808484628,2917613,174572.0,16.712949384781066,213335,28.02
2022-09-13,SUNTV,533.3,2.518262206843504,963625,269127.0,3.5805586210227887,953795,38.99
2022-09-13,SBIN,558.0,0.558659217877099,11220044,4384107.0,2.5592541422916915,7957943,67.16
2022-09-13,BANDHANBNK,298.15,3.3090783090782927,6038090,2387132.0,2.5294328089104416,4108110,39.04
2022-09-13,INDUSINDBK,1163.8,2.370585389453318,1941129,824436.0,2.354493253569713,1712406,54.36
2022-09-13,HINDCOPPER,122.6,2.0815986677768525,2226837,958819.0,2.32247900802967,1908900,42.0
2022-09-13,ASTRAL,2445.8,-4.168952276467348,480452,214457.0,2.240318572021431,435487,46.84
2022-09-13,MFSL,795.75,1.1182413113920775,918275,450617.0,2.0378170375285443,450617,73.16
2022-09-14,DALBHARAT,1764.75,6.29743404409107,492131,110311.0,4.46130485627,300326,34.43
2022-09-14,BEL,335.9,0.02977963073256876,10229257,2905734.0,3.5203693799914237,7307767,62.84
2022-09-14,HCLTECH,932.0,-2.4492359221268556,4882499,1460592.0,3.3428219516470032,3087997,72.21
2022-09-14,INFY,1475.4,-4.501763811126571,8873219,3303570.0,2.6859485344642313,5886083,61.91
2022-09-14,NTPC,172.35,2.9569892473118213,25276967,9461821.0,2.671469582863595,16188955,65.23
2022-09-14,VEDL,305.6,10.106287155467488,13089259,5351521.0,2.4458951015982184,5565909,21.11
2022-09-14,LTTS,3676.95,-4.261052960474928,272715,112951.0,2.4144540552983154,193250,36.91
2022-09-14,AMBUJACEM,524.6,7.831449126413161,12780056,5607513.0,2.279095206734251,11426300,22.33
2022-09-14,TCS,3120.4,-3.3737439422794004,2993544,1409613.0,2.123663728980933,2222198,58.81
2022-09-14,MPHASIS,2089.65,-2.901816830072944,468346,224865.0,2.0827874502479267,397893,68.15
2022-09-15,DELTACORP,221.5,5.4259876249405075,4506985,850270.0,5.3006515577404825,3525044,35.99
2022-09-15,MRF,92868.45,7.896614101963828,13340,3078.0,4.333983105912931,7643,20.14
2022-09-15,ABCAPITAL,120.1,1.8228062738448423,4797287,1251828.0,3.8322253536428326,2683366,35.6
2022-09-16,BOSCHLTD,16934.1,-2.349840845135397,49019,5435.0,9.019135234590616,34480,66.97
2022-09-16,NMDC,125.15,-0.39793076004775163,15491078,2128307.0,7.278591857283747,10964562,62.07
2022-09-16,NAUKRI,4121.65,-1.8163843826675246,471328,78467.0,6.006703454955586,373812,63.56
2022-09-16,UPL,703.4,-5.278750336655002,3177429,598579.0,5.308286792553698,2385040,48.54
2022-09-16,RECLTD,104.05,-2.2086466165413614,9884580,2105828.0,4.693916122304386,5515190,67.53
2022-09-16,INDUSINDBK,1227.35,2.634109629134089,7103516,1561545.0,4.549030607507309,3419868,43.66
2022-09-16,LICHSGFIN,430.6,-2.214147836947882,2496423,553212.0,4.512597340621679,1769634,62.17
2022-09-16,TATAPOWER,236.3,-3.7082314588427034,27682791,6156820.0,4.496280709846967,18644326,47.69
2022-09-16,NESTLEIND,18404.2,-3.1816507969908954,84809,18986.0,4.46692299589171,80040,73.01
2022-09-16,M&M,1250.1,-3.619752515323237,5871704,1373339.0,4.2754949797537245,2833493,64.9
2022-09-16,LUPIN,632.15,-4.63870870417861,1129768,269663.0,4.189555111379759,755884,56.33
2022-09-16,CUMMINSIND,1191.4,-4.558199150845139,805558,192291.0,4.189265228221809,796740,55.48
2022-09-16,PIIND,3136.0,-4.358168898106075,353696,86835.0,4.0731962918178155,181150,65.55
2022-09-16,INTELLECT,558.2,-4.630104220058075,782891,192946.0,4.057565329159454,459558,34.3
2022-09-16,CHOLAFIN,768.6,-3.0524722502522623,1408149,357606.0,3.937710776664821,1131821,56.32
2022-09-16,CROMPTON,399.45,-1.1384729612671756,5980280,1533236.0,3.900430201221469,3114979,82.54
2022-09-16,MARICO,508.65,-2.873782700019108,1550759,474746.0,3.266502508709921,1358566,57.23
2022-09-16,LT,1920.0,-1.9157088122605364,2902418,958351.0,3.02855425621719,2464378,74.77
2022-09-16,IOC,69.95,-2.236198462613549,18045395,6011063.0,3.0020305892651598,16362138,69.42
2022-09-16,INDUSTOWER,204.25,0.2208047105004851,4168934,1546770.0,2.695251394842155,2553409,55.47
2022-09-16,CIPLA,1043.5,0.9871286170521675,1138135,428713.0,2.6547713738561693,1037469,39.93
2022-09-16,TCS,3008.7,-3.081160307310712,3527573,1330626.0,2.651062732879111,2993544,66.28
2022-09-16,TATASTEEL,105.7,-1.2149532710280349,61041260,24617811.0,2.4795567729397225,40070083,56.54
2022-09-16,PETRONET,210.05,-2.5290023201856098,1965837,812939.0,2.4181851282814577,1395504,67.16
2022-09-16,HINDPETRO,228.8,-4.02684563758389,5116202,2165661.0,2.3624205265736418,3299284,66.88
2022-09-16,HINDUNILVR,2528.15,-1.2595688173722854,1782926,790032.0,2.2567769406808837,1475190,70.84
2022-09-16,COROMANDEL,1013.75,-1.2901655306718598,557962,253537.0,2.2007123220673908,460626,63.9
2022-09-16,HDFC,2404.1,-2.248515898186557,4306640,1972974.0,2.1828163979859845,2633001,67.32
2022-09-16,IBULHSGFIN,127.25,-6.912948061448419,5404597,2658342.0,2.0330706131867156,4795724,32.21
2022-09-16,AUROPHARMA,533.1,-2.5678515946266938,817980,406422.0,2.012637111180005,755258,51.05
2022-09-20,MUTHOOTFIN,1033.95,0.5690107966151285,1232032,144405.0,8.5317821405076,885609,67.59
2022-09-20,CANFINHOME,565.35,-4.1617223258179274,4238554,758775.0,5.586048565121413,774175,27.05
2022-09-20,DRREDDY,4216.0,2.850590976177997,376338,160065.0,2.3511573423296785,270814,63.62
2022-09-20,MCX,1284.25,4.734137987277765,367609,168332.0,2.1838331392723904,273154,30.6
2022-09-22,ABBOTINDIA,17908.0,-0.022889555105200087,45879,4637.0,9.894112572784127,20114,86.01
2022-09-22,TVSMOTOR,1066.45,-0.18718704665637137,1419010,664553.0,2.135284920841528,1265424,57.86
2022-09-23,M&MFIN,194.4,-13.097898971837274,9455446,629220.0,15.027249610629033,3636146,22.0
2022-09-23,POWERGRID,202.55,-7.973648341662873,36732551,12398295.0,2.9627098726074834,16429035,56.19
2022-09-26,BANDHANBNK,261.55,-5.9680028761459525,9162051,2292622.0,3.9963199341191005,8734367,48.02
2022-09-26,TATACHEM,1063.35,-6.263222849083232,1383278,401391.0,3.4462108019362665,1163625,29.48
2022-09-26,BEL,100.7,-5.578996718237226,24363398,7402977.0,3.2910271097694888,13949429,58.61
2022-09-26,TATAMOTORS,397.5,-6.050579059324042,11883186,3796901.0,3.1297065685937033,8346215,35.76
2022-09-27,BHARATFORG,703.45,-2.8249758253902377,2033934,358994.0,5.665649008061416,1253652,58.39
2022-09-27,GODREJCP,883.25,1.3191855463148838,1865490,831130.0,2.244522517536366,1427390,70.43
2022-09-28,TORNTPHARM,1494.3,-2.578478990774845,997577,113769.0,8.768443073244908,338752,55.58
2022-09-28,JINDALSTEL,403.75,1.2920220772704407,3351222,409782.0,8.178060529745084,3114355,42.28
2022-09-28,PIDILITIND,2769.75,-1.232036515351431,708884,308437.0,2.2983105139785436,453057,75.88
2022-09-29,SHREECEM,21287.05,2.123102017318714,491324,22398.0,21.936065720153586,89704,74.99
2022-09-29,ADANIENT,3470.7,-2.199365973934489,9162374,531095.0,17.251855129496604,1414525,60.84
2022-09-29,LUPIN,654.8,-2.297821545807235,2551452,338566.0,7.5360550084769296,1129768,57.85
2022-09-29,SAIL,74.05,0.5431093007467637,15605968,2387906.0,6.535419735952755,10485824,50.26
2022-09-29,ZYDUSLIFE,382.85,3.7112284979005947,3445390,530613.0,6.493225759640265,1028198,52.61
2022-09-29,JUBLFOOD,603.6,0.03314550878356737,4898014,890149.0,5.502465317604131,2223306,67.65
2022-09-29,GLENMARK,387.0,1.1103853690398433,1518457,277753.0,5.466932850410257,1046958,56.58
2022-09-29,HAL,2314.8,1.074141996332214,1102654,211819.0,5.205642553312026,966428,61.91
2022-09-29,IRCTC,707.0,3.955300691074838,3408300,728055.0,4.681377093763521,1216459,58.3
2022-09-29,HDFCAMC,1867.15,0.40600129060013884,365043,88543.0,4.122776504071468,211550,58.27
2022-09-29,MPHASIS,2075.95,-0.3145258103241384,1029770,333898.0,3.0840855590629475,468346,66.7
2022-09-29,BEL,99.0,-0.15128593040847774,50962179,16603478.0,3.0693676951299,24363398,68.43
2022-09-29,ALKEM,3259.85,-1.129780716387128,166941,59135.0,2.8230489557791496,158992,58.03
2022-09-29,DRREDDY,4360.7,2.1312972808394033,582628,262075.0,2.223134598874368,376338,53.52
2022-09-29,PNB,34.9,0.1434720229555155,42426259,19858919.0,2.136383103229335,28822324,36.31
2022-09-29,AUROPHARMA,509.7,1.8279892118669416,1090834,519371.0,2.100298245377582,888789,55.91
2022-09-30,IGL,396.8,-5.512561019168944,2017718,921922.0,2.188599469369426,1882368,30.88
2022-09-30,ICICIGI,1151.15,-1.2693511728633264,1173597,583073.0,2.0127788458735014,1110689,76.83
2022-10-03,EICHERMOT,3463.35,-5.671914151868395,671495,161977.0,4.1456194397970085,575882,30.8
2022-10-03,ABFRL,332.35,-4.7980521340590085,1982500,735226.0,2.6964497991093896,1894755,47.79
2022-10-04,IDFCFIRSTB,53.2,7.801418439716315,43463273,10996734.0,3.9523801339561366,30079597,34.32
2022-10-04,SBICARD,894.55,1.7401194199601882,879010,323521.0,2.717010642276699,858171,67.04
2022-10-04,DABUR,553.8,-0.6012743426366369,1996983,945392.0,2.1123332966642407,1384154,67.73
2022-10-06,GODREJCP,853.65,-4.790318982824006,2735922,327233.0,8.360776572044996,1865490,50.05
2022-10-06,ITC,336.65,1.1416554003304653,16811239,5156257.0,3.2603570768485746,14348402,75.61
2022-10-06,PERSISTENT,3552.75,7.694989238837185,405856,178128.0,2.2784514506422346,359871,31.8
2022-10-06,ZEEL,279.95,4.381058911260253,12292745,5919132.0,2.076781697046121,6322240,23.1
2022-10-07,ALKEM,3200.3,-2.410538673822548,209955,10225.0,20.533496332518336,166941,86.62
2022-10-07,BERGEPAINT,625.9,1.6979445933869415,591880,221139.0,2.676506631575615,562993,44.01
2022-10-10,BSOFT,289.1,-1.549463647199031,1769434,252633.0,7.0039701860010375,1489794,39.5
2022-10-10,TATAMOTORS,395.95,-3.930607788426541,12262312,2060289.0,5.951743663146287,11883186,37.25
2022-10-11,INDUSINDBK,1164.6,-3.775923324795509,12362736,756636.0,16.33907982173727,7103516,57.06
2022-10-11,SYNGENE,564.9,0.6144803633448983,705662,61600.0,11.455551948051948,537381,78.24
2022-10-11,DIVISLAB,3502.2,-5.001898768512995,719203,139289.0,5.163386914975339,510799,48.19
2022-10-11,SUNTV,530.9,-0.7013934349574489,1476903,286166.0,5.161000957486214,963625,59.85
2022-10-11,AUBANK,582.8,-0.7746658721375786,1708083,350934.0,4.867248542460976,1506252,65.37
2022-10-11,INDIACEM,244.05,-11.335149863760213,4015094,1610266.0,2.4934352461021967,3741642,17.93
2022-10-11,COALINDIA,225.45,-1.9142919295192542,12997191,5293999.0,2.4550799877370584,9159109,67.85
2022-10-11,DABUR,518.95,-1.918351918351914,5744921,2714363.0,2.1164895778493884,2714363,86.67
2022-10-11,IDFC,72.7,0.20675396278429453,7807707,3902159.0,2.0008684935698415,7305475,43.64
2022-10-12,APOLLOHOSP,4287.05,0.26897124346575296,414814,106718.0,3.887010626136172,382813,66.76
2022-10-12,MANAPPURAM,104.1,4.939516129032249,4484164,1272878.0,3.5228545076590216,4196870,36.78
2022-10-12,CHOLAFIN,744.6,3.5317018909899858,2093185,965338.0,2.1683441447451566,1408149,63.04
2022-10-12,LAURUSLABS,498.75,-2.6164209704188184,810847,401238.0,2.0208629292340206,798013,49.45
2022-10-13,WIPRO,379.1,-7.0719450913102015,18592824,1320130.0,14.084085658230629,6257376,43.8
2022-10-14,MFSL,714.45,-3.3874239350912716,2518657,145672.0,17.289918446921853,733500,32.57
2022-10-14,NAVINFLUOR,4608.15,0.16628627323116263,96323,31539.0,3.0540917594089856,89242,37.15
2022-10-14,GUJGASLTD,472.65,0.7352941176470564,1066771,362407.0,2.9435717301266258,656186,50.95
2022-10-14,GNFC,698.05,5.294516931895302,1278515,501834.0,2.547685091085897,721200,17.12
2022-10-17,ATUL,8735.2,-0.33714595396331065,78402,6644.0,11.800421432871763,40200,89.53
2022-10-17,WHIRLPOOL,1556.1,-0.6448729408760143,150328,14675.0,10.24381601362862,104161,78.24
2022-10-17,OBEROIRLTY,857.6,-4.74815349586272,1207459,261278.0,4.6213573282097995,819307,34.5
2022-10-17,SBILIFE,1189.8,0.8476012883539583,1159621,403316.0,2.8752169514722947,1075176,71.78
2022-10-18,MOTHERSON,63.9,-7.65895953757226,48672931,1954619.0,24.901492822897968,18937932,46.28
2022-10-18,BHEL,68.2,8.339952343129466,34592648,4718760.0,7.330876755757869,10861295,24.75
2022-10-18,LICHSGFIN,415.15,1.6776879745285245,1841631,605695.0,3.0405253469155267,1616088,61.98
2022-10-18,POLYCAB,2749.05,4.97365205437605,262821,88956.0,2.9545055982733035,169345,19.97
2022-10-18,NAVINFLUOR,4286.8,-3.012477516713982,144575,52157.0,2.7719193972045937,96323,35.52
2022-10-18,RBLBANK,129.35,1.81031090121999,5525721,2013011.0,2.7450028837398306,4273692,35.42
2022-10-18,SBIN,562.45,3.458107238112769,9747060,3700920.0,2.6336856781557016,8111849,47.68
2022-10-18,PFC,104.15,2.308447937131639,5310917,2438952.0,2.17754059940499,4505621,66.75
2022-10-19,LAURUSLABS,528.55,3.4952026630115465,1117819,246738.0,4.530388509268941,810847,45.15
2022-10-19,LTTS,3495.05,-4.899186416696137,264970,64383.0,4.115527390770856,139830,28.75
2022-10-19,CONCOR,771.25,6.910174660382593,1960881,510948.0,3.8377310411235586,1621097,31.01
2022-10-19,SYNGENE,589.25,6.314839873703202,865912,248924.0,3.4786199803956226,705662,20.53
2022-10-20,UPL,713.5,5.422576832151307,2602183,344470.0,7.554164368450083,1234231,36.09
2022-10-20,MRF,84171.8,1.2295330877113508,5467,1309.0,4.176470588235294,4296,42.82
2022-10-20,COLPAL,1605.05,1.7367603714385234,241570,58002.0,4.164856384262611,195631,41.65
2022-10-20,NAVINFLUOR,4418.75,1.5722872872297546,194923,66221.0,2.9435224475619517,144575,18.79
2022-10-20,GAIL,87.45,3.125000000000007,10056398,3803473.0,2.644004045776058,8015144,58.74
2022-10-20,BALKRISIND,1938.6,1.1795407098121038,294928,113245.0,2.60433573226191,275670,66.09
2022-10-20,CANBK,258.9,3.975903614457822,5188874,2037227.0,2.547027896253093,4987131,11.02
2022-10-20,INDUSTOWER,193.85,1.4390371533228676,2232881,1115239.0,2.002154695092263,1584866,66.76
2022-10-21,IEX,134.5,-4.406538734896936,4528449,717494.0,6.311479956626815,3886519,36.84
2022-10-21,BERGEPAINT,585.35,-5.413266542780964,1209067,286995.0,4.212850398090559,591880,43.77
2022-10-21,AXISBANK,900.4,9.027063025973234,23548545,6973215.0,3.3769997053009266,14015974,40.56
2022-10-21,KOTAKBANK,1902.65,2.0981460116444492,2334406,788720.0,2.9597398316259254,1698047,59.22
2022-10-21,BAJFINANCE,7192.75,-3.224395888272962,853234,326984.0,2.6094059648178503,772323,35.75
2022-10-21,NMDC,130.35,-1.6968325791855206,7769836,3046478.0,2.550432335306541,5290150,40.09
2022-10-21,ICICIBANK,907.15,2.081809486299443,11281801,4999234.0,2.2567059273480696,10633901,66.27
2022-10-25,PETRONET,202.6,-0.02467308166790593,2258301,49967.0,45.195849260511935,1676430,70.01
2022-10-25,INDUSTOWER,187.05,-3.656966263198555,3099107,89102.0,34.78156494803708,2232881,59.0
2022-10-25,ICICIPRULI,503.8,-1.5438733632988035,1493864,43290.0,34.50829290829291,1110342,67.25
2022-10-25,UBL,1615.8,-1.2558437986983197,276652,9522.0,29.053980256248686,190683,53.43
2022-10-25,CIPLA,1155.9,0.7847240387130525,1263558,48278.0,26.172542358838395,1130304,57.16
2022-10-25,METROPOLIS,1629.95,3.0049292214357908,192209,11786.0,16.308247072798235,153708,43.34
2022-10-25,LICHSGFIN,419.9,0.9253695469294474,1844877,117166.0,15.745839236638615,1841631,63.68
2022-10-25,BHEL,71.1,7.320754716981123,34803264,2328267.0,14.94814125699501,34592648,26.11
2022-10-25,NMDC,130.75,-0.15273004963725748,15513198,1714632.0,9.047537897344736,7769836,67.77
2022-10-25,PNB,43.3,5.35279805352797,54972841,6699136.0,8.205959843179777,42426259,32.42
2022-10-25,HINDUNILVR,2505.4,-2.6310675838482696,2072413,302362.0,6.854078885574245,1458142,70.88
2022-10-25,MCX,1495.25,9.218070925094048,923568,168435.0,5.483230919939443,302039,17.97
2022-10-25,LAURUSLABS,452.9,-5.606502709462283,2793355,518439.0,5.388010932819483,1444076,40.68
2022-10-25,CANBK,284.2,5.06469500924214,6794420,1437686.0,4.725941547737127,6634109,18.94
2022-10-27,CUMMINSIND,1249.9,2.0576467706377106,741881,107000.0,6.933467289719626,485501,63.42
2022-10-27,ATUL,8413.25,2.5880990123155714,87310,13182.0,6.6234258837809135,78402,73.42
2022-10-27,RBLBANK,136.35,10.137318255250403,11142848,3947320.0,2.822889454110637,5525721,14.57
2022-10-27,COLPAL,1620.0,0.21031795125572755,373862,140649.0,2.658120569645003,241570,72.69
2022-10-28,SBICARD,810.3,-5.57594826079357,3522772,754832.0,4.666961655043771,879010,41.78
2022-10-28,MRF,89368.3,2.295540953620443,8992,2629.0,3.420311905667554,6057,34.43
2022-10-28,BALRAMCHIN,310.05,-6.6536203522504795,1623120,548139.0,2.961146716435065,641972,40.08
2022-10-28,TATACHEM,1131.95,-4.730042503050965,1652923,687266.0,2.4050702348144677,1235664,25.04
2022-10-31,INTELLECT,431.6,-13.783459848182181,1933535,106114.0,18.221299734248074,512139,30.28
2022-10-31,TORNTPHARM,1650.0,3.0477142143392424,342227,66138.0,5.17443829568478,294751,57.48
2022-10-31,VOLTAS,876.2,0.568149210903879,1333726,302622.0,4.40723410723609,1217842,68.03
2022-10-31,TRENT,1527.9,4.726001576476236,573393,140027.0,4.0948745599063034,388598,27.49
2022-10-31,BANDHANBNK,238.55,-10.09986809873752,15400473,3907345.0,3.94141623020235,3907345,31.48
2022-10-31,DRREDDY,4433.7,-0.5885716207580802,646218,178804.0,3.6141137782152524,359200,35.39
2022-10-31,LICHSGFIN,405.3,-3.774928774928769,2749869,792992.0,3.4677134195553045,1844877,50.35
2022-10-31,TATAPOWER,226.0,0.42212841590757105,7645409,3095809.0,2.4695997072170797,4402144,33.68
2022-10-31,DEEPAKNTR,2313.95,2.8125208273165407,321337,137317.0,2.3401108384249585,275537,30.63
2022-11-01,LALPATHLAB,2612.35,1.9234895924777013,228239,39020.0,5.849282419272168,124431,50.51
2022-11-01,BOSCHLTD,16599.3,0.6713729485826616,34953,14034.0,2.4905942710560067,21159,65.38
2022-11-01,ABCAPITAL,118.25,1.198117244330343,1455339,592923.0,2.4545160164135984,1156409,34.25
2022-11-01,TECHM,1070.9,0.7052849351137859,2840058,1176945.0,2.4130762270114574,1591346,60.31
2022-11-01,OFSS,2921.35,0.29181042621487546,89300,39415.0,2.265634910567043,87980,70.42
2022-11-02,CHAMBLFERT,308.05,-5.535111928856183,2508373,238930.0,10.498359352111498,1069618,32.52
2022-11-02,LICHSGFIN,366.65,-8.451935081148571,12387545,1199817.0,10.324528657286903,2749869,34.6
2022-11-02,COROMANDEL,966.75,0.28526970954356845,545835,195952.0,2.7855546256226016,409401,49.83
2022-11-02,BIOCON,268.45,-0.6844247132815474,2880841,1296513.0,2.2219916036322043,2126239,78.58
2022-11-02,VEDL,297.25,3.6075287556640023,8833764,4081314.0,2.164441157921199,7404490,43.45
2022-11-03,M&MFIN,219.9,13.58471074380166,6591625,925524.0,7.122046537961198,3018051,14.44
2022-11-03,INDIAMART,4717.4,1.7130413221358536,111223,17426.0,6.382589234477218,51959,65.99
2022-11-03,WHIRLPOOL,1518.95,-1.6574406785147722,356447,86008.0,4.144347037484885,150328,85.57
2022-11-03,PEL,895.9,7.005076142131977,667266,231534.0,2.8819352665267304,457898,18.99
2022-11-03,DALBHARAT,1653.7,3.6737508620149297,193069,69279.0,2.7868329508220384,123442,30.05
2022-11-03,ABCAPITAL,119.75,1.5260703688003368,1714700,640640.0,2.676542207792208,1455339,49.39
2022-11-04,EXIDEIND,175.55,6.4907491659084116,4384642,426207.0,10.287587956087066,1137598,23.93
2022-11-04,ABFRL,329.15,-6.597616345062429,1711388,264193.0,6.477794642552982,1327971,27.32
2022-11-04,HINDPETRO,203.6,-3.5299692016110003,3245595,798756.0,4.063312200471733,2875206,41.21
2022-11-04,ADANIENT,3833.25,6.763870320855612,761773,193865.0,3.929399324272045,730283,12.46
2022-11-04,SAIL,84.1,3.4440344403444,15031226,4195601.0,3.582615696773835,12275807,44.94
2022-11-04,BAJAJFINSV,1800.7,4.47925732521033,3056733,1088650.0,2.8078197767877646,1174824,43.78
2022-11-04,TATASTEEL,104.75,2.696078431372549,33997610,13187916.0,2.577936498837269,31459241,48.36
2022-11-04,VEDL,321.95,6.28920435787389,14017931,6169917.0,2.2719804820713145,8833764,26.89
2022-11-07,MARICO,504.9,-6.361275964391703,2265335,293095.0,7.729012777427114,1463669,41.31
2022-11-07,BRITANNIA,4139.25,8.807370800693976,1054584,146354.0,7.20570671112508,262497,33.56
2022-11-07,DIVISLAB,3414.55,-8.855403998611964,1103775,181007.0,6.097968586850232,719203,38.58
2022-11-07,BANKBARODA,158.35,9.546869595295734,37269830,7164430.0,5.202064923517991,11180410,25.79
2022-11-07,IDFC,81.15,2.916930881420433,8876492,1861517.0,4.768418445815966,8285565,45.68
2022-11-07,BALKRISIND,1965.15,2.5813018739886227,301280,75499.0,3.990516430681201,294928,62.25
2022-11-07,CANBK,309.45,4.156849545607528,8360742,2247639.0,3.71978863153736,6794420,35.54
2022-11-07,INDIGO,1778.05,-1.1095661846496132,563533,164575.0,3.424171350448124,561232,44.12
2022-11-09,WHIRLPOOL,1503.3,-1.593951494124972,567942,21390.0,26.551753155680224,356447,78.16
2022-11-09,JUBLFOOD,566.45,-7.548555573690223,6401831,670006.0,9.554886075647083,1714246,46.61
2022-11-09,PIIND,3623.7,9.904008006915054,973900,138829.0,7.015104913238589,361638,26.02
2022-11-09,GODREJPROP,1169.7,-7.185082324935525,703696,115056.0,6.116117368933389,237446,28.96
2022-11-09,BOSCHLTD,17223.6,4.726927800950966,49848,14030.0,3.55295794725588,34953,33.01
2022-11-09,COALINDIA,255.8,2.504508114606291,14046302,4787300.0,2.934075992730767,12997191,34.78
2022-11-09,MANAPPURAM,109.0,1.9167835437120122,9108006,3316894.0,2.745944247841505,4484164,44.73
2022-11-09,GODREJCP,814.85,-1.4512910443248472,1403194,518976.0,2.7037743556542115,818962,53.53
2022-11-09,MRF,87017.45,-8.306261004993681,19346,7205.0,2.6850798056904925,8992,23.98
2022-11-09,PNB,44.95,7.407407407407411,70068684,29759196.0,2.354522077814199,54972841,23.41
2022-11-09,ABFRL,312.25,-2.5436953807740257,2971619,1460972.0,2.0340013360967903,1711388,55.91
2022-11-09,ADANIPORTS,890.8,4.431418522860487,4798962,2368214.0,2.026405552876556,3315635,23.89
2022-11-10,OBEROIRLTY,876.0,-3.8260965032661827,1647861,160387.0,10.274280334441071,1207459,55.3
2022-11-10,PEL,811.6,-8.691005231478876,1200880,164166.0,7.315034781867134,667266,26.15
2022-11-10,RAMCOCEM,646.35,-8.247569025480875,1655715,230511.0,7.182802556060231,725907,42.41
2022-11-10,AUROPHARMA,477.8,-11.747321758404132,3404159,568099.0,5.992193262089883,1223913,21.97
2022-11-10,LUPIN,719.35,3.615412315448329,2270388,421872.0,5.381698714301969,673587,19.43
2022-11-10,DEEPAKNTR,2079.35,-9.554153979991305,795790,159282.0,4.996107532552329,321337,28.13
2022-11-10,PAGEIND,48666.0,-1.8463558447766193,15537,6980.0,2.2259312320916904,12924,39.68
2022-11-11,ASHOKLEY,147.75,0.7844474761255155,12389135,1784873.0,6.941185731421787,8681270,34.8
2022-11-11,EICHERMOT,3519.65,-4.896172500911948,722605,111690.0,6.4697376667562,416123,29.33
2022-11-11,BATAINDIA,1749.85,-1.7324647610490334,600017,99379.0,6.037663892774128,295243,51.36
2022-11-11,BSOFT,282.05,3.4476434989913938,1832192,319611.0,5.7325686537697385,1034790,33.48
2022-11-11,MUTHOOTFIN,1073.95,-2.8495182957166763,1491662,261332.0,5.707919428160348,425494,42.39
2022-11-11,INDHOTEL,315.35,-6.894006495423668,13914166,2451764.0,5.675165309548554,3889577,45.73
2022-11-11,HDFCLIFE,542.65,2.7259820160908617,3678917,686603.0,5.358142915192622,3620227,57.25
2022-11-11,NAUKRI,4100.2,7.4715279871040385,258038,49930.0,5.1679951932705785,237891,21.73
2022-11-11,HINDALCO,429.85,3.5533606359913277,5701741,1220841.0,4.670338725517901,5447624,40.55
2022-11-11,TRENT,1419.05,-3.525052688829977,1425653,310058.0,4.598020370382316,573393,50.69
2022-11-11,TATASTEEL,107.55,2.7220630372492782,34838963,9228052.0,3.7753323236583407,33997610,44.7
2022-11-11,PERSISTENT,3747.9,2.2744948220108854,224411,60566.0,3.705230657464584,202718,34.44
2022-11-11,HDFCBANK,1611.15,5.66650270536154,15317967,4274394.0,3.5836581747026597,6682068,54.01
2022-11-11,GNFC,602.4,-10.550152201351262,1826817,544809.0,3.3531329328259996,1278515,26.83
2022-11-11,MPHASIS,2026.65,5.108523714441303,797762,242791.0,3.285797249486184,549809,59.27
2022-11-11,ICICIPRULI,488.6,-0.10222858311183806,2518816,784928.0,3.208977129112479,1493864,79.44
2022-11-11,HDFC,2651.7,5.894333293398823,5601271,1746422.0,3.2072838065484746,4030631,57.96
2022-11-11,ABB,3155.85,-0.3489216584041233,313690,121898.0,2.573381023478646,222528,45.3
2022-11-11,PFC,120.3,2.9965753424657535,8892093,4090885.0,2.173635533631476,7642573,63.25
2022-11-11,TCS,3315.95,3.4407998377864,2031567,955330.0,2.126560455549391,1977185,62.22
2022-11-11,ZYDUSLIFE,429.45,-1.0027662517289126,1185066,561480.0,2.110611241718316,1129247,32.2
2022-11-11,GRASIM,1708.45,0.22879938986829904,626996,308168.0,2.034591521507749,567579,58.12
2022-11-14,SUNTV,502.35,-8.84594447468699,1103613,96940.0,11.384495564266556,698380,26.73
2022-11-14,JKCEMENT,2939.9,4.3813243387182705,136388,21922.0,6.221512635708421,106445,33.48
2022-11-14,BHARTIARTL,821.9,-0.6046680372475511,8686639,2400905.0,3.6180686032975067,7283035,83.47
2022-11-14,ALKEM,3146.3,-0.8555357733696651,92130,27910.0,3.3009673951988536,89749,39.83
2022-11-14,NATIONALUM,77.95,4.560697518444005,9874911,4191061.0,2.3561840307263484,7601502,37.48
2022-11-14,HINDCOPPER,116.45,2.4637043554773403,2269472,1031052.0,2.2011227367775823,2020214,31.35
2022-11-14,HINDALCO,455.55,5.978829824357331,12387787,5701741.0,2.1726323591338152,5701741,41.11
2022-11-15,APOLLOTYRE,297.7,4.328018223234612,2153701,637273.0,3.3795578974787883,1622727,12.68
2022-11-15,BALKRISIND,1963.2,4.67329583322226,309570,96219.0,3.217347925045989,301280,11.59
2022-11-15,IGL,433.7,4.05470249520153,2276505,817560.0,2.7845112285336855,1641796,38.91
2022-11-15,DELTACORP,227.85,1.7641804376953947,2580227,943451.0,2.7348818327607898,1744669,25.59
2022-11-15,HEROMOTOCO,2730.75,1.5752864157119442,389393,158153.0,2.462128445239736,335723,38.45
2022-11-16,METROPOLIS,1435.9,-7.748152907163503,405015,47922.0,8.45154626267685,192209,23.21
2022-11-16,L&TFH,82.8,-0.30102347983142685,4316088,843650.0,5.115969892728027,3284011,38.27
2022-11-16,HAL,2681.15,6.276755985413029,1039966,231836.0,4.485783053537846,502981,20.92
2022-11-16,KOTAKBANK,1965.9,2.7975318970926586,3966661,1090480.0,3.6375366810945637,2977106,61.62
2022-11-16,DALBHARAT,1707.85,1.6789212038222139,217920,75015.0,2.9050189962007598,193069,37.68
2022-11-16,IBULHSGFIN,124.25,-6.543813463708154,5763365,2215311.0,2.6016053727896447,3040183,32.49
2022-11-18,POLYCAB,2527.5,-1.6575230535776784,1744353,172585.0,10.10721093953704,331712,66.64
2022-11-18,SRF,2275.25,-2.7276030867232497,561433,255198.0,2.1999898118323813,488164,48.33
2022-11-21,SIEMENS,2811.55,-0.9424655603706443,302441,130608.0,2.315639164522847,253626,60.71
2022-11-22,MFSL,644.8,-1.6698436904308116,6508712,177976.0,36.57072863756911,681791,58.83
2022-11-22,TORNTPHARM,1635.15,0.6122323406350015,492695,135220.0,3.6436547847951486,431839,84.38
2022-11-22,AARTIIND,672.45,0.4631358780906884,741762,237454.0,3.1238134543953775,549424,59.28
2022-11-23,ICICIPRULI,460.1,-1.5512998823151813,2944317,581862.0,5.060163750167566,2518816,68.52
2022-11-23,INDIGO,1893.35,4.090271860139084,963846,258987.0,3.721599925865005,794956,42.32
2022-11-23,SUNTV,493.15,1.3044371405094424,1130852,307295.0,3.6800208268927252,1103613,43.63
2022-11-23,SIEMENS,2769.75,-1.2038523274478332,521146,148743.0,3.503667399474261,302441,36.2
2022-11-23,JINDALSTEL,525.5,0.4108149421992886,2767877,1130421.0,2.4485364302326302,2360726,55.71
2022-11-24,ALKEM,3100.0,-0.8095222858605632,191241,13135.0,14.559649790635707,92130,63.9
2022-11-24,IEX,146.95,3.5588442565186633,5125893,1251787.0,4.094860387589901,3871297,40.06
2022-11-24,IOC,72.05,3.0758226037195873,13620286,4197383.0,3.2449471492117827,8222785,46.26
2022-11-24,TATACONSUM,792.75,2.93449328052977,1349563,475369.0,2.8389798240945456,1080748,21.73
2022-11-24,BSOFT,292.3,5.011675947548047,1839480,794104.0,2.316422030363781,1832192,34.55
2022-11-24,VOLTAS,818.75,0.694871479522811,1506725,717941.0,2.0986752393302512,1333726,83.91
2022-11-24,RECLTD,103.3,3.714859437751007,10985514,5433778.0,2.021708284733016,9461211,58.2
2022-11-25,L&TFH,86.9,5.461165048543689,8886564,1671900.0,5.315248519648304,4316088,37.93
2022-11-25,CANFINHOME,544.7,3.8314906595501372,529184,109031.0,4.8535187240326145,525351,35.16
2022-11-25,IBULHSGFIN,138.15,11.63636363636364,10524494,2929318.0,3.5928137539181475,5763365,20.2
2022-11-25,ABCAPITAL,135.3,4.924389298177606,5991940,1852024.0,3.235346842157553,4149406,45.24
2022-11-25,ICICIPRULI,452.1,-2.142857142857138,5415131,1867622.0,2.899479123719896,2944317,77.9
2022-11-25,GMRINFRA,40.7,4.225352112676071,9282599,3214039.0,2.8881413697842495,6301115,32.26
2022-11-25,PNB,53.6,5.408062930186824,79409316,29913779.0,2.6546066279355744,70068684,21.19
2022-11-28,DELTACORP,232.1,5.141562853907132,4285373,737276.0,5.8124406599428164,2580227,31.38
2022-11-28,RELIANCE,2707.55,3.4363539119804507,6794072,1578251.0,4.304810831737157,4021804,46.69
2022-11-28,BPCL,340.75,5.023886577284639,4991817,1167788.0,4.274591792345871,2657441,37.79
2022-11-28,HINDPETRO,238.5,5.507631055076305,6004512,1417506.0,4.235969371558216,3245595,53.26
2022-11-28,APOLLOTYRE,312.7,6.6507503410641196,5505133,1729711.0,3.182689478184506,4231410,26.6
2022-11-28,TVSMOTOR,1060.5,2.221793821388978,1841837,828281.0,2.2236861644779973,1712985,67.63
2022-11-28,HEROMOTOCO,2783.5,2.7823421893174274,478249,220178.0,2.1721016631997747,389393,39.07
2022-11-29,LAURUSLABS,408.6,-9.270567336516043,4360988,827566.0,5.269655834096616,1769343,34.45
2022-11-29,DABUR,593.1,6.176154672395274,4840387,1008569.0,4.799262122869134,1728235,43.72
2022-11-29,UBL,1680.15,0.11619592420450753,174814,38391.0,4.553515146779193,162791,42.08
2022-11-29,ABCAPITAL,144.1,5.144107989784738,8175375,2043454.0,4.00076292395131,5991940,28.71
2022-11-30,INDHOTEL,321.65,1.7235926628715967,68359664,2266132.0,30.16579087184683,13914166,58.75
2022-11-30,TVSMOTOR,1048.15,0.7981920469298633,17650676,705068.0,25.03400523070115,1841837,64.5
2022-11-30,ABB,3000.7,-0.4808967895993633,4476152,214643.0,20.85393886593087,313690,69.84
2022-11-30,BIOCON,282.85,0.26586316908897556,4124329,368680.0,11.186744602365195,2880841,62.86
2022-11-30,BAJAJ-AUTO,3750.7,2.475342203764922,625441,63470.0,9.85412005671971,291200,49.34
2022-11-30,HAVELLS,1253.55,1.514353970117832,1030414,109066.0,9.447618872975996,628232,53.34
2022-11-30,PETRONET,212.65,0.3776256785461465,1743529,268900.0,6.483930829304574,1487592,69.67
2022-11-30,CANBK,314.7,-2.1911421911421947,13438827,2111994.0,6.3630990428950085,8360742,59.75
2022-11-30,PIDILITIND,2748.7,0.7606444399640757,782359,128099.0,6.107455952037096,467926,59.62
2022-11-30,NESTLEIND,20183.85,0.3113631393753743,190430,32189.0,5.915996147752338,49025,60.76
2022-11-30,INDUSTOWER,200.4,0.47630985209326504,3350481,577506.0,5.801638424535849,1250621,67.52
2022-11-30,INFY,1634.95,0.36217427334950375,7845626,1733630.0,4.525548127339744,4255303,66.11
2022-11-30,TATACONSUM,818.05,1.6148065337556674,2038271,452493.0,4.504535981772094,1349563,60.11
2022-11-30,BEL,105.1,-0.9891662741403782,19423475,4904468.0,3.960363285069859,16295696,69.69
2022-11-30,HCLTECH,1120.8,-0.7219097391381453,4316034,1112082.0,3.8810393478178766,2342346,71.3
2022-11-30,DALBHARAT,1820.7,3.082802547770703,236453,64718.0,3.65358941870886,217920,40.69
2022-11-30,ASIANPAINT,3175.15,1.2790864579512258,1636650,488650.0,3.349329786145503,1064592,64.25
2022-11-30,ITC,340.0,-0.6719252118025157,18090068,5441795.0,3.3242832558007054,15119548,80.2
2022-11-30,M&M,1305.6,3.858086071116061,4991930,1508226.0,3.3098023770973315,2636342,66.24
2022-11-30,BSOFT,305.25,3.282016579259005,1859217,592648.0,3.1371353653433403,1839480,49.26
2022-11-30,TITAN,2653.0,1.5016738402678145,1049018,339803.0,3.0871357816146414,993980,66.82
2022-11-30,GMRINFRA,42.9,5.665024630541865,12477296,4138994.0,3.014572139993438,9282599,27.59
2022-11-30,MCDOWELL-N,932.3,2.7384428894153845,2030137,712782.0,2.8481878049670164,1087644,55.49
2022-11-30,RELIANCE,2731.35,0.7060688739768488,7780847,2852331.0,2.727890626999461,6794072,64.44
2022-11-30,IGL,442.6,2.0991926182237655,3984781,1547695.0,2.5746552130749274,2276505,49.72
2022-11-30,DIXON,4251.9,-0.6959852395076764,119780,47544.0,2.5193504963822986,111284,46.22
2022-11-30,BAJFINANCE,6720.95,-0.1960158297632191,926775,372862.0,2.485571069189137,615019,62.5
2022-11-30,TCS,3390.8,-0.19279732732864518,2501862,1021300.0,2.4496837364143738,2031567,73.35
2022-11-30,TATASTEEL,107.65,1.4608859566446857,36795516,15337480.0,2.3990587762787627,34838963,60.18
2022-11-30,HEROMOTOCO,2851.9,0.8362061345354934,817062,348060.0,2.3474745733494227,478249,59.24
2022-11-30,GRASIM,1759.75,2.3616322019602656,631923,280267.0,2.2547178226476894,626996,55.76
2022-11-30,MARUTI,8974.15,0.7177167740342405,728552,329068.0,2.2139861669928402,687839,66.98
2022-11-30,JSWSTEEL,743.4,1.4811275680840932,1687223,774267.0,2.17912296404212,909107,42.58
2022-11-30,DLF,402.65,2.572920647051322,3462044,1607197.0,2.1540881422750293,2992010,39.64
2022-11-30,COLPAL,1632.15,1.843878697117196,552170,262288.0,2.105204965534069,348737,59.24
2022-11-30,HINDUNILVR,2684.35,1.9038038114038454,2545579,1220939.0,2.084935447225455,1615246,68.83
2022-11-30,ADANIENT,3917.9,1.0184612211221122,781327,381504.0,2.0480178451602082,761773,39.69
2022-12-01,JKCEMENT,3201.05,3.940318862226852,213985,23262.0,9.19890809044794,136388,45.18
2022-12-01,LTTS,4159.75,9.040984573443257,375269,94534.0,3.9696722872194132,195489,19.7
2022-12-01,PERSISTENT,4323.9,4.072496209112567,505248,150460.0,3.3580220656652933,224411,36.49
2022-12-01,OFSS,3122.0,0.4552986791511846,144367,43398.0,3.326581870132264,109477,71.61
2022-12-01,ASTRAL,1924.2,2.098532884089882,471434,164051.0,2.8737039091502035,374391,56.99
2022-12-01,COFORGE,4116.85,1.9956395708941401,208365,77701.0,2.681625719102714,147994,30.08
2022-12-01,BSOFT,323.8,6.076986076986081,3914954,1859217.0,2.1057004104416,1859217,27.52
2022-12-02,COLPAL,1617.9,0.5875221486524321,687152,199559.0,3.4433525924663884,552170,80.42
2022-12-02,BHEL,90.55,6.969875959834602,34380646,12408874.0,2.7706499397124995,33638803,22.68
2022-12-02,PETRONET,212.0,0.5215742057847294,3174042,1242825.0,2.5538929455072115,1743529,75.27
2022-12-02,UBL,1735.8,2.175000735791862,187055,80982.0,2.3098342841619126,174814,26.5
2022-12-05,PEL,896.25,4.2514830754914446,1345016,155752.0,8.635625866762545,1200880,38.74
2022-12-05,LTIM,4975.4,-1.7835463652963603,176737,,,0,61.74
2022-12-06,LALPATHLAB,2486.1,-0.2887739140897715,185512,72838.0,2.5469123259836897,163780,75.28
2022-12-06,IDEA,8.05,-1.2269938650306704,44449514,21415683.0,2.075559019060938,40607723,37.45
2022-12-07,HDFCAMC,2273.8,3.7317518248175268,530779,36515.0,14.535916746542517,326982,28.01
2022-12-07,CROMPTON,355.45,-1.8500621289520889,1585097,329497.0,4.810656849683002,1428068,52.73
2022-12-07,ZEEL,261.25,-1.1726877246075362,4582654,1715647.0,2.6710937622949245,3981380,53.66
2022-12-07,SUNPHARMA,1017.75,-1.5287117217357606,2143163,827050.0,2.591334260322834,1972873,72.54
2022-12-07,LT,2124.0,1.4568903749701456,2112859,970939.0,2.1760986014569403,1813416,61.45
2022-12-08,KOTAKBANK,1897.0,-0.7559705982369429,8160448,1408829.0,5.7923623094073164,3966661,64.66
2022-12-08,SUNPHARMA,980.8,-3.630557602554659,5812979,2143163.0,2.7123363925189077,2143163,58.0
2022-12-09,HCLTECH,1027.5,-6.705407000499379,6562881,1175478.0,5.583159361553342,4316034,52.86
2022-12-09,CUMMINSIND,1523.0,3.675970047651463,1235175,280569.0,4.4023929942367115,734646,38.13
2022-12-13,TATACOMM,1367.45,7.062047367390882,807481,51861.0,15.570100846493512,396602,23.49
2022-12-13,MCX,1644.35,3.8788338229255417,451063,48907.0,9.222871981515938,215987,33.02
2022-12-13,CANFINHOME,539.8,-2.1747009786154408,806698,158678.0,5.083867959011331,529184,68.54
2022-12-13,CHAMBLFERT,313.95,0.9161041465766524,1522924,462392.0,3.293577743559577,1311822,21.82
2022-12-14,PAGEIND,45354.9,-3.044936542445059,28355,4146.0,6.839122045344911,26675,59.05
2022-12-14,IDEA,8.65,9.493670886075948,125424748,36716151.0,3.41606471767697,44449514,24.32
2022-12-14,INTELLECT,438.95,2.355135828378213,600995,199843.0,3.007335758570478,358083,46.16
2022-12-14,IDFCFIRSTB,62.7,4.239401496259359,24968424,9081517.0,2.749367093625437,15709470,29.6
2022-12-14,MOTHERSON,72.25,0.3472222222222222,15288803,6112394.0,2.5012790405854073,14746797,69.09
2022-12-15,IRCTC,689.05,-6.23894407402368,4943373,728618.0,6.784588083193113,1139646,34.02
2022-12-15,METROPOLIS,1322.1,-3.6510712724092795,468383,97059.0,4.825755468323391,405015,36.29
2022-12-15,FEDERALBNK,137.85,0.8043875685557546,9383559,2553869.0,3.6742522815383247,9064046,31.25
2022-12-15,TECHM,1022.75,-3.9761524739461,3335503,1065065.0,3.131736560679395,2642183,64.33
2022-12-16,DRREDDY,4309.1,-3.5769028519003223,2239287,125585.0,17.830847633077198,543006,66.71
2022-12-16,TATAMOTORS,421.6,1.1759059275258061,31569820,2424083.0,13.02340720181611,8696922,61.96
2022-12-16,MPHASIS,1913.15,-2.507198002395078,1013114,202012.0,5.0151179137873,631865,71.15
2022-12-16,CONCOR,741.3,-3.1676572398928875,1133175,261294.0,4.336781556407725,1090503,54.04
2022-12-16,BEL,99.45,-3.6803874092009656,20813433,5519181.0,3.7711089743206463,19423475,54.25
2022-12-16,TATACHEM,991.5,-3.428460114931338,545654,166348.0,3.280195734243874,457386,31.03
2022-12-16,WIPRO,389.75,-1.3790485829959487,5595056,1886755.0,2.9654385439550976,4128358,62.12
2022-12-16,BALRAMCHIN,393.9,2.152489626556005,1632634,812938.0,2.008313057084304,1503788,18.11
2022-12-20,SHRIRAMFIN,1389.25,1.2388413190016396,295864,,,0,51.88
2022-12-21,LALPATHLAB,2430.3,6.261204144987113,577497,42874.0,13.469631944768391,185512,32.41
2022-12-21,CUB,177.25,-6.117584745762718,7027495,697719.0,10.07209922619278,3038207,29.32
2022-12-21,ABBOTINDIA,21548.5,3.1092843095503513,17288,2371.0,7.29143821172501,9820,41.26
2022-12-21,GLENMARK,440.4,7.611484422724491,854386,200993.0,4.250824655585021,461720,13.94
2022-12-21,GRANULES,335.65,3.996901626646004,612553,157397.0,3.8917704911783577,607338,25.86
2022-12-21,IPCALAB,895.3,2.572034141032243,427401,140751.0,3.036575228595179,267858,48.54
2022-12-21,ZYDUSLIFE,421.9,2.564725902516094,993713,419136.0,2.370860532142312,800653,36.84
2022-12-21,MOTHERSON,70.2,1.0071942446043207,16375143,7893933.0,2.074395995000211,15288803,64.87
2022-12-23,GRANULES,328.35,0.33613445378151957,836749,196065.0,4.267712238288323,612553,20.09
2022-12-23,ATUL,7845.3,-3.306793531847764,36312,9856.0,3.6842532467532467,25131,79.5
2022-12-23,OBEROIRLTY,816.9,-4.327457984423499,345161,111397.0,3.098476619657621,342297,51.35
2022-12-23,BHARATFORG,842.4,-1.8867924528301938,1278229,517243.0,2.4712349901303643,1093119,56.41
2022-12-27,JINDALSTEL,575.95,9.009179521150756,4396977,1094322.0,4.017991962146425,2790604,29.19
2022-12-27,HAL,2522.1,-0.19982984785233093,524005,224235.0,2.336856422949138,398323,45.37
2022-12-29,SHRIRAMFIN,1312.25,-5.498343655480334,1429661,159085.0,8.986774365905019,415277,35.84
2022-12-29,FEDERALBNK,137.65,2.9928918817807704,16155989,2283960.0,7.073674232473423,9383559,53.73
2022-12-29,SRF,2275.95,-1.3565933470581941,661233,132350.0,4.996093690970911,512290,66.99
2022-12-29,BAJAJFINSV,1511.7,-0.7224009982268339,2295249,501080.0,4.5806038955855355,2162525,67.17
2022-12-29,SBIN,611.8,1.7885367273937278,11439937,2562261.0,4.464782081138495,8449322,56.83
2022-12-29,LTIM,4420.2,2.036011080332406,671125,157443.0,4.262653785814549,416031,61.41
2022-12-29,ONGC,144.65,0.5211952744961779,21859225,5338638.0,4.094532163446932,19935103,59.48
2022-12-29,SHREECEM,23256.75,-4.231137465641311,36335,9165.0,3.9645390070921986,26612,40.1
2022-12-29,ABFRL,288.05,0.7696344236487628,1916432,572336.0,3.348438679377149,1454007,54.16
2022-12-29,CHOLAFIN,715.0,-1.4880132267842319,1208002,405093.0,2.982036223780712,1194264,60.64
2023-01-02,SAIL,88.95,7.622504537205077,23979775,4910842.0,4.883027187598379,8197866,27.61
2023-01-02,HINDCOPPER,116.75,6.523722627737231,2269157,757558.0,2.9953574511786556,1835049,26.74
2023-01-02,TATASTEEL,119.25,5.858854860186413,47023511,17798850.0,2.6419409680962533,39659429,32.78
2023-01-03,OFSS,2999.55,-0.80853174603174,65449,7702.0,8.497662944689692,64227,71.07
2023-01-03,ABBOTINDIA,21680.85,1.1379910341513795,32405,6581.0,4.9240237046041635,17539,87.16
2023-01-03,BRITANNIA,4241.85,-1.171906853208748,340944,88090.0,3.87040526734022,211843,68.6
2023-01-03,ICICIGI,1267.6,2.114633262174246,676262,238131.0,2.839873850947588,624658,51.07
2023-01-03,MCX,1478.0,1.3926047883652297,666952,241837.0,2.7578575652195485,451063,61.03
2023-01-04,INDUSTOWER,185.35,-2.293094359515021,1517082,353249.0,4.294653346506289,1239926,59.32
2023-01-04,INDUSINDBK,1223.1,-1.4384141182158938,2988623,780163.0,3.830767416552695,2947754,37.35
2023-01-04,COALINDIA,217.15,-3.101294065149482,4714594,1581252.0,2.9815576517847884,4663623,49.37
2023-01-04,SBICARD,784.0,-1.060070671378089,1472152,672572.0,2.188839261818809,1226322,77.86
2023-01-05,BALKRISIND,2177.15,2.5602977199924584,802976,52857.0,15.191478895888908,333412,51.48
2023-01-05,BAJFINANCE,6100.05,-7.1670978542078805,1909084,217994.0,8.757507087351028,675021,37.42
2023-01-05,ZYDUSLIFE,432.3,1.993629821870942,1203821,157305.0,7.652782810463749,993713,57.75
2023-01-05,GODREJCP,916.5,3.128164735006184,1541046,382143.0,4.0326422307879515,1253244,51.01
2023-01-05,JKCEMENT,2884.3,-0.998832978650371,92846,24118.0,3.8496558586947507,47992,64.1
2023-01-05,CHOLAFIN,683.25,-4.906054279749479,1686700,458770.0,3.676569958802886,1208002,53.72
2023-01-05,GUJGASLTD,490.05,2.628272251308903,1108925,341389.0,3.2482739631329656,728727,53.93
2023-01-05,TATACONSUM,763.85,0.2099048868481499,1613834,623867.0,2.586823794174079,1087126,50.46
2023-01-05,TITAN,2562.1,-1.3647475505765152,946321,411007.0,2.3024449705236165,937153,61.27
2023-01-05,POWERGRID,208.8,-1.0660980810234542,11259414,5037553.0,2.2350958888174475,10420952,70.57
2023-01-05,APOLLOTYRE,338.25,5.686611466958285,1999260,902604.0,2.214991291862212,1558044,16.87
2023-01-06,ABB,2843.6,1.3399857448324985,330421,118371.0,2.7914016101916856,225489,52.42
2023-01-06,MRF,93141.5,2.0440248127104854,7597,3346.0,2.270472205618649,5672,26.46
2023-01-06,SBILIFE,1269.05,0.11044057902416782,1086047,529852.0,2.0497176570061075,1054618,64.8
2023-01-09,POWERGRID,209.1,0.4805382027871216,32692599,6424875.0,5.088441253720889,11259414,83.05
2023-01-09,MUTHOOTFIN,1076.85,0.4290044299370398,391819,124112.0,3.156979180095398,338413,63.71
2023-01-09,NAVINFLUOR,3955.15,2.3881022030081027,103461,33013.0,3.1339472329082483,61934,64.21
2023-01-10,INDIGO,2044.15,0.9855745479695704,606461,76755.0,7.901257247084881,532689,53.52
2023-01-10,OFSS,3019.9,0.43567912731142433,157110,63595.0,2.4704772387766334,65449,88.55
2023-01-10,HINDCOPPER,123.25,3.008775595486832,4812443,2378805.0,2.0230506493806764,2378805,28.04
2023-01-11,SUNTV,468.1,-1.17175129314894,707368,140818.0,5.023278274084279,666562,43.6
2023-01-11,IOC,83.55,3.660049627791567,17794614,4687623.0,3.7960847107371904,10663216,40.35
2023-01-11,BHARTIARTL,765.55,-3.443274263732114,17490676,5172402.0,3.3815384032408926,5823381,61.61
2023-01-11,NMDC,128.4,4.347826086956529,5965793,2308512.0,2.58425903785642,5281994,33.38
2023-01-11,BPCL,352.5,1.4826543831869805,3001086,1208645.0,2.4830169321843885,2904335,41.83
2023-01-11,HINDPETRO,256.45,2.9093097913322636,5361843,2207351.0,2.4290849076562813,4557303,44.92
2023-01-11,COFORGE,3936.1,-0.9636674718196504,166439,76760.0,2.168303804064617,143022,41.63
2023-01-12,ATUL,7675.25,-0.5249003661342061,81105,12920.0,6.277476780185759,36312,78.16
2023-01-12,NAVINFLUOR,4123.65,5.55733319681047,118452,41471.0,2.8562610016638135,103461,11.97
2023-01-13,WHIRLPOOL,1448.4,-2.181400688863372,180991,25082.0,7.215971613109002,72576,50.96
2023-01-13,UBL,1620.0,-1.4688440835690229,295727,47080.0,6.281372132540357,150501,73.64
2023-01-13,LTTS,3448.75,-5.326946305040084,349554,65864.0,5.307208793878295,139790,26.83
2023-01-13,RAIN,183.55,4.023802776990662,855957,184792.0,4.632002467639292,690690,23.07
2023-01-13,TVSMOTOR,1002.15,-0.33812341504648974,1224251,389848.0,3.1403290513225666,1137643,62.95
2023-01-13,BATAINDIA,1578.9,-3.52560185750946,378748,129148.0,2.932666398240778,287947,42.37
2023-01-13,ITC,328.75,-0.33348491738669783,10100746,4298493.0,2.349834232601984,7806777,70.08
2023-01-13,GUJGASLTD,450.3,-3.534704370179949,1135496,553209.0,2.0525624131205387,1108925,34.77
2023-01-16,HDFCAMC,2111.95,-1.890692866931469,1474630,30169.0,48.878981736219295,128926,87.47
2023-01-16,LICHSGFIN,395.55,-1.8242740134028212,2253456,292775.0,7.696886687729485,1723257,56.39
2023-01-16,L&TFH,95.15,2.920497566252031,11161995,1725860.0,6.467497363633203,3662584,19.26
2023-01-16,INDIAMART,4586.3,2.8191590723117104,41534,10748.0,3.86434685522888,40225,26.25
2023-01-16,SYNGENE,606.4,-1.7816650469711697,441744,142257.0,3.1052531685611253,338025,71.46
2023-01-17,CANFINHOME,526.05,-3.1037023392890077,796067,94316.0,8.440423682089996,469145,41.07
2023-01-17,SIEMENS,2945.45,0.05944899276420832,266738,34497.0,7.732208597849088,173848,19.27
2023-01-17,LT,2213.1,3.551375631667607,2605697,576989.0,4.516025435493571,1721376,56.09
2023-01-17,MARICO,508.25,2.0479871498845474,1242366,292667.0,4.244981497743169,1175590,57.04
2023-01-17,TVSMOTOR,986.65,-0.20734297562456436,2099008,537139.0,3.9077557205862914,1224251,68.84
2023-01-17,CROMPTON,324.05,-1.7732646256441245,1427269,492297.0,2.8992031233178346,969528,73.53
2023-01-17,INDUSTOWER,175.95,-3.3241758241758306,2628757,1083699.0,2.425726147205082,1517082,50.56
2023-01-17,BERGEPAINT,567.7,1.3750000000000082,440546,191330.0,2.3025453405111587,350185,63.33
2023-01-18,ESCORTS,2091.1,-0.6532532009406846,170427,26358.0,6.465854768950603,158944,46.55
2023-01-18,ICICIGI,1200.15,-3.9342031537660986,2348667,440049.0,5.337285165970154,676262,59.05
2023-01-18,ADANIENT,3596.7,-1.1719125668045143,1335251,272056.0,4.908000558708501,907006,36.56
2023-01-18,DIXON,3516.75,-1.3271418751139905,109228,44552.0,2.451696893517687,102621,53.63
2023-01-18,HDFC,2687.65,1.7798648060136708,2863455,1348296.0,2.1237584328663734,2699765,74.04
2023-01-19,AUROPHARMA,445.2,0.27027027027026773,805235,191841.0,4.197408270390584,766620,48.97
2023-01-19,PERSISTENT,4258.15,7.539903020507115,329682,104861.0,3.143990616148997,145731,15.25
2023-01-19,ZEEL,224.4,-2.4559878287328867,7984480,2656194.0,3.0059852555950357,3240140,69.57
2023-01-19,EXIDEIND,189.5,2.4324324324324325,3524759,1194037.0,2.9519679875916744,1694639,53.18
2023-01-19,UPL,747.55,2.0755103434150244,1813951,761546.0,2.38193227986228,1352684,51.05
2023-01-20,MPHASIS,2024.65,-2.065446102498359,670570,101360.0,6.615726124704025,372749,53.21
2023-01-20,COFORGE,4102.0,3.4148063178328725,271070,42231.0,6.418744524164713,166439,13.64
2023-01-20,MARICO,505.2,0.767926598184894,2691369,721939.0,3.727972861973103,1242366,81.59
2023-01-20,LTTS,3230.7,-4.899695332852546,414899,158896.0,2.6111355855402274,349554,41.16
2023-01-20,NESTLEIND,19200.05,-2.44422313793436,40754,15822.0,2.5757805587157123,38156,56.59
2023-01-20,HINDUNILVR,2548.75,-3.8116803472025667,2467332,1066986.0,2.312431465829917,1664533,54.0
2023-01-20,ASIANPAINT,2787.8,-2.733632224412536,1696629,784638.0,2.1623079687703117,1038099,53.5
2023-01-23,PIIND,3128.85,-3.3753840927690253,266405,38597.0,6.902220379822266,183061,69.6
2023-01-23,DALBHARAT,1767.2,-3.909520961339778,197985,47185.0,4.195930910246901,145415,58.71
2023-01-23,MUTHOOTFIN,1059.3,0.6508622737422118,751378,252489.0,2.9758840979210976,391819,76.07
2023-01-23,RBLBANK,167.4,-1.4134275618374592,4184565,1486155.0,2.8156989008548905,4170473,19.8
2023-01-23,ULTRACEMCO,6849.75,-4.5616992817483215,493400,222712.0,2.215417220446137,298734,49.43
2023-01-23,INDIACEM,207.85,-3.4378629500580744,1008287,475762.0,2.1193096548274135,796774,32.8
2023-01-24,SBICARD,745.0,-2.887310174020723,1726242,272604.0,6.33241625214597,1472152,50.78
2023-01-24,AXISBANK,910.2,-2.4123512383403023,9565830,2830172.0,3.379946519151486,8156284,51.63
2023-01-24,CROMPTON,338.75,3.340451494813907,2244214,697728.0,3.2164597092276646,1427269,57.18
2023-01-24,CONCOR,680.35,-2.931944642602362,1744440,689542.0,2.5298531489017346,1359704,51.95
2023-01-24,JSWSTEEL,722.05,-1.6213638531235222,1927985,774082.0,2.4906728227758816,1410339,61.26
2023-01-24,TRENT,1202.75,2.166064981949458,683843,283769.0,2.409858018317716,567784,58.25
2023-01-24,JKCEMENT,2699.1,-2.1338312877318266,115508,48035.0,2.404663266368273,92846,63.64
2023-01-25,AMBUJACEM,460.2,-7.766309249423791,11904930,520758.0,22.860772182088418,3287458,35.38
2023-01-25,ACC,2165.7,-7.278331977565612,444192,53427.0,8.313998540064013,181324,36.26
2023-01-25,BIOCON,235.2,-4.4485070079220055,1968494,374940.0,5.250157358510695,1393219,54.62
2023-01-25,MCDOWELL-N,768.55,-5.895677727439707,2027933,436025.0,4.650955793819162,769741,45.47
2023-01-25,ADANIPORTS,713.15,-6.312401471361017,4259698,992315.0,4.292687301915218,2041319,24.93
2023-01-25,DLF,352.05,-3.521512743217311,3376662,819837.0,4.118699204841938,1296236,48.01
2023-01-25,ADANIENT,3388.95,-1.5412550842533463,1373779,351200.0,3.9116714123006835,1335251,37.27
2023-01-25,CIPLA,1035.25,-2.5325989737796064,1150682,296788.0,3.877117673221289,1120617,51.68
2023-01-25,SBIN,568.7,-4.315638933288462,14755095,4278719.0,3.4484842309111676,11439937,57.44
2023-01-25,INDUSTOWER,157.9,-7.3628630096802485,4027871,1177329.0,3.4211940757426342,2628757,26.44
2023-01-25,GRANULES,288.9,-6.5653298835705085,723905,245081.0,2.9537377438479524,369412,29.78
2023-01-25,DEEPAKNTR,1837.3,-2.5149891229373424,116300,41699.0,2.7890357082903665,101976,37.84
2023-01-25,OBEROIRLTY,808.3,-2.213888216791685,381978,137481.0,2.7784057433390794,245915,48.45
2023-01-25,INDIACEM,194.65,-4.254795868175113,1369964,502249.0,2.7276589898635937,1008287,35.63
2023-01-25,BANKBARODA,169.75,-4.608035965158747,16201669,6057803.0,2.674512360339219,10579601,37.99
2023-01-25,SBICARD,715.1,-4.013422818791943,4152859,1726242.0,2.4057223726453185,1726242,70.44
2023-01-25,AUROPHARMA,417.75,-4.677695379349686,1155547,494077.0,2.3387994179044966,805235,49.16
2023-01-27,DIXON,2721.8,-19.085557999881086,1822317,87891.0,20.733829402327885,109228,36.74
2023-01-27,BAJAJ-AUTO,3936.75,5.900629472211758,1121482,101354.0,11.064999901335911,534170,47.2
2023-01-27,ICICIPRULI,465.25,0.23699235161047566,2180904,592443.0,3.6812047741301694,2120229,71.95
2023-01-27,BEL,94.3,-4.891578416540603,13162873,3940451.0,3.3404483395428595,6595964,53.45
2023-01-27,ICICIBANK,817.2,-4.45457734128375,30454164,9429007.0,3.2298378821863216,11944691,76.67
2023-01-27,ADANIPORTS,596.95,-16.293907312627066,13596537,4259698.0,3.1919016324631464,4259698,21.18
2023-01-27,ACC,1879.75,-13.203583137091925,1214663,444192.0,2.734544971543837,444192,29.66
2023-01-27,UPL,744.7,0.9146961176231452,3088510,1133271.0,2.7253057741705207,1813951,62.98
2023-01-27,HDFCBANK,1615.8,-1.99253935037759,12593316,4900092.0,2.5700162364298467,8997454,71.59
2023-01-27,GLENMARK,381.25,-4.41268647361164,748788,300652.0,2.490547210728683,368977,62.2
2023-01-27,ASTRAL,1963.3,-0.7607349558975892,299544,123344.0,2.428525100531846,279269,61.44
2023-01-27,COFORGE,4294.1,0.5008542607718901,421584,183674.0,2.2952840358461186,271070,56.6
2023-01-27,DRREDDY,4314.0,2.6910579749818537,370137,164375.0,2.251784030418251,169212,38.71
2023-01-27,SUNPHARMA,1043.4,0.32209989904332836,2667018,1188923.0,2.2432218066266696,1963835,77.35
2023-01-27,TATAMOTORS,445.6,6.335759455912185,21810513,10184357.0,2.14156995871217,15127215,34.42
2023-01-27,KOTAKBANK,1713.1,-2.097382558006632,6013956,2808579.0,2.141280697463023,5908447,80.0
2023-01-27,GODREJPROP,1186.45,-0.8275170309691866,321374,151315.0,2.1238740376036747,151315,51.35
2023-01-30,SHRIRAMFIN,1243.85,0.22561540630917,973369,209599.0,4.643958224991532,601535,82.41
2023-01-30,BEL,88.95,-5.673382820784724,32962009,13162873.0,2.504165238090499,13162873,52.46
2023-01-30,GAIL,94.95,-4.236006051437219,15576816,6638755.0,2.346345963964629,10555918,51.95
2023-01-30,MARUTI,8817.0,0.9098712446351931,764191,359517.0,2.125604630657243,440449,73.69
2023-01-30,NTPC,168.85,1.5333734215273498,18852785,8924830.0,2.1123970988803147,10264167,61.27
2023-01-30,PIIND,2945.95,-0.40568637062830676,332385,157935.0,2.104568335074556,266405,79.2
2023-01-31,SYNGENE,562.3,-0.898836799436028,2547376,104895.0,24.285008818342153,465704,80.08
2023-01-31,CHAMBLFERT,312.7,7.9020013802622415,1747490,260558.0,6.706721727983789,933229,47.14
2023-01-31,GRASIM,1590.2,-0.5254597773051335,1065740,182192.0,5.849543338895232,454709,69.74
2023-01-31,LAURUSLABS,330.3,-3.364540667056758,2308919,612507.0,3.7696205920911923,1366759,42.49
2023-01-31,IDFC,85.75,5.214723926380368,4857499,1406816.0,3.452831784682574,3830882,46.3
2023-01-31,INDHOTEL,301.0,3.3299004462753135,8640078,2750858.0,3.1408665950768815,2990137,68.38
2023-01-31,AUROPHARMA,408.15,-0.7779263400996829,1998417,636945.0,3.137503238113181,1155547,72.62
2023-01-31,BRITANNIA,4317.6,-2.0230328473364643,366693,120000.0,3.055775,340944,60.54
2023-01-31,SRF,2182.45,1.4432462582504288,614577,211759.0,2.9022473661095867,373105,40.88
2023-01-31,NESTLEIND,19017.75,-0.7729874412367874,91147,31638.0,2.8809343194892216,40754,77.57
2023-01-31,SHREECEM,23684.55,4.866871666810569,36419,14530.0,2.5064693737095665,22307,44.12
2023-01-31,M&M,1378.75,3.540853109041761,3663358,1466016.0,2.4988526728221245,1851620,69.57
2023-01-31,HAL,2552.85,3.2957028404952586,482669,206651.0,2.335672220313475,398730,40.2
2023-01-31,LUPIN,737.3,0.3538859398393778,637197,286064.0,2.227463085183735,490632,58.26
2023-01-31,GODREJCP,913.25,1.0455853064837404,1637882,747375.0,2.191512962033785,1541046,62.57
2023-01-31,PIDILITIND,2279.55,-0.16860821581851226,389891,183983.0,2.119168618839784,356703,70.41
2023-02-01,ICICIPRULI,401.95,-11.151635720601236,4593623,772726.0,5.944698379503214,2180904,51.1
2023-02-01,MFSL,752.95,-9.896487764016028,3905406,680026.0,5.743024531414975,1634615,60.29
2023-02-01,HDFCLIFE,515.7,-10.909562062710542,11425949,2089193.0,5.469072986555096,2742636,50.4
2023-02-01,SBILIFE,1109.4,-9.032020007379762,5263459,1335513.0,3.9411514526627593,1335513,62.14
2023-02-01,COALINDIA,220.65,-1.8679119412941911,10710225,3248807.0,3.2966639754223626,4992311,44.61
2023-02-01,JUBLFOOD,456.45,-6.24422306665298,2771298,842291.0,3.2901906823176312,1593669,42.72
2023-02-01,CHOLAFIN,749.8,6.061249027512541,3780707,1162118.0,3.2532901133964023,1918716,36.24
2023-02-01,ACC,1846.45,-6.190621348371686,1253610,390235.0,3.212448908990736,1214663,25.9
2023-02-01,ABFRL,251.85,-1.8702513150204496,2423843,782908.0,3.0959486938439764,1775449,53.08
2023-02-01,GUJGASLTD,472.05,3.3045190939927833,1336064,484040.0,2.7602346913478226,1135496,39.78
2023-02-01,DALBHARAT,1768.4,0.036769905246787776,208899,78499.0,2.6611676581867285,197985,50.51
2023-02-01,AMBUJACEM,334.1,-16.724825523429704,28296227,10710795.0,2.641841898757282,23151468,36.15
2023-02-01,WHIRLPOOL,1344.5,-3.3498670117173397,272358,118239.0,2.3034531753482352,180991,55.41
2023-02-01,ITC,361.4,2.568468851993743,24606119,11239709.0,2.189213172689791,12247433,38.14
2023-02-01,DEEPAKNTR,1846.35,-1.7925055184702559,132712,65685.0,2.0204308441805585,116300,37.96
2023-02-02,BSOFT,272.0,-8.108108108108109,3084921,633226.0,4.871753528755926,1059122,31.62
2023-02-02,ALKEM,3076.05,1.5047270207395063,80266,17254.0,4.6520227193694215,74774,74.74
2023-02-02,LALPATHLAB,2021.45,-1.5127892813641879,111171,26123.0,4.255675075603874,90730,40.79
2023-02-02,IDFC,88.9,5.394190871369309,20574010,6112345.0,3.36597656055082,6112345,39.35
2023-02-02,ADANIENT,1565.25,-26.69819935841899,6032713,1998987.0,3.0178850587822734,2525916,17.5
2023-02-02,ASHOKLEY,152.05,2.945159106296563,12197819,5205570.0,2.3432244691743653,9099251,36.43
2023-02-02,BRITANNIA,4573.05,4.623708804722094,661513,305007.0,2.1688453051897167,366693,39.63
2023-02-02,BPCL,332.2,-0.7469375560203168,3007932,1418447.0,2.120581170815688,3001086,66.63
2023-02-02,UPL,696.4,-6.164521996900897,3740245,1825348.0,2.0490585904715157,3088510,48.59
2023-02-03,DIVISLAB,2884.35,-11.712580348943987,1580982,160180.0,9.870033712073917,366799,35.24
2023-02-03,CROMPTON,305.15,-8.184143222506407,4817168,877580.0,5.489149707149206,2244214,50.9
2023-02-03,METROPOLIS,1224.15,-6.965344277245772,151496,32960.0,4.596359223300971,121720,44.57
2023-02-06,BALRAMCHIN,358.85,-1.8597019007247244,839014,134653.0,6.230934327493632,463411,53.51
2023-02-06,ZYDUSLIFE,470.15,8.16749108478086,2132969,370803.0,5.752297041825444,1784766,30.12
2023-02-06,IDEA,8.25,20.437956204379567,206440790,39733137.0,5.195683139743031,76597338,30.58
2023-02-06,M&MFIN,261.85,7.491789819376038,7058394,1920538.0,3.6752170485561857,3219722,32.97
2023-02-06,AARTIIND,564.6,6.247647722995868,576091,176445.0,3.264989090084729,454354,21.23
2023-02-06,PAGEIND,39528.4,-0.7216993275274195,24344,8230.0,2.957958687727825,18925,68.81
2023-02-06,GMRINFRA,37.7,0.39946737683090733,6053253,2555622.0,2.3686026337228276,5569492,56.85
2023-02-07,HINDALCO,429.55,-3.9789873700681815,8707588,1648392.0,5.282474071701391,4800837,52.29
2023-02-07,AUBANK,649.0,2.6817498615615927,904862,232434.0,3.8929846752196324,899173,57.9
2023-02-07,DEEPAKNTR,1775.0,-2.2604003193744644,290339,140861.0,2.061173781245341,140861,27.02
2023-02-08,ALKEM,3180.8,3.624309752243814,96483,9880.0,9.765485829959514,80266,47.08
2023-02-08,NAUKRI,3787.45,3.0164148454393285,402977,79712.0,5.055411983139302,224020,54.71
2023-02-08,NAVINFLUOR,4185.05,-2.248148926727863,150981,57728.0,2.6153859478935697,118452,20.26
2023-02-09,MRF,88813.05,-3.7524525700983866,8492,1460.0,5.816438356164384,4903,23.56
2023-02-09,CUMMINSIND,1578.35,7.0575866512921355,1154702,202809.0,5.693544172102816,462712,25.47
2023-02-09,HEROMOTOCO,2559.2,-2.1207427380337815,765776,271708.0,2.818378553447083,292040,60.49
2023-02-09,BOSCHLTD,17524.8,0.44333126044206195,11229,4800.0,2.339375,8227,57.44
2023-02-10,ALKEM,3292.7,1.9269761178783145,417500,40907.0,10.206077199501308,96483,45.54
2023-02-10,UBL,1480.75,-4.452331021132441,483261,50491.0,9.571230516329642,295727,40.17
2023-02-10,ASTRAL,1941.65,-4.363994581948032,430987,104375.0,4.129216766467066,299544,43.11
2023-02-10,IGL,442.1,2.066258801800773,1255063,315255.0,3.9811041855006266,845695,53.18
2023-02-10,LUPIN,737.15,-4.804029185768715,1064215,411894.0,2.5837108576478416,637197,34.81
2023-02-10,PEL,891.0,6.438896189224702,831599,394385.0,2.108596929396402,621626,12.89
2023-02-13,COFORGE,4032.25,-6.968830030224031,6104087,70329.0,86.79331428002673,421584,73.84
2023-02-13,CUB,134.9,-15.713839425179636,6630974,494586.0,13.407120298593167,3326018,23.93
2023-02-13,BALKRISIND,2052.25,-11.090653092169392,554802,46523.0,11.925327257485545,273343,26.28
2023-02-13,NAUKRI,3463.85,-9.175887566206939,640316,65078.0,9.839208334613849,402977,24.8
2023-02-13,GLENMARK,422.6,5.544455544455555,792683,121873.0,6.50417237616207,748788,15.9
2023-02-13,BHEL,71.55,-5.106100795755979,9588794,1974743.0,4.855717427533608,7783785,24.29
2023-02-13,BHARATFORG,890.05,0.7984144960362349,776038,193709.0,4.006205184064757,625000,33.6
2023-02-13,ABB,3079.65,-2.736632662729371,266488,107970.0,2.468167083449106,256544,21.23
2023-02-14,EICHERMOT,3175.7,-2.365763300693289,499629,124027.0,4.02838897981891,462642,32.89
2023-02-14,BOSCHLTD,17412.4,0.024701144869359155,16783,5418.0,3.097637504614249,11229,23.33
2023-02-15,APOLLOHOSP,4487.9,5.131358562610522,471595,50606.0,9.318954274196736,317267,17.31
2023-02-15,JKCEMENT,2765.35,0.8515681983953286,171875,26382.0,6.514858615722841,115508,79.88
2023-02-15,INDIGO,1986.05,-2.4916535742340926,723643,153006.0,4.729507339581454,710921,49.37
2023-02-15,PIIND,3121.95,2.875078261442647,348182,117004.0,2.975812792725035,332385,14.28
2023-02-15,TECHM,1071.4,5.864334766068883,3228936,1101619.0,2.9310823433510134,3054320,48.11
2023-02-15,RELIANCE,2431.95,2.264412766494256,11644633,4049724.0,2.8754139788291746,8175005,75.31
2023-02-15,BHARATFORG,835.7,-4.327418431597018,2524390,1015003.0,2.4870763928776567,1015003,42.11
2023-02-15,BIOCON,238.1,1.3407107895296897,1989421,887600.0,2.2413485804416404,1968494,34.36
2023-02-15,SIEMENS,3229.4,3.342453479255677,402667,199384.0,2.0195552301087347,377625,27.56
2023-02-16,AARTIIND,550.15,2.19188260425373,924795,201525.0,4.5889839970227015,576091,59.63
2023-02-16,INDIGO,1897.25,-4.471186526018981,3177121,723643.0,4.390453580011138,723643,49.95
2023-02-16,TECHM,1130.25,5.4928131416837696,7036714,3228936.0,2.1792671022281023,3228936,48.79
2023-02-17,IPCALAB,830.9,-3.6637681159420317,618393,74135.0,8.341444661765697,265187,37.71
2023-02-17,SHREECEM,25757.4,2.547217887059285,47130,19176.0,2.4577596996245306,40690,35.65
2023-02-17,IEX,135.45,-0.5141388174807323,2097684,970345.0,2.16179193998011,1964203,60.56
2023-02-20,GNFC,554.0,2.1668971876440755,467044,115241.0,4.052759000702875,436684,27.86
2023-02-20,BATAINDIA,1434.05,-0.4166521995764036,611633,156369.0,3.9114722227551497,231913,65.46
2023-02-20,CIPLA,964.0,-6.019985376553741,2343403,1039345.0,2.2546921378368108,1694820,40.2
2023-02-21,CANBK,278.95,-3.4775086505190353,5900135,951644.0,6.199939263001711,4187752,44.04
2023-02-21,PEL,826.85,-1.8342633266057145,1484747,416954.0,3.5609371777222427,831599,67.88
2023-02-21,SIEMENS,3294.2,3.0419618699072557,418360,122362.0,3.419035321423318,402667,31.44
2023-02-21,IEX,144.05,4.19529837251357,4847966,2346388.0,2.066139956392549,2346388,29.07
2023-02-22,BALRAMCHIN,359.9,-4.03946140514599,919229,98879.0,9.29650380768414,839014,43.07
2023-02-22,TATACHEM,965.2,-3.5041239690077433,915936,122704.0,7.46459773112531,783698,50.78
2023-02-22,VOLTAS,914.2,2.054029917392285,2672856,735860.0,3.6322887505775556,1049819,33.94
2023-02-22,CONCOR,586.9,-1.5020558865486355,3403158,1065630.0,3.1935643703724557,3100452,75.36
2023-02-23,ZEEL,198.65,-3.73152410952265,13311913,2728252.0,4.879282778863536,4602755,17.38
2023-02-23,GAIL,98.05,2.6164311878597593,19645953,4666953.0,4.209588783088238,15576816,51.08
2023-02-23,GODREJPROP,1089.15,-1.581349116703565,1072828,311028.0,3.449297169386679,321374,72.52
2023-02-23,INDIAMART,4788.6,1.469513164168043,35723,12951.0,2.758319820863254,31172,30.31
2023-02-23,IGL,433.2,-0.6763728075203459,1372074,509220.0,2.694462118534229,1255063,65.28
2023-02-24,GNFC,551.7,5.1858913250715055,619997,252615.0,2.454315856144726,467044,26.1
2023-02-27,OFSS,3159.45,0.36691127418277986,73840,13271.0,5.564011754954412,69128,67.73
2023-02-28,BIOCON,229.15,-0.19599303135888008,31123208,1291490.0,24.098682916631176,2134850,60.3
2023-02-28,SHRIRAMFIN,1203.35,0.037409593482402366,1653590,91039.0,18.163534309471764,973369,62.35
2023-02-28,HCLTECH,1077.6,-0.5858203791687934,15353640,1103551.0,13.912941042144858,3299434,73.84
2023-02-28,BANKBARODA,159.0,0.0,96803834,8810300.0,10.987575224453197,23030865,54.01
2023-02-28,ESCORTS,2075.35,4.723098271729528,805917,92717.0,8.692224726856995,144924,58.81
2023-02-28,ABB,3217.35,3.5166744421743443,623090,81779.0,7.619193191406107,266488,67.5
2023-02-28,JINDALSTEL,549.2,-0.7320379575237153,3823167,658792.0,5.803299068598283,1505367,66.39
2023-02-28,INDIACEM,187.1,1.2172031376791994,1180387,226830.0,5.2038398800864085,1020655,39.72
2023-02-28,CIPLA,906.4,-4.609555882972013,3316487,698653.0,4.746973103958617,2343403,61.64
2023-02-28,COLPAL,1473.5,0.9453997396725323,657222,145897.0,4.5046985201889,424816,74.22
2023-02-28,TCS,3312.85,-0.5702537629245015,2546257,599470.0,4.247513637046057,1914024,61.86
2023-02-28,VEDL,268.35,-6.612145467200278,13539022,3263694.0,4.1483735913967426,5789295,26.54
2023-02-28,TATACONSUM,715.3,0.7039279177812193,1841080,482162.0,3.818384692281847,1604812,76.86
2023-02-28,ADANIENT,1363.85,14.273146208630072,7489663,2037372.0,3.676139163589173,6032713,22.06
2023-02-28,EICHERMOT,3105.9,-0.8032449178390664,644324,208795.0,3.08591680835269,499629,66.15
2023-02-28,MPHASIS,2035.4,-0.2181532955854508,978183,367789.0,2.659630929690665,382768,64.02
2023-02-28,POWERGRID,222.25,1.3914233576642387,21496667,8482142.0,2.5343441550495145,13063003,78.4
2023-02-28,ABCAPITAL,145.85,2.8924162257495554,1407686,607180.0,2.318399815540696,1364243,41.85
2023-02-28,ONGC,152.05,-2.0611916264090104,11424294,5036588.0,2.2682605764060906,11415835,64.88
2023-02-28,NMDC,111.1,-0.8920606601248885,12157247,5404309.0,2.249546981862066,6667919,68.06
2023-03-01,CANFINHOME,576.9,0.29554937413072524,546840,171925.0,3.18068925403519,543210,73.54
2023-03-01,INDIAMART,4951.3,2.1107662483630554,49263,23736.0,2.0754550050556118,35723,21.32
2023-03-02,POWERGRID,220.35,0.6624029237094512,53866510,6147519.0,8.762316960712118,21496667,90.11
2023-03-02,ICICIGI,1086.85,-1.2358580580671665,820666,105523.0,7.777129156676743,416429,85.94
2023-03-02,LTTS,3698.4,-1.3404825737265416,139207,42771.0,3.2547052909681793,118594,53.32
2023-03-02,LAURUSLABS,306.4,-2.4669743752984243,792596,284188.0,2.7889847565695947,603084,51.99
2023-03-02,BHEL,74.8,2.7472527472527473,9864127,3840909.0,2.568175137708287,9588794,29.14
2023-03-02,MARUTI,8548.75,-2.457739769401478,352405,156213.0,2.255926203324947,251449,58.36
2023-03-02,AUBANK,611.35,-0.024529844644313535,1015381,472733.0,2.1478953235758875,904862,57.23
2023-03-03,MANAPPURAM,106.1,1.872299567930858,5345569,612620.0,8.725750057131664,2924471,68.19
2023-03-03,PEL,782.85,2.420357166219664,1688588,246194.0,6.858769913157916,1484747,58.43
2023-03-03,OFSS,3153.2,0.18268757247930867,82941,19234.0,4.312207549131746,73840,86.79
2023-03-03,PNB,51.8,4.120603015075371,18079010,4643733.0,3.893206177013192,14992424,23.96
2023-03-03,TATASTEEL,107.0,2.2455805064500662,77547013,26703232.0,2.9040309802199222,43711078,66.18
2023-03-03,SBIN,561.2,5.142857142857151,11581862,4282815.0,2.7042639011958256,10466617,41.88
2023-03-06,COROMANDEL,934.05,2.965330981645811,368150,61619.0,5.97461821840666,292461,47.9
2023-03-06,CHOLAFIN,769.3,2.54598773660356,694776,147800.0,4.700784844384303,620278,45.96
2023-03-06,MGL,985.95,8.716506781343044,936028,256853.0,3.644216730970633,304398,18.89
2023-03-06,IGL,445.05,3.4038104089219408,1778656,489173.0,3.6360469608911368,1372074,42.41
2023-03-06,SUNTV,439.65,0.03412969283275934,252255,79676.0,3.166009839851398,235771,63.88
2023-03-06,NATIONALUM,84.2,2.060606060606064,6557801,2132716.0,3.074859006074883,5898183,46.53
2023-03-06,BRITANNIA,4319.85,-2.0875123244823595,330220,108426.0,3.0455794735580026,234459,48.45
2023-03-08,SHRIRAMFIN,1270.45,1.892769779845221,8905116,373923.0,23.81537375341982,1653590,86.12
2023-03-08,BOSCHLTD,18723.95,3.4709615740625734,20595,6153.0,3.3471477328132617,16783,29.14
2023-03-08,INDUSINDBK,1174.25,4.787613778333045,2343921,716276.0,3.2723712647080174,1623447,32.43
2023-03-08,SUNPHARMA,957.5,-0.8029008029008029,3487313,1233835.0,2.8264014232048855,2606034,73.66
2023-03-08,NTPC,178.85,1.1595022624434292,13826726,6848513.0,2.0189384177265928,13469127,62.57
2023-03-09,JSWSTEEL,680.2,0.7106899615043039,3157695,553901.0,5.7008292095518875,797594,49.83
2023-03-09,DELTACORP,203.25,1.7267267267267208,2785943,990419.0,2.8128933310043527,1324276,54.64
2023-03-09,PETRONET,230.7,0.19543973941367584,4392095,1987887.0,2.20942890617022,2426473,62.9
2023-03-09,CIPLA,881.75,0.5129666571672842,4316670,2015101.0,2.142160616266877,3316487,69.89
2023-03-10,PERSISTENT,4749.4,-1.4156426436400016,177207,41129.0,4.308565732208417,166145,44.7
2023-03-10,BALKRISIND,2025.65,2.168814465488109,838591,213868.0,3.9210681354854398,554802,77.32
2023-03-10,ZYDUSLIFE,474.9,1.3228077661617215,769062,251276.0,3.0606265620274122,672914,39.3
2023-03-10,INTELLECT,429.4,-3.6679753224901903,186833,80280.0,2.3272670652715495,180357,36.13
2023-03-13,MCDOWELL-N,754.4,1.0109124991631457,1261249,216314.0,5.83063971818745,897211,73.36
2023-03-13,BERGEPAINT,580.05,-1.5362417246647544,612215,136970.0,4.469701394465941,563186,71.73
2023-03-13,INDUSINDBK,1060.1,-7.398672257162827,5587334,1406907.0,3.9713598695578316,2343921,45.64
2023-03-13,AUBANK,596.45,-4.491593274619689,1778200,530966.0,3.348990330830976,1015381,50.39
2023-03-13,DIVISLAB,2767.0,-0.7354260089686099,380703,135377.0,2.8121689799596683,236074,67.75
2023-03-13,SBICARD,735.0,-2.4875621890547266,842479,356812.0,2.361128549488246,732474,63.94
2023-03-13,L&TFH,85.9,-4.502501389660919,1862886,821380.0,2.2679953249409532,1609609,34.82
2023-03-14,GLENMARK,415.8,-2.35998591053188,1216916,269590.0,4.513950814199339,812428,72.93
2023-03-14,INTELLECT,403.45,-4.644292129520216,423350,99364.0,4.260597399460569,186833,32.24
2023-03-14,PERSISTENT,4533.1,-1.9244707435012565,429929,122402.0,3.512434437345795,177207,55.05
2023-03-14,ABFRL,218.15,-4.23617208077261,1824404,580848.0,3.1409318789080793,1757518,40.44
2023-03-14,HDFCLIFE,470.55,-1.7538365173817678,5506074,1803308.0,3.0533186787836577,4140275,64.55
2023-03-14,KOTAKBANK,1648.25,-1.5323496027241823,5487083,2404805.0,2.281716396963579,2680868,38.81
2023-03-14,BAJFINANCE,5731.55,-1.748506484044878,734389,322603.0,2.2764481421437495,726016,53.5
2023-03-15,HDFCAMC,1676.75,-2.121884303309784,816644,103562.0,7.885556478244916,556126,76.21
2023-03-15,DABUR,521.85,-0.8831908831908789,2617741,468715.0,5.584931141525234,2004644,79.4
2023-03-15,IEX,151.45,4.232622161046096,7293530,1710764.0,4.263317441797933,4847966,29.49
2023-03-15,GMRINFRA,41.35,4.816223067173634,9939479,3613475.0,2.7506704764803964,4798646,28.9
2023-03-15,ATUL,6820.95,0.004398407776387616,41185,15288.0,2.6939429618001047,21878,69.12
2023-03-15,HDFCBANK,1541.9,-1.4351008406047125,6834871,3328303.0,2.05356032789082,4610082,36.68
2023-03-16,MOTHERSON,68.5,-10.807291666666663,291141724,2191380.0,132.8577079283374,9325775,69.33
2023-03-16,BPCL,350.9,6.236754465637289,6523519,1173236.0,5.560278579927653,2434100,35.67
2023-03-16,HINDPETRO,244.5,6.1428261341436965,6850645,1788835.0,3.829668471379417,4444730,40.91
2023-03-16,HEROMOTOCO,2370.95,-0.3572254092332262,430004,126815.0,3.390797618578244,325607,74.45
2023-03-16,RBLBANK,141.45,-0.2819880155093449,6254471,1899542.0,3.292620536950486,4031709,34.64
2023-03-16,IOC,79.9,1.6539440203562485,12726930,3980705.0,3.197154775347583,6160279,46.54
2023-03-16,AUROPHARMA,473.25,3.2507908803316194,1100188,427839.0,2.57150002687927,874555,29.57
2023-03-16,ICICIPRULI,409.65,6.665798724124454,2426715,957970.0,2.533184755263735,1207176,25.52
2023-03-16,ULTRACEMCO,7104.6,0.05421962468753814,334040,141560.0,2.3597061316756145,308676,72.65
2023-03-16,ITC,381.45,0.54032683183975,12278731,5554068.0,2.2107635340438754,10661355,78.16
2023-03-17,UPL,715.65,2.764215967834578,1740895,225985.0,7.703586521229285,1586471,67.78
2023-03-17,NATIONALUM,83.1,1.3414634146341393,37731906,5961508.0,6.3292552823882815,7799984,56.99
2023-03-17,INDIACEM,188.25,-2.080624187256177,1604964,335847.0,4.778854657031327,1180387,50.68
2023-03-17,NTPC,176.95,-1.4755011135857494,27807474,5848055.0,4.75499529330692,13826726,58.82
2023-03-17,COALINDIA,221.65,0.36223681231605676,9435881,2253524.0,4.18716685511226,5864674,60.02
2023-03-17,PIIND,2980.05,0.2607408404266056,393375,103569.0,3.7981925093415985,260300,68.44
2023-03-17,TVSMOTOR,1046.85,-0.6406605922551254,1176818,313980.0,3.7480667558443215,996899,65.48
2023-03-17,TCS,3179.3,-0.17896389324960182,4079785,1312156.0,3.109222531467295,2546257,60.53
2023-03-17,KOTAKBANK,1693.1,1.7763217216194254,6300354,2034992.0,3.096009222640679,5487083,70.57
2023-03-17,ITC,375.55,-1.5467295844802669,35077369,12278731.0,2.856758487501681,12278731,71.73
2023-03-17,M&MFIN,235.8,-2.622341523848852,2765954,978971.0,2.825368677928151,2000439,65.1
2023-03-17,RECLTD,118.35,0.9812286689419722,11089070,3983088.0,2.7840384144161514,5965585,64.87
2023-03-17,PIDILITIND,2349.9,0.37160430548437867,277300,102693.0,2.7002814213237514,256569,65.11
2023-03-17,LTIM,4673.95,2.6553628886131193,611910,229883.0,2.6618323233992944,313091,51.86
2023-03-17,MRF,82901.8,-0.28734422491029565,5224,2155.0,2.4241299303944315,2874,47.91
2023-03-17,RELIANCE,2223.1,-0.125791814546933,11467951,4738415.0,2.4202082341880145,6372032,73.06
2023-03-17,APOLLOHOSP,4346.5,0.6355564302334962,201605,84396.0,2.38879804730082,172307,54.69
2023-03-17,DRREDDY,4436.15,1.1953236384374026,397486,179306.0,2.2168025609851316,368280,64.26
2023-03-17,NESTLEIND,18858.15,2.208594277166387,90525,40940.0,2.211162677088422,70570,67.84
2023-03-17,SBILIFE,1071.6,0.8422340375476232,1052077,484371.0,2.1720478723953334,969367,67.05
2023-03-17,CROMPTON,287.15,0.24437074533076927,2114732,977514.0,2.163377711214366,1483790,80.83
2023-03-17,PETRONET,232.55,-2.228295143998311,4596071,2153832.0,2.1339041299414254,4392095,68.36
2023-03-17,MARICO,486.1,-0.511665984445354,1731379,858545.0,2.016643274376998,1216293,70.72
2023-03-20,HDFCAMC,1680.1,0.11619938622887216,5512140,593047.0,9.294609027615012,816644,86.99
2023-03-20,MUTHOOTFIN,946.1,1.8845573982339006,476441,68360.0,6.969587478057344,355741,36.52
2023-03-20,BALRAMCHIN,361.7,-6.5616119865667875,1196597,183920.0,6.506073292735972,1189159,22.16
2023-03-20,MCX,1481.4,-0.45692783228060435,273776,61422.0,4.457295431604311,90832,80.96
2023-03-20,BOSCHLTD,18139.3,0.14188234254924878,30252,6840.0,4.422807017543859,20595,61.51
2023-03-20,BAJAJFINSV,1245.4,-4.328788169771455,1613753,430009.0,3.752835405770577,885547,40.64
2023-03-20,ASHOKLEY,135.95,-2.544802867383521,7339167,2182219.0,3.3631670331896113,7129135,63.85
2023-03-20,GRANULES,281.9,-1.4507953155042943,544977,176198.0,3.092980624070648,377935,61.86
2023-03-20,ICICIGI,1079.1,0.746895714685837,850513,332918.0,2.554722183841066,820666,81.2
2023-03-20,JUBLFOOD,435.05,1.9568783688774367,1491987,678907.0,2.1976308978991232,1451168,43.83
2023-03-20,BAJFINANCE,5550.8,-3.1671129641421087,886615,417367.0,2.124305467370444,734389,51.77
2023-03-21,SBIN,521.85,0.5104006163328153,19906339,5600274.0,3.5545294748078398,11581862,67.51
2023-03-21,BAJAJ-AUTO,3905.7,2.646517739816027,504474,197567.0,2.553432506440853,268575,62.75
2023-03-21,INDIAMART,5102.3,4.038334097976249,104041,45646.0,2.279301581737721,49263,31.77
2023-03-21,CHOLAFIN,754.6,1.1595951471278205,1264441,610286.0,2.071882691066156,694776,66.66
2023-03-22,PIDILITIND,2377.05,0.7886535648413308,814774,136917.0,5.950860740448593,277300,79.36
2023-03-22,SRF,2381.25,1.3578223764019874,811086,324643.0,2.498393620068814,643050,77.8
2023-03-22,JKCEMENT,2831.5,0.8710211788176134,121215,49163.0,2.4655737038016396,75033,61.34
2023-03-22,M&MFIN,230.45,0.3920714441298093,9718923,4353395.0,2.232492801595077,4353395,77.37
2023-03-23,HAL,2496.35,-4.893706187138077,2296362,161783.0,14.194087141417825,671090,43.35
2023-03-24,METROPOLIS,1203.4,-2.2063305026207685,177161,16205.0,10.932489972230792,105608,66.7
2023-03-24,ABCAPITAL,144.05,-6.552059682127793,2259923,575395.0,3.9276027772226034,1753564,30.97
2023-03-24,TATAPOWER,192.75,-3.673163418290852,8535115,2181355.0,3.912758354325637,5625455,53.31
2023-03-24,APOLLOTYRE,306.05,-1.2423362374959555,1344905,382203.0,3.518823766427788,990964,49.42
2023-03-24,IDFC,78.9,-1.804604853764765,5078195,2134313.0,2.3793112818972664,3721942,46.8
2023-03-27,ABBOTINDIA,21426.75,1.4096805796799574,9279,1369.0,6.777940102264426,7630,56.93
2023-03-27,TATACONSUM,699.35,-0.42713746707482025,3040085,466163.0,6.521506425863914,1841080,82.27
2023-03-27,GRANULES,283.65,0.46042146272355394,963159,315301.0,3.054728656109559,544977,70.67
2023-03-27,ABCAPITAL,146.0,1.3536966331134943,5151811,2259923.0,2.279640058532968,2259923,45.63
2023-03-27,LUPIN,658.75,2.9296875,539523,258135.0,2.0900807716892325,449784,13.61
2023-03-28,SUNTV,397.95,-2.832376999145409,1296851,177359.0,7.3120112314571015,354367,64.72
2023-03-28,EICHERMOT,2852.4,-1.148827779799348,872768,173387.0,5.033641507148748,644324,80.86
2023-03-28,UBL,1406.7,-0.5092297899427148,377592,76811.0,4.915858405697101,194787,71.25
2023-03-28,BANDHANBNK,187.45,-5.232558139534895,6848223,1572182.0,4.355871648447826,4235087,26.0
2023-03-28,IPCALAB,791.55,0.1898614011771407,414824,120827.0,3.433206154253602,377722,81.1
2023-03-28,PAGEIND,37889.15,1.0509373224768115,33608,9945.0,3.37938662644545,23930,61.58
2023-03-28,EXIDEIND,173.15,0.34772529701535454,961201,358685.0,2.6797914604736746,846248,54.74
2023-03-29,ABB,3391.45,1.5814775433183987,636143,52596.0,12.094893147767891,623090,61.7
2023-03-29,BHEL,70.3,0.2853067047075647,12896117,1955438.0,6.595001733626942,9864127,60.71
2023-03-29,CANBK,281.05,2.1442849354897455,8670498,1586340.0,5.4657248761299595,3246804,55.28
2023-03-29,MPHASIS,1718.2,2.941705110538622,1999983,443424.0,4.510317438839576,978183,66.62
2023-03-29,ONGC,149.35,1.4605978260869605,15130121,3441737.0,4.396071227987496,11424294,63.01
2023-03-29,COALINDIA,212.95,1.9387266634753388,10889706,2758646.0,3.947482206850752,9435881,65.07
2023-03-29,APOLLOTYRE,311.5,1.416246133810849,1437322,402343.0,3.5723797854069788,1344905,49.91
2023-03-29,BHARATFORG,757.3,0.9464142895227817,895492,250738.0,3.571425152948496,676191,66.77
2023-03-29,ICICIBANK,851.0,-0.4387247733255338,14767286,5246179.0,2.814865066556059,10412171,42.34
2023-03-29,BEL,91.55,1.3842746400885937,22826102,8322910.0,2.7425626373467935,8695805,63.22
2023-03-29,PAGEIND,38171.8,0.7459919264486046,86504,33608.0,2.5739109735777195,33608,66.57
2023-03-31,ALKEM,3396.1,2.9027664151743697,163866,28366.0,5.77684551928365,120170,66.01
2023-03-31,NESTLEIND,19704.5,3.419680416943304,98135,25043.0,3.9186599049634627,90525,66.11
2023-03-31,VEDL,274.45,-2.590949423247564,27855469,8396994.0,3.3173143865530927,13539022,67.02
2023-03-31,ASIANPAINT,2761.65,-0.3194369247428229,1426542,639190.0,2.231796492435739,1110569,72.49
2023-03-31,APOLLOHOSP,4310.9,-1.1941324776529993,246454,115415.0,2.1353723519473204,201605,52.93
2023-04-03,WHIRLPOOL,1326.75,0.8897000114064139,151921,32531.0,4.6700378100888384,70649,64.67
2023-04-03,ESCORTS,1872.35,-0.9888686179635677,70861,28930.0,2.449395091600415,68718,21.86
2023-04-03,FEDERALBNK,133.15,0.642479213907781,11736752,5167014.0,2.2714767175006685,6394506,70.79
2023-04-05,JKCEMENT,2951.15,1.3096464126330274,439031,12329.0,35.609619596074296,121215,77.27
2023-04-05,CUB,125.0,-2.496099843993751,4901196,230257.0,21.285763299269945,4845085,74.6
2023-04-05,ABFRL,206.9,-3.9015327450069694,4363340,264349.0,16.505982621458752,1824404,75.22
2023-04-05,COFORGE,4079.2,5.91610733898503,351254,48134.0,7.297419703328209,323921,41.52
2023-04-05,ASHOKLEY,134.75,-4.432624113475177,17880960,2795548.0,6.3962271440161285,7339167,72.29
2023-04-05,CROMPTON,300.0,0.20040080160321402,4459296,1113893.0,4.00334322955616,3840098,89.8
2023-04-05,LTTS,3652.5,6.324139436722217,286714,72818.0,3.9374055865308026,247850,30.71
2023-04-05,BSOFT,267.45,0.281214848143982,994509,283281.0,3.5106802079913586,991254,52.77
2023-04-05,BANKBARODA,167.0,-1.3002364066193788,14125396,4791135.0,2.9482358564306788,12017268,40.52
2023-04-05,BHARATFORG,758.3,-1.6727178423236633,1475130,555238.0,2.6567525997860377,895492,60.28
2023-04-05,HDFC,2705.95,2.928925997071074,3479473,1319761.0,2.6364417496804347,3331867,59.07
2023-04-05,BHEL,68.1,-2.4355300859598894,18792189,8122789.0,2.313514360646325,12896117,56.57
2023-04-06,MUTHOOTFIN,1020.15,3.0714826976509197,1070230,84777.0,12.624060771199735,504633,62.63
2023-04-06,DLF,382.9,4.318212777550733,3112102,797205.0,3.9037662834528133,2186741,34.85
2023-04-06,LICHSGFIN,336.7,2.5430181209075577,1329739,347292.0,3.828878868502586,1177043,45.93
2023-04-06,MFSL,634.05,2.447891420261751,1528758,430146.0,3.5540444407247773,1087410,80.94
2023-04-06,CHOLAFIN,841.4,7.506548265508209,2981656,1037315.0,2.8743978444349114,1264441,24.49
2023-04-06,IGL,462.45,4.249323715058603,2732398,1002822.0,2.724708871564445,1778656,42.59
2023-04-06,SBICARD,750.65,1.4254830428320435,1107852,415742.0,2.6647584319120994,842479,68.07
2023-04-10,TATAMOTORS,461.3,5.403861533188629,17897963,4023453.0,4.448408618169518,5126597,35.47
2023-04-10,NAVINFLUOR,4267.75,0.27961511801401917,72554,23072.0,3.1446775312066575,62032,54.43
2023-04-10,ALKEM,3372.55,-0.9719143188524925,200951,72343.0,2.7777532034889347,163866,81.58
2023-04-10,DLF,405.5,5.902324366675379,8458217,3112102.0,2.7178469728819943,3112102,40.96
2023-04-10,DELTACORP,194.85,1.8025078369905898,1427152,531804.0,2.6836052380200224,1030795,41.64
2023-04-10,ABBOTINDIA,22831.65,-0.21546308173392834,12790,4913.0,2.603297374313047,9279,67.35
2023-04-10,GODREJPROP,1228.35,9.15270804638557,875418,368589.0,2.3750518870611983,391423,20.24
2023-04-11,JSWSTEEL,713.6,3.645606390704433,1313665,108887.0,12.064479689953805,786217,32.22
2023-04-11,IPCALAB,829.0,-0.5160206408256276,535986,52882.0,10.13550924700276,414824,81.03
2023-04-11,UBL,1369.55,-2.035050071530762,429939,89334.0,4.812714084223252,377592,70.7
2023-04-11,EXIDEIND,184.95,1.9289060347203086,2105776,561439.0,3.750676386927164,966893,67.67
2023-04-11,CONCOR,591.85,2.51147484195029,2429747,662396.0,3.668118466898955,872088,51.35
2023-04-11,BATAINDIA,1389.2,-1.054131054131051,553402,179299.0,3.086475663556406,531488,72.11
2023-04-11,CANFINHOME,574.95,-1.236794640556546,700305,251382.0,2.7858199871112492,399203,62.1
2023-04-11,SHREECEM,26201.4,0.7717085084084169,33289,14441.0,2.3051727719687003,27062,72.63
2023-04-11,NAVINFLUOR,4477.75,4.9206256224005624,154379,72554.0,2.12778068748794,72554,31.73
2023-04-11,DALBHARAT,2001.2,0.8847326897386109,206092,100826.0,2.044036260488366,201190,53.9
2023-04-12,DIVISLAB,3212.1,9.727227697405503,753992,53801.0,14.014460697756547,380703,17.44
2023-04-12,LAURUSLABS,323.1,6.969044860122501,4725686,603763.0,7.8270546555519305,2054594,31.41
2023-04-12,TORNTPHARM,1587.65,1.9292501284026826,424993,92847.0,4.577347679515762,271571,75.16
2023-04-12,METROPOLIS,1294.8,4.808159300631363,204421,47489.0,4.304596854008297,177161,26.02
2023-04-12,LUPIN,679.55,2.9231351760696636,652805,180028.0,3.6261303797187106,539523,28.06
2023-04-12,BALRAMCHIN,412.8,-0.6019744762822056,1346449,375204.0,3.588578479973561,1196597,24.89
2023-04-12,AUROPHARMA,561.6,3.4921219939187407,1756889,510008.0,3.4448263556650094,1501264,57.1
2023-04-12,BALKRISIND,2049.55,3.023524680808288,355988,132639.0,2.6838863381056854,194962,64.51
2023-04-12,OBEROIRLTY,906.7,0.571238422716443,1455241,552336.0,2.634702427507894,632926,66.26
2023-04-12,MARICO,477.3,-0.5417795374036187,1861435,756710.0,2.4599053798681134,1731379,83.13
2023-04-12,ASIANPAINT,2786.75,1.196528433437425,1433428,632024.0,2.267996152044859,1426542,64.12
2023-04-12,ALKEM,3340.6,0.2716453302516764,238318,106362.0,2.240631052443542,200951,70.17
2023-04-12,SUNPHARMA,1016.7,0.7381719098340397,2352525,1085560.0,2.167107299458344,1935101,72.47
2023-04-12,DIXON,2926.4,-1.4215455096678506,539578,250104.0,2.1574145155615265,258158,67.09
2023-04-13,AUBANK,679.2,17.07317073170733,6907776,645902.0,10.694774129821552,1778200,22.42
2023-04-13,DABUR,527.15,1.8352168453588331,5190038,1546358.0,3.3562978301273056,2617741,60.23
2023-04-13,HDFC,2786.85,0.635551142005955,4463723,1892116.0,2.3591169885990078,3479473,85.98
2023-04-13,INFY,1389.2,-2.7375201288244706,7035510,3112201.0,2.2606219842484467,6571749,62.44
2023-04-13,ACC,1767.55,0.5432309442548324,460565,206807.0,2.2270280986620374,348005,71.1
2023-04-17,KOTAKBANK,1895.15,1.3720246055094993,8407742,1788759.0,4.700321284197591,6300354,81.2
2023-04-17,INFY,1258.3,-9.422689317592866,30938494,7035510.0,4.397477084106199,7035510,58.19
2023-04-17,HCLTECH,1042.2,-2.766245276857757,6586221,1866237.0,3.5291450121286845,3233746,69.26
2023-04-17,ZEEL,203.85,-2.0658179197694024,4025002,1242676.0,3.238979428266097,3213299,23.64
2023-04-17,JUBLFOOD,431.0,-0.9536941284614449,1738188,591305.0,2.9395794048756563,1491987,40.51
2023-04-17,BAJAJ-AUTO,4254.35,-0.7928457332074108,520253,210595.0,2.4703957833756736,512360,72.36
2023-04-17,LT,2214.0,-1.9811842833425568,3195858,1386657.0,2.304721355028677,2016287,77.46
2023-04-17,CUMMINSIND,1498.65,-3.2317427519855335,691072,311671.0,2.217312486564358,592684,66.12
2023-04-18,TATACHEM,932.1,-5.9292526618559815,2610694,268759.0,9.713884930365122,339939,42.04
2023-04-18,LUPIN,698.55,6.13841829370204,942224,150835.0,6.246719925746677,652805,17.56
2023-04-18,APOLLOTYRE,332.2,2.1054249270016796,1791145,382850.0,4.67845109050542,1437322,36.3
2023-04-18,TATACOMM,1212.7,-2.535664054651393,166234,58850.0,2.824706881903144,138751,16.57
2023-04-18,ESCORTS,1979.3,-0.2142623074790149,168855,77013.0,2.1925519068209263,163989,36.8
2023-04-18,PFC,161.75,-2.206771463119713,7283208,3457769.0,2.1063315681296233,4718034,38.44
2023-04-18,IDFCFIRSTB,56.5,2.4478694469628315,14215547,7065190.0,2.012054452888033,10556366,35.04
2023-04-19,IPCALAB,829.85,0.024106550955227565,705503,125728.0,5.6113435352506995,535986,74.33
2023-04-19,ZEEL,198.05,-2.8213935230618254,7184015,1551244.0,4.631131530565146,4025002,55.12
2023-04-19,GLENMARK,512.0,1.3961778393900408,2130488,744873.0,2.8602030144736084,857235,53.75
2023-04-19,ATUL,6925.15,-2.7755743838491718,32414,11868.0,2.731209976407145,22453,59.5
2023-04-19,LALPATHLAB,1903.9,0.2791530601495935,238834,94653.0,2.52325863945147,107328,65.94
2023-04-19,ICICIPRULI,445.6,-0.9557679484329751,3103769,1374346.0,2.258360703927541,1751269,73.3
2023-04-19,MARICO,468.15,-2.489064778171224,1864517,888709.0,2.098006209006548,1861435,65.78
2023-04-20,COFORGE,3813.45,-2.2680967208703344,421165,96697.0,4.355512580535073,351254,46.91
2023-04-20,CIPLA,904.0,-0.8663230617392234,3605166,987312.0,3.651496183577228,2817114,81.08
2023-04-20,TVSMOTOR,1127.95,-3.6063752510361957,1557836,683062.0,2.2806655911176437,1412373,60.1
2023-04-21,RAMCOCEM,725.55,-1.9725731270688405,362871,22475.0,16.145539488320356,341165,49.44
2023-04-21,IDEA,6.45,6.61157024793389,53849674,8640580.0,6.23218279328471,38115802,16.5
2023-04-21,TECHM,998.75,-2.2558230573497706,2455685,573133.0,4.28466865457058,2170400,57.52
2023-04-24,HDFCLIFE,547.55,6.672511202026106,9458069,1859918.0,5.085207519901415,3212247,40.25
2023-04-24,AXISBANK,882.3,2.0944225873640256,6353757,1630103.0,3.8977641290151603,5932070,34.91
2023-04-24,WIPRO,377.95,2.6898519222931605,3232894,992715.0,3.256618465521323,2226128,36.37
2023-04-24,L&TFH,90.15,3.205495134516327,1843129,584983.0,3.1507394231969132,1808200,34.25
2023-04-25,IPCALAB,741.15,-10.32667876588022,2865122,132047.0,21.697743985096217,861355,36.19
2023-04-25,CROMPTON,259.45,-11.826677994902298,16410892,784441.0,20.920492427091393,4459296,53.23
2023-04-25,SHRIRAMFIN,1432.75,2.8830963665086955,1304190,220529.0,5.913916083598982,607650,56.89
2023-04-25,SIEMENS,3331.35,1.9197821697362787,219331,62797.0,3.49269869579757,197193,52.57
2023-04-25,UPL,714.65,-2.0826197163800844,1715506,520034.0,3.29883430698762,1159292,50.34
2023-04-25,BAJAJFINSV,1345.8,1.9738586853570717,1237940,547759.0,2.2600085073910243,873344,45.42
2023-04-26,GNFC,587.0,10.546139359698682,1645053,137439.0,11.969331849038483,408685,12.79
2023-04-26,ABBOTINDIA,22310.7,0.03968280658332014,30377,5672.0,5.355606488011284,13932,87.29
2023-04-26,MCX,1394.45,-6.264914462407154,380528,84163.0,4.521321720946259,188385,33.21
2023-04-26,GUJGASLTD,463.4,1.0136239782016299,1236930,434247.0,2.8484480030950126,1024952,51.61
2023-04-26,INDUSTOWER,143.0,3.6231884057971016,3962308,1935733.0,2.0469289927898116,2148371,32.14
2023-04-27,CUB,139.7,4.87987987987988,8207086,744671.0,11.021089850417164,4901196,28.05
2023-04-27,SYNGENE,649.85,4.075912876361314,767065,200522.0,3.825340860354475,510548,20.15
2023-04-27,DALBHARAT,1966.5,1.677826323000959,383021,109301.0,3.5042771795317518,353560,62.75
2023-04-27,ICICIGI,1066.1,-0.43892416884572705,818739,289503.0,2.828084683060279,764825,82.85
2023-04-27,IOC,80.45,2.5493945188017846,7532187,2751145.0,2.7378371550754323,5886760,44.21
2023-04-27,ZEEL,186.15,-1.7159450897571278,10516402,4043128.0,2.6010559151231423,9952923,59.51
2023-04-27,BAJFINANCE,6200.05,2.379478033999626,957182,389063.0,2.460223665576012,764908,33.86
2023-04-27,VOLTAS,808.4,-5.406037912473677,1298791,585080.0,2.219851986053189,661087,31.93
2023-04-28,PIIND,3384.5,10.39893009753075,641431,98925.0,6.484013141268638,466497,21.82
2023-04-28,LICHSGFIN,344.2,1.3097866077998495,1651169,259914.0,6.352751294659003,1329739,64.45
2023-04-28,ADANIENT,1924.95,3.8800895820404246,1623305,280008.0,5.797352218508043,1364789,26.36
2023-04-28,RECLTD,132.15,5.635491606714638,9823492,2076430.0,4.730952644683423,5632731,40.88
2023-04-28,TRENT,1367.75,-1.052593503580985,864019,201375.0,4.290597144630664,340165,47.57
2023-04-28,GODREJCP,907.5,-4.834312080536915,2993364,804694.0,3.7198786122426664,852640,54.32
2023-04-28,IDFCFIRSTB,61.45,3.36417157275021,28239242,8918589.0,3.166335168040595,14215547,41.85
2023-04-28,PNB,52.25,3.6706349206349236,17971516,5894148.0,3.04904389913521,12231838,30.68
2023-04-28,RAIN,162.4,2.7522935779816478,884840,309853.0,2.85567672412402,634065,43.2
2023-04-28,NTPC,172.0,0.614214682655754,16259785,5712351.0,2.8464261037180663,12997521,75.44
2023-04-28,INDHOTEL,339.1,-0.26470588235293446,5924404,2172101.0,2.727499319783012,2922632,45.07
2023-04-28,APOLLOHOSP,4513.7,2.177702320316917,354927,134503.0,2.638803595458837,350720,49.75
2023-04-28,TITAN,2641.85,-0.8109782425050184,1008358,388834.0,2.5932865953080233,700718,64.33
2023-04-28,AMBUJACEM,396.5,1.9804526748971163,6721718,2621567.0,2.5640077098925946,6677014,60.94
2023-04-28,LAURUSLABS,307.6,5.324430748159566,5179650,2031844.0,2.549236063398568,4725686,32.67
2023-04-28,WIPRO,385.0,2.8311965811965876,4499196,1767682.0,2.545251917482896,3232894,32.47
2023-04-28,MRF,89006.8,1.773350911716658,2647,1115.0,2.3739910313901347,2150,34.74
2023-04-28,L&TFH,92.55,1.871216290588886,2381089,1025599.0,2.321656904891678,1843129,39.3
2023-04-28,INDUSTOWER,155.0,7.007248878149815,7651595,3447147.0,2.2196892096565652,3962308,16.59
2023-04-28,GAIL,107.3,-1.8298261665141813,9463316,4356745.0,2.1721069284523193,9238796,49.01
2023-05-02,ATUL,6591.55,-4.075470050643229,100359,18082.0,5.550215684105741,32414,40.65
2023-05-02,COFORGE,4130.65,-1.2868921018042865,644681,139967.0,4.605949973922424,421165,55.64
2023-05-02,M&MFIN,266.3,2.8185328185328227,7297925,1681632.0,4.339787182927061,4119966,34.08
2023-05-02,RBLBANK,154.6,-4.449938195302853,4310625,1741846.0,2.4747451841322365,3038689,25.9
2023-05-02,IBULHSGFIN,112.95,4.9233627496516466,3402513,1449561.0,2.3472713462903596,2398306,21.56
2023-05-02,IDFC,90.65,3.246013667425978,7474865,3488322.0,2.142825404306139,4051156,37.55
2023-05-03,MRF,93559.8,5.601663263613071,6991,1042.0,6.709213051823417,2647,14.81
2023-05-03,MANAPPURAM,113.95,-12.143407864302226,10920854,1942608.0,5.621748700715739,4943403,17.9
2023-05-03,DEEPAKNTR,1952.2,3.004880622609157,309337,90220.0,3.42869651961871,219764,38.09
2023-05-03,BRITANNIA,4527.1,0.35579299719577884,348865,144625.0,2.4122039757994815,342065,66.45
2023-05-03,HAVELLS,1241.3,1.2810052219321186,734252,323216.0,2.271706846195733,408159,34.36
2023-05-03,INDIGO,2164.1,4.677372545225879,1231564,585227.0,2.104421019536009,585227,29.85
2023-05-04,MUTHOOTFIN,1047.3,2.7671474830732934,1927942,136313.0,14.1434932838394,1070230,68.79
2023-05-04,GRANULES,303.6,1.3013013013013128,788335,204368.0,3.8574287559696234,542856,26.85
2023-05-04,L&TFH,95.9,3.507825148407987,5273499,1389259.0,3.795907746503712,3751456,44.3
2023-05-04,CHOLAFIN,950.2,7.173471689600724,4075583,1085264.0,3.755383943446019,2981656,33.03
2023-05-04,SBILIFE,1167.45,2.6871316738499385,1496144,453511.0,3.2990247204588203,1056584,62.08
2023-05-04,AARTIIND,552.25,0.09969186151893321,456400,159210.0,2.8666541046416683,436408,57.73
2023-05-04,INDIAMART,6040.2,5.319872364910803,115740,50836.0,2.276733023841372,95534,23.23
2023-05-04,COROMANDEL,974.55,3.4279649774475938,393669,188444.0,2.0890503279488866,342785,44.05
2023-05-05,FEDERALBNK,127.75,-8.357245337159258,17952858,4639815.0,3.8693047028814727,7135041,34.41
2023-05-05,M&M,1211.2,-1.664366322968255,3585036,958516.0,3.740194216893615,3131847,75.42
2023-05-05,INDIACEM,191.2,0.817295017136822,1577633,464036.0,3.399807342533769,948373,41.0
2023-05-05,NATIONALUM,79.95,-3.5585042219541645,5162371,1699197.0,3.038123890284646,4538763,48.21
2023-05-05,INDUSINDBK,1073.3,-5.402785122510132,4055214,1422432.0,2.8509018357292297,2401832,47.68
2023-05-05,HDFCBANK,1625.65,-5.912142609098268,17089608,6563905.0,2.6035733302051143,7869001,54.45
2023-05-05,RAIN,157.0,-3.5922628185446697,947621,366925.0,2.582601349049533,884840,43.19
2023-05-05,HDFC,2702.3,-5.581663492950857,5821283,2544327.0,2.287946085546394,4463723,65.97
2023-05-08,ABFRL,205.95,-3.8515406162464987,9971443,1064199.0,9.369904500943903,2279024,40.22
2023-05-08,TATACOMM,1228.2,-0.29630230953442904,311028,49932.0,6.22903148281663,213823,69.79
2023-05-08,GRASIM,1778.35,1.4750356633380832,538616,157643.0,3.416681996663347,453337,71.25
2023-05-08,CANBK,313.2,-1.6794851671637177,5147954,1569141.0,3.2807465995726326,2366756,18.48
2023-05-08,AARTIIND,555.05,1.9375573921028382,853263,298252.0,2.8608793905824603,456400,57.1
2023-05-08,BRITANNIA,4598.4,-0.596627756160838,399830,187100.0,2.136985569214324,348865,48.09
2023-05-09,MGL,1073.9,7.432973189275717,931724,77858.0,11.966965501297233,423436,13.65
2023-05-09,ALKEM,3618.05,2.98152733896906,399519,73197.0,5.458133530062708,238318,67.62
2023-05-09,BSOFT,308.25,7.124239791485665,3545029,769981.0,4.604047372597505,1291524,17.53
2023-05-09,SUNPHARMA,957.45,-0.4574517856214563,5372926,1895650.0,2.8343449476432885,2352525,77.84
2023-05-09,VEDL,283.75,1.6660695091365019,5167306,1979065.0,2.610983469466642,4341584,43.3
2023-05-09,TATACOMM,1299.7,5.821527438527927,771584,311028.0,2.4807541443214114,311028,44.34
2023-05-09,INTELLECT,464.35,1.5638670166229298,238632,102173.0,2.3355681050766837,155813,28.94
2023-05-09,APOLLOTYRE,381.6,1.4219269102990093,3138366,1413029.0,2.221020233838088,1791145,47.66
2023-05-09,UPL,694.4,-2.935420743639922,4368799,2141272.0,2.0402821313686443,2635035,54.4
2023-05-10,AARTIIND,507.25,-8.964465183058156,3291830,426602.0,7.71639607878069,853263,39.2
2023-05-10,RAIN,149.75,-4.496173469387762,1801107,723604.0,2.4890782803854044,947621,18.88
2023-05-10,PNB,48.5,-3.482587064676617,31191652,14592401.0,2.1375270594606057,17971516,32.97
2023-05-11,ADANIENT,1984.65,4.888618767011073,1816120,267870.0,6.779855900250121,1623305,20.55
2023-05-11,SUNTV,436.0,0.28752156411730884,304596,47137.0,6.461930118590492,197799,45.4
2023-05-11,LT,2242.15,-5.172450252701463,6449975,1006405.0,6.408925830058475,3195858,68.1
2023-05-11,DRREDDY,4532.0,-6.888829535882319,1116028,209349.0,5.3309449770478965,461655,40.1
2023-05-11,HINDALCO,420.85,-3.5742925879252985,5713322,1406236.0,4.062847203456603,3931860,51.56
2023-05-11,GUJGASLTD,488.25,5.487739008318025,2896011,816898.0,3.54513170554953,1236930,29.12
2023-05-11,SBICARD,865.65,5.022747952684256,1652456,544546.0,3.034557227488587,1103572,45.7
2023-05-11,ACC,1786.15,1.9986865773919993,546224,188895.0,2.891680563275894,484862,48.78
2023-05-11,ESCORTS,2069.7,1.0817806646968262,207856,87281.0,2.3814575909991866,168855,44.34
2023-05-11,IDEA,7.15,5.925925925925931,64277745,27796535.0,2.312437323572884,63080257,31.73
2023-05-12,EICHERMOT,3626.35,6.491351716442008,1339508,200625.0,6.6766753894081,592011,36.55
2023-05-12,INTELLECT,531.35,13.925814751286461,941625,150729.0,6.247138904922079,238632,6.75
2023-05-12,INDHOTEL,357.6,-2.174805088223222,7660928,1640809.0,4.668994380211225,5924404,62.33
2023-05-12,BHARATFORG,757.55,-2.653559496273463,1296192,479243.0,2.704665482855253,1267885,68.62
2023-05-12,DELTACORP,217.7,3.3713200379867017,2164556,887230.0,2.439678550094113,1752716,29.89
2023-05-12,POLYCAB,3388.95,4.750792056255307,359279,156120.0,2.3013002818344863,156120,23.18
2023-05-12,NAVINFLUOR,4748.0,0.5005979658577293,326754,142081.0,2.2997726648883385,142081,54.96
2023-05-12,PVRINOX,1447.1,-0.4779753103400878,125163,,,0,70.09
2023-05-15,DLF,468.15,7.386168138547997,5719970,675874.0,8.46307151924767,3285371,20.34
2023-05-15,OBEROIRLTY,986.9,4.866645414939959,688602,118434.0,5.814225644662851,587060,39.12
2023-05-15,GODREJPROP,1388.5,3.7510274228498877,758636,150987.0,5.024512044083266,456221,30.61
2023-05-15,COLPAL,1673.65,2.823001781655099,519068,164701.0,3.1515777074820432,223196,34.73
2023-05-15,PVRINOX,1465.05,1.2404118581991601,387233,125163.0,3.0938296461414314,125163,53.48
2023-05-15,NAUKRI,3975.15,2.3784382404450373,185683,69587.0,2.6683575955279,128084,40.14
2023-05-15,TATAMOTORS,530.85,2.8878767322414918,12137208,4829634.0,2.5130699344919303,9211364,31.71
2023-05-15,ASTRAL,1595.65,1.407689863361938,398606,173306.0,2.3000126943094874,240063,42.72
2023-05-15,SUNTV,448.8,3.1724137931034506,369587,164658.0,2.244573601039731,304596,28.68
2023-05-16,BSOFT,328.35,6.3998703823720025,6020610,638643.0,9.427191717438381,3545029,35.66
2023-05-16,MFSL,681.6,1.4436672123828018,1268326,215665.0,5.8810006259708345,899279,55.25
2023-05-16,JUBLFOOD,466.7,-0.5010126852148007,3997265,786562.0,5.081945224915518,1738188,71.12
2023-05-16,LICHSGFIN,394.7,3.3787323205866886,3156337,731226.0,4.316499960340579,1651169,43.29
2023-05-16,IOC,87.0,3.3254156769596164,14333369,3718795.0,3.854304687405463,7532187,32.36
2023-05-16,EXIDEIND,194.75,2.257810448936735,4149219,1140479.0,3.6381371336078963,2131522,65.68
2023-05-16,RECLTD,132.65,-2.713604693802705,11794696,3759787.0,3.137064945434409,9823492,62.58
2023-05-16,ASTRAL,1686.5,5.6936044871995675,1030991,398606.0,2.586491422607788,398606,17.07
2023-05-16,TATAPOWER,211.35,1.5373528705260575,7754429,3246869.0,2.388278985077624,6066467,42.61
2023-05-16,L&TFH,99.0,0.8660213958227145,5426005,2434070.0,2.2291902040615104,5273499,33.93
2023-05-17,METROPOLIS,1296.65,-0.9018304100271278,398998,59425.0,6.714312158182583,151774,33.55
2023-05-17,JINDALSTEL,532.1,-5.049964311206273,3878226,781102.0,4.965069862834816,994489,43.92
2023-05-17,OBEROIRLTY,914.9,-6.1785366353894275,1113226,242242.0,4.595511926090438,688602,34.71
2023-05-18,BHARTIARTL,799.35,0.8961817608078286,6811895,2340931.0,2.909908493671962,4415747,59.84
2023-05-18,COROMANDEL,943.0,-3.7509568767542736,840956,303680.0,2.7692175974710223,393669,60.68
2023-05-18,ITC,419.7,-1.8475210477081463,11658722,5154002.0,2.262071687205399,9254924,48.59
2023-05-18,GNFC,602.35,-8.00305460099274,1656132,746125.0,2.219644161501089,1645053,24.65
2023-05-18,MOTHERSON,78.65,0.7687379884689411,9424096,4383743.0,2.1497829594481246,8387043,62.3
2023-05-19,RAMCOCEM,843.9,7.970829068577272,1346478,238484.0,5.6459888294392915,362871,19.74
2023-05-19,ABCAPITAL,163.9,-0.5461165048543724,2777077,691836.0,4.01406836302245,2520302,35.55
2023-05-19,PERSISTENT,4888.2,2.9474016743010543,188566,55464.0,3.399790855329583,158781,37.05
2023-05-19,INFY,1268.9,1.837881219903699,8041939,3669257.0,2.1917077490074965,7499480,72.49
2023-05-19,SIEMENS,3722.7,-2.85863396177181,412040,197293.0,2.088467406344878,328388,55.88
2023-05-22,SIEMENS,3399.7,-8.676498240524351,2584216,412040.0,6.271760023298709,412040,52.36
2023-05-22,ADANIPORTS,729.7,6.045632902194452,6733805,1480263.0,4.54905986301083,1837164,22.29
2023-05-22,ACC,1813.4,4.878401434313648,641254,147885.0,4.336166615951584,546224,28.72
2023-05-22,DIXON,3231.55,6.46383448366746,457119,176859.0,2.584652180550608,373974,29.32
2023-05-22,BEL,110.45,3.2242990654205634,11822545,5078914.0,2.327770267423311,8057133,42.3
2023-05-22,ADANIENT,2326.1,18.91822806165486,3064468,1345520.0,2.2775343361674296,1816120,11.65
2023-05-22,BALKRISIND,2291.05,6.61253170152867,225604,107805.0,2.0927044200176246,212106,36.38
2023-05-23,DELTACORP,235.85,6.1431143114311455,4119417,391005.0,10.535458625848774,2298729,34.36
2023-05-23,JSWSTEEL,704.1,-0.0709622480840193,674384,205049.0,3.2888919233939204,670390,29.01
2023-05-23,IOC,89.0,2.1227768215719958,15226546,5219298.0,2.917355169220075,14333369,55.59
2023-05-23,VEDL,288.35,0.2956521739130514,11876701,4520095.0,2.6275334921058073,5167306,59.94
2023-05-23,BALKRISIND,2408.95,5.146112044695647,525681,225604.0,2.3301049626779666,225604,42.17
2023-05-23,BANDHANBNK,253.8,4.724571900144427,6633705,3132008.0,2.1180357776863916,3558808,41.2
2023-05-24,DEEPAKNTR,2135.1,9.489500269223864,676610,55639.0,12.160714606660795,309337,16.99
2023-05-24,BIOCON,243.0,0.35102209374354504,5566067,467466.0,11.906891624203686,3302455,31.4
2023-05-24,DIXON,3514.3,7.285576908399863,646675,184066.0,3.513277845990025,457119,17.64
2023-05-24,CUMMINSIND,1595.3,-5.306582774381201,868168,345333.0,2.514002426643269,620457,35.62
2023-05-25,WHIRLPOOL,1426.15,2.8968253968254034,130551,41654.0,3.134176789744082,114793,31.8
2023-05-25,IBULHSGFIN,111.55,-0.40178571428571686,4880154,1928042.0,2.5311450684165595,3402513,48.59
2023-05-26,PAGEIND,37501.3,-8.802003854501674,140568,7482.0,18.78748997594226,15517,33.79
2023-05-26,HDFCAMC,1855.75,5.198265355290386,651460,86416.0,7.5386502499537125,247046,45.3
2023-05-26,NATIONALUM,84.6,5.027932960893851,10781490,2155952.0,5.0008024297386955,5162371,35.54
2023-05-26,HINDCOPPER,106.9,3.937773456490045,3271169,699017.0,4.679670165389397,2437715,45.9
2023-05-26,NAUKRI,4197.75,7.62495673465202,213733,51977.0,4.1120687996613885,185683,12.68
2023-05-26,MCDOWELL-N,858.65,2.0622845596101302,1167016,313867.0,3.7181863655624836,861953,66.68
2023-05-26,SAIL,82.1,-0.18237082066869992,9535307,3792693.0,2.5141257148944036,7366701,35.75
2023-05-26,GRASIM,1688.3,-0.7670379404590446,755417,358178.0,2.1090547158116912,544384,38.96
2023-05-26,ONGC,163.75,-1.355421686746988,8795271,4267887.0,2.060802218990334,8485960,59.13
2023-05-29,CUB,125.65,-9.863701578192252,11573837,1005914.0,11.505791747604666,3307674,48.33
2023-05-29,ICICIGI,1190.95,8.273103322878313,3048662,418446.0,7.285676049000349,666570,36.97
2023-05-29,BOSCHLTD,18296.0,-3.4088809346574,33978,5362.0,6.336814621409921,26680,54.24
2023-05-29,GMRINFRA,40.55,-9.888888888888896,18674597,3069181.0,6.0845538272262205,4455506,41.36
2023-05-29,IRCTC,645.75,3.4275646672539404,1360373,344867.0,3.94463082869628,694077,33.84
2023-05-29,CHAMBLFERT,285.8,-0.2791346824843026,1003396,293111.0,3.423262859462797,994985,24.62
2023-05-29,COALINDIA,246.1,1.9047619047619024,4252137,1269624.0,3.3491309238010625,4177963,52.69
2023-05-29,AUBANK,790.4,1.567720380364936,1513473,505448.0,2.9943198904734016,1340500,57.65
2023-05-29,ONGC,159.0,-2.900763358778626,25122830,8795271.0,2.85640203695827,8795271,58.08
2023-05-29,NAUKRI,4207.1,0.22273837174677777,429332,213733.0,2.0087305189184637,213733,36.82
2023-05-30,SHREECEM,25586.95,1.2889255720695931,18840,6163.0,3.0569527827356806,14171,34.3
2023-05-30,BERGEPAINT,648.85,1.2325454403619591,406172,145457.0,2.792385378496738,381002,49.54
2023-05-30,JSWSTEEL,704.6,0.34178296781543394,1334365,584122.0,2.2843943559735806,674384,40.22
2023-05-30,HINDCOPPER,111.1,2.0202020202020097,4307305,2096426.0,2.0545943429436573,3271169,41.75
2023-05-31,INDUSTOWER,153.85,-1.8500797448165907,70836173,2664022.0,26.58993544347607,7651595,77.54
2023-05-31,COLPAL,1591.45,0.03771568658265308,2357425,99895.0,23.599028980429452,519068,84.06
2023-05-31,BPCL,363.5,0.8601553829078864,9468365,583409.0,16.229377675010156,2054184,81.57
2023-05-31,DIVISLAB,3443.6,-0.41642567958357696,1332016,107673.0,12.370937932443603,272302,71.57
2023-05-31,KOTAKBANK,2014.35,2.007899934167208,61186415,5084256.0,12.034487445164052,5084256,69.06
2023-05-31,PETRONET,225.85,0.6910387873383784,6246930,528212.0,11.82655827584379,2948756,89.44
2023-05-31,NESTLEIND,21673.1,0.4572538349760843,350222,30456.0,11.499277646440767,116890,82.45
2023-05-31,BHARTIARTL,849.9,3.8426293603763124,39253192,3572341.0,10.988086523654937,6811895,82.91
2023-05-31,BRITANNIA,4657.05,1.8323949051549813,1264713,116010.0,10.901758469097492,399830,82.31
2023-05-31,HINDPETRO,260.9,1.5570260801868434,7354993,680988.0,10.800473723472367,2641989,73.33
2023-05-31,ABB,4125.9,2.3898153662894512,903702,85726.0,10.541749294263118,340853,77.29
2023-05-31,TVSMOTOR,1302.8,1.5670070944102215,2614567,255728.0,10.224015360070075,1516950,78.12
2023-05-31,PIIND,3616.8,4.172007085355502,1434421,141590.0,10.130807260399745,641431,69.57
2023-05-31,JSWSTEEL,696.3,-1.17797331819473,12420058,1334365.0,9.307841557594811,1334365,83.12
2023-05-31,POLYCAB,3423.5,-1.6998305912079656,1403001,151333.0,9.270952138661098,359279,77.84
2023-05-31,TORNTPHARM,1835.8,7.134311808817952,2010811,237517.0,8.465966646597927,408408,43.16
2023-05-31,SHREECEM,25165.2,-1.6483011847836495,158714,18840.0,8.424309978768578,18840,76.19
2023-05-31,ONGC,154.9,-2.4866225999370406,67090380,7982507.0,8.404675373288116,25122830,80.12
2023-05-31,INDHOTEL,389.7,1.1026073420677132,13362555,1594198.0,8.381992073757463,7660928,76.72
2023-05-31,AXISBANK,914.85,-2.410795242412931,25329630,3179529.0,7.966472392609094,10524858,72.88
2023-05-31,CANFINHOME,707.2,2.4482109227872075,900616,113675.0,7.92272707279525,416682,65.1
2023-05-31,HINDALCO,405.9,-1.7429193899782245,17663851,2307542.0,7.654834018189051,6232153,76.98
2023-05-31,MOTHERSON,79.05,-0.5660377358490603,22247198,2906319.0,7.6547681104517435,9752124,79.08
2023-05-31,HAL,3117.05,0.48031204164853697,7838943,1112551.0,7.04591789499987,1112551,66.69
2023-05-31,HDFC,2640.4,-1.9659531809827842,14652872,2292087.0,6.3928079518796626,5821283,85.27
2023-05-31,ACC,1777.2,-1.1788256227758032,835437,131103.0,6.372371341616897,641254,60.83
2023-05-31,NTPC,173.85,-1.6685520361991046,33889558,5428116.0,6.243337098912403,16259785,81.1
2023-05-31,AUBANK,776.9,0.09663080590092121,2672833,465596.0,5.740670022938342,1513473,69.61
2023-05-31,HAVELLS,1307.95,1.5213257267047107,1426234,252126.0,5.65683031500123,734252,68.95
2023-05-31,TATACONSUM,798.65,0.9798963206473638,1709539,306043.0,5.585943805282264,815390,77.64
2023-05-31,POWERGRID,233.85,-0.5316886431305827,28177682,5061345.0,5.5672320302212155,7133041,78.1
2023-05-31,ASIANPAINT,3192.95,1.544014756392308,1595686,287089.0,5.55815792315275,1110507,67.93
2023-05-31,GRASIM,1718.35,-0.3941686230182988,936012,176231.0,5.311278946382872,755417,77.2
2023-05-31,COALINDIA,241.25,-1.2484650020466685,9323196,1794677.0,5.194915853939177,4252137,59.28
2023-05-31,INDIGO,2372.5,0.04638610103735806,3183964,616941.0,5.160888966692115,1231564,80.99
2023-05-31,BANDHANBNK,268.0,0.1120657452372101,8122846,1574331.0,5.159554121719003,7642988,67.6
2023-05-31,TCS,3289.5,-0.8051384114347693,4724406,928751.0,5.086838129918568,1931718,81.24
2023-05-31,DLF,474.9,0.06321112515801822,7014842,1394100.0,5.031806900509289,5719970,69.72
2023-05-31,MARUTI,9367.7,-0.16678478368599312,1306888,261349.0,5.0005471610758025,652452,80.93
2023-05-31,ULTRACEMCO,7870.05,-0.40369782142382116,932852,189843.0,4.913807725330932,289765,82.0
2023-05-31,MPHASIS,1946.85,-1.4203250797508826,836013,181124.0,4.615694220533999,375326,68.93
2023-05-31,SBILIFE,1235.0,1.5708528661896461,1788028,390117.0,4.58331218583143,1496144,75.03
2023-05-31,NAUKRI,4073.85,0.2115491052210789,859529,188006.0,4.571816856908822,429332,61.55
2023-05-31,HDFCLIFE,592.35,1.2304537298128764,5015600,1134477.0,4.421068033992756,2352906,50.02
2023-05-31,HCLTECH,1145.1,0.8143680943786593,4575927,1140731.0,4.011398831100409,2523444,76.68
2023-05-31,HINDUNILVR,2667.55,0.41407088140633524,2590949,677594.0,3.823748439330927,2474321,76.47
2023-05-31,BAJFINANCE,6989.85,-0.22766850324016982,1569906,416873.0,3.7659095216049012,902981,73.1
2023-05-31,BAJAJ-AUTO,4567.15,-0.5389925738800933,574641,153882.0,3.734296408936718,362849,79.85
2023-05-31,INFY,1318.3,-0.4192317860784798,12903356,3562594.0,3.621899099364115,8041939,72.49
2023-05-31,RELIANCE,2469.9,-1.9861505188594906,8730857,2645328.0,3.3004818306085295,4054041,69.79
2023-05-31,SBIN,579.85,-2.1845479082321075,16050197,4892995.0,3.280239812221349,14209037,55.73
2023-05-31,SBICARD,916.95,-0.010904530832551013,3301075,1035522.0,3.187836665952051,1652456,77.86
2023-05-31,TECHM,1115.55,1.5613619810633523,5711802,1921222.0,2.9730046813954867,2073790,75.16
2023-05-31,DABUR,555.4,1.000181851245681,4190063,1451800.0,2.886115856178537,3394381,85.42
2023-05-31,M&M,1319.0,-0.7113553389288302,4673086,1735275.0,2.6929944821425997,3585036,83.01
2023-05-31,ICICIBANK,949.15,-0.08421495868204307,12163846,5095077.0,2.3873723596326415,7146365,44.63
2023-05-31,BERGEPAINT,650.45,0.2465901209832816,878665,406172.0,2.1632830426518814,406172,62.87
2023-05-31,APOLLOHOSP,4621.95,0.49574377874172804,680883,331368.0,2.0547638878829577,354927,41.13
2023-06-01,INDIACEM,210.9,4.225352112676061,2239333,900548.0,2.486633694150673,2091566,26.44
2023-06-01,NMDC,106.9,0.09363295880150611,7928402,3933638.0,2.0155393048368966,6407593,78.1
2023-06-02,HEROMOTOCO,2892.65,3.294172261105556,862856,264992.0,3.256158676488347,650673,41.27
2023-06-02,TATASTEEL,108.0,1.9348749410099075,30159023,11214399.0,2.689312463378555,25563029,64.6
2023-06-05,TATACHEM,995.55,2.6551866364198804,1094967,264382.0,4.141609489299574,600437,21.24
2023-06-05,L&TFH,105.05,-0.47370914258645197,15525119,4471405.0,3.472089645201005,5426005,63.39
2023-06-05,BEL,115.65,2.074139452780237,15647669,5357679.0,2.9206059190929503,11822545,44.44
2023-06-06,LTIM,4884.85,-1.1804094513675243,518992,67312.0,7.710244830045163,311047,56.41
2023-06-06,PERSISTENT,4981.05,-4.384339997504528,214775,28569.0,7.517764009940845,199039,28.27
2023-06-06,ADANIENT,2433.65,-0.012325643501293254,3377123,764332.0,4.418398025988706,3064468,52.17
2023-06-06,IEX,147.2,-3.91644908616188,4925638,1574036.0,3.12930453941333,4279316,44.2
2023-06-06,AMBUJACEM,459.15,4.5780662794670235,5368075,1817331.0,2.9538234917029422,5113783,35.68
2023-06-06,IPCALAB,748.05,3.13663311733076,770167,363237.0,2.1202878561380034,532343,50.96
2023-06-07,IDEA,7.65,8.51063829787235,82878055,10121576.0,8.188255959348623,64277745,38.0
2023-06-07,MANAPPURAM,113.0,2.8207461328480385,14570596,2529849.0,5.75947260093389,14550415,64.75
2023-06-07,TATACONSUM,823.1,3.9136472667592472,1841979,444776.0,4.141363292983434,1709539,46.38
2023-06-07,UBL,1501.6,4.176495074233371,498295,150259.0,3.3162406245216594,348763,41.5
2023-06-07,SAIL,84.75,1.8629807692307658,11138102,4540124.0,2.4532594263945215,10189264,60.86
2023-06-08,COROMANDEL,959.35,-0.6626973854517191,1219237,171465.0,7.110704808561514,840956,85.67
2023-06-08,IEX,136.45,-8.23806321452589,11732852,1801341.0,6.513398629132407,4925638,48.87
2023-06-08,TATACOMM,1414.25,-2.2126188418323247,1183972,491752.0,2.407660772096504,771584,42.26
2023-06-08,TATAPOWER,220.65,1.0070954451819718,11412703,5330846.0,2.140880265533838,7754429,36.75
2023-06-09,IEX,122.6,-10.150238182484424,42400764,11732852.0,3.6138497272444927,11732852,29.01
2023-06-09,INDIACEM,230.35,6.965405154399814,2691477,991230.0,2.7152900941254803,2239333,12.48
2023-06-12,NAVINFLUOR,4409.15,-1.1135283035794505,398261,62470.0,6.375236113334401,326754,78.49
2023-06-12,TATACONSUM,800.75,-0.031210986267166042,2805090,521748.0,5.376331102371259,1841979,88.52
2023-06-12,SUNTV,444.65,0.2479990981850898,574692,182678.0,3.145928902221395,436164,70.44
2023-06-12,SRF,2337.85,-3.7803020949088326,830632,414428.0,2.0042854247299893,414428,52.76
2023-06-13,ZEEL,193.95,-0.46189376443418306,11989040,1093479.0,10.964124596814388,11188383,25.48
2023-06-13,OFSS,3797.5,5.609321986762328,118303,22084.0,5.356955261727948,63900,28.71
2023-06-13,CONCOR,651.05,-1.861621947542964,3262812,732814.0,4.452442229542558,1489174,81.73
2023-06-13,PEL,807.25,0.8873336249453255,877056,239472.0,3.6624574062938464,642131,56.75
2023-06-13,IDFCFIRSTB,74.8,2.7472527472527473,21891878,7770587.0,2.8172746795061943,16483794,49.69
2023-06-13,INDUSINDBK,1336.25,0.2851889376712038,2512486,1015147.0,2.4749972171518015,1989198,66.89
2023-06-14,CHAMBLFERT,278.9,-0.37506697624576224,2787368,279339.0,9.978441964781144,1003396,56.19
2023-06-14,RAIN,166.55,5.07886435331231,2321451,356354.0,6.514451921403997,1401716,32.04
2023-06-14,LALPATHLAB,1997.3,0.48549794984025674,295662,52466.0,5.635306674798917,155272,71.93
2023-06-14,TATACHEM,977.95,-2.209889505524715,1355032,549989.0,2.463743820330952,1094967,41.7
2023-06-14,IDEA,7.9,2.5974025974025996,91789813,39749662.0,2.309197320973446,82878055,26.66
2023-06-14,UPL,682.75,0.07328691828508611,3264152,1575745.0,2.071497609067457,2738282,81.42
2023-06-15,APOLLOHOSP,5218.75,4.187462567378718,687216,169735.0,4.048758358617845,680883,40.14
2023-06-15,LT,2361.3,0.26538714676970765,2160742,672053.0,3.2151363062139446,2131481,84.35
2023-06-15,DALBHARAT,2254.55,2.6381680779386447,497629,209267.0,2.377962124940865,273862,62.4
2023-06-15,INDUSINDBK,1297.1,-1.9761949744946223,3428248,1520215.0,2.2551073367911774,2512486,57.6
2023-06-16,IRCTC,665.0,3.421461897356143,2113065,352596.0,5.992878535207433,1751521,40.09
2023-06-16,ICICIPRULI,534.2,4.234146341463423,1956199,331095.0,5.908271040033827,1672508,43.88
2023-06-16,UBL,1512.2,1.541044149739805,535265,92901.0,5.761671026146113,498295,61.08
2023-06-16,ADANIENT,2509.6,0.9635306660229646,3925169,796193.0,4.9299215140047705,3377123,49.06
2023-06-16,PNB,51.55,2.281746031746029,38615812,10381355.0,3.719727530751044,17834774,39.86
2023-06-16,SHRIRAMFIN,1401.5,-0.8980342242964252,985759,352195.0,2.7989011769048395,875787,71.46
2023-06-16,NMDC,107.0,-0.6960556844547563,8165060,3690176.0,2.21264785202657,7928402,73.21
2023-06-16,ASHOKLEY,164.4,4.480457578646337,14922377,7289308.0,2.0471596206388862,8777081,31.37
2023-06-20,ZEEL,173.3,-6.450742240215919,16393670,2504836.0,6.5448077239388125,11989040,48.05
2023-06-20,HDFCAMC,2104.9,11.226188274459037,1046290,340829.0,3.0698385407345032,651460,15.88
2023-06-20,RECLTD,159.8,3.867403314917138,8433309,4103401.0,2.0551998208315494,7262298,55.99
2023-06-21,LUPIN,875.05,5.440414507772018,1567913,157186.0,9.974889621213086,606604,27.18
2023-06-21,SHRIRAMFIN,1734.35,11.201231045426846,5163749,1170121.0,4.413004296136895,1286664,38.35
2023-06-21,ICICIPRULI,567.9,0.8255659121171731,3613133,1033219.0,3.4969672450855045,1956199,73.51
2023-06-21,AARTIIND,532.15,2.6622938169190613,951822,341657.0,2.785899308370676,535630,37.86
2023-06-21,INDIAMART,2990.5,-49.44466045678157,187568,68246.0,2.74841016323301,68246,54.2
2023-06-21,PEL,950.15,13.315444245676803,3670322,1459231.0,2.5152439881005817,1459231,19.09
2023-06-21,EXIDEIND,230.3,4.515543453596559,5115882,2201956.0,2.32333525283884,3509198,39.21
2023-06-21,IDFC,102.8,-2.5592417061611403,6285422,2843513.0,2.2104425054501244,5417487,30.31
2023-06-21,GRANULES,290.95,-0.7843137254901998,929036,423785.0,2.1922342697358332,928158,53.98
2023-06-21,MFSL,738.9,5.07679180887371,1449407,666946.0,2.1731999292296527,807902,31.87
2023-06-22,COROMANDEL,950.35,0.8596444680286572,1222147,218632.0,5.5899731054923345,1219237,54.91
2023-06-23,PIDILITIND,2658.3,0.8345029017941812,510849,67698.0,7.545998404679606,286944,64.7
2023-06-23,ATUL,6964.8,-1.5562057414238994,56310,9922.0,5.675267083249345,52916,60.39
2023-06-23,LTTS,3817.15,-4.189204452755364,273038,72502.0,3.7659374913795483,209275,46.94
2023-06-27,HDFCLIFE,667.2,5.862752875842927,17601409,1920080.0,9.167018561726595,5015600,58.57
2023-06-27,BSOFT,352.85,3.7336469204762737,2563117,289898.0,8.841444232109225,2487102,37.7
2023-06-27,MGL,1045.65,1.5884581754590632,662089,94164.0,7.031232742874135,378538,53.91
2023-06-27,RAMCOCEM,929.45,-0.5137811078405089,490192,88711.0,5.525718343835601,401023,72.19
2023-06-27,ABCAPITAL,192.3,6.096551724137937,7260041,2297666.0,3.159746020526917,2975896,25.0
2023-06-27,GRANULES,297.2,2.0429184549356183,1542192,533935.0,2.888351578375645,929036,47.88
2023-06-27,ABBOTINDIA,22707.8,-0.5838147378744161,12082,4299.0,2.8104210281460804,8807,64.08
2023-06-27,METROPOLIS,1505.15,5.00924407855724,405986,167792.0,2.4195790025746162,286437,24.27
2023-06-27,PFC,207.85,4.003002251688767,7745844,3737091.0,2.072693439897503,7442242,50.83
2023-06-28,ADANIENT,2402.0,5.145658692464278,20041866,593374.0,33.776110850829326,5498674,70.69
2023-06-28,GODREJCP,1069.1,3.06068347230925,2014960,353166.0,5.705418981442155,1128556,72.97
2023-06-28,MFSL,797.0,2.6532715095311725,1458343,329117.0,4.431077701850709,1449407,43.43
2023-06-28,ALKEM,3446.15,1.4931746896582272,476562,109487.0,4.352681140226694,317553,75.15
2023-06-28,AUROPHARMA,738.75,2.861319966583118,1739375,427508.0,4.068637312050301,1651887,54.26
2023-06-28,FEDERALBNK,122.15,-0.7314099959366043,17379246,5076828.0,3.4232489262980743,10214026,64.05
2023-06-28,BEL,120.75,1.9847972972972923,35162902,11221688.0,3.133477066908294,17146249,56.81
2023-06-28,RAIN,162.1,-3.4544371649791605,4218231,1507726.0,2.7977437545018127,2626514,54.47
2023-06-28,ZYDUSLIFE,582.45,2.0588750657087784,1426517,512424.0,2.78386063103992,1318100,58.4
2023-06-28,ADANIPORTS,756.5,5.0329746615758415,9429869,3469071.0,2.71826924268774,5966398,52.65
2023-06-28,ASTRAL,1981.5,1.3762406630512682,687629,296038.0,2.3227727521466837,562263,70.72
2023-06-28,PIDILITIND,2598.65,-0.8659660098803982,538886,241865.0,2.228044570318153,510849,69.96
2023-06-28,SUNPHARMA,1021.8,1.9964064683569576,3645264,1650512.0,2.2085655844974164,3548713,68.83
2023-06-30,MCX,1500.4,-8.640321500334888,1071327,117312.0,9.13228825695581,345701,19.92
2023-06-30,HDFCAMC,2295.65,11.982926829268298,1521999,228662.0,6.656108142148674,1108568,24.6
2023-06-30,BIOCON,265.5,8.36734693877551,6423414,1300833.0,4.937923622786323,2354940,34.92
2023-06-30,IBULHSGFIN,123.4,6.241928540680155,9524732,2083228.0,4.57210252550369,7766350,23.63
2023-06-30,ESCORTS,2248.4,2.421136544812668,278010,104242.0,2.666967249285317,229323,42.29
2023-06-30,CUMMINSIND,1943.1,1.6797488226059607,894269,350687.0,2.5500489040084178,678607,64.09
2023-07-03,CANBK,318.5,5.515984760642696,8033290,1074445.0,7.47668796448399,3071668,43.43
2023-07-03,IOC,95.25,4.326396495071197,14965542,6479644.0,2.3096241089788268,11790030,45.39
2023-07-04,IDFC,111.2,1.8315018315018317,34892848,5476384.0,6.371512297165429,6285422,36.33
2023-07-04,EICHERMOT,3401.8,-6.308440172411411,2117436,350702.0,6.03770722721855,453494,51.42
2023-07-04,BAJAJFINSV,1629.5,5.804817868969554,2437485,465437.0,5.236981589345067,1190745,33.22
2023-07-04,JUBLFOOD,499.9,-0.4579848665870194,2962524,818111.0,3.62117609957573,1845331,67.73
2023-07-04,TITAN,3074.65,1.1963927196129385,805120,250938.0,3.2084419258940455,724171,62.35
2023-07-04,IDFCFIRSTB,78.65,-4.026845637583889,43191141,13753791.0,3.1403080794233387,28808789,34.93
2023-07-04,FEDERALBNK,132.0,3.488827910623287,19516656,6375567.0,3.061163971769099,17379246,47.45
2023-07-04,M&MFIN,343.0,-0.2181818181818182,3651848,1262170.0,2.8933091421916224,3606923,45.42
2023-07-04,BAJFINANCE,7860.45,7.192826946679393,1375329,614418.0,2.2384256320615608,792490,33.04
2023-07-04,BHARTIARTL,865.15,-1.5924472501848377,4850213,2394123.0,2.025882964242021,4642025,65.57
2023-07-05,BHEL,92.95,6.962025316455693,21741626,3368616.0,6.454171683563814,13291213,25.95
2023-07-05,DIVISLAB,3747.95,5.573082448381733,473498,86866.0,5.450901388345267,325012,29.38
2023-07-05,BOSCHLTD,19162.55,0.5718079523029806,36637,6950.0,5.271510791366906,16241,82.04
2023-07-05,MOTHERSON,90.3,6.048150322959473,17093202,3855739.0,4.4331844038198644,12927026,28.15
2023-07-05,COLPAL,1793.7,5.177670927641606,553588,175124.0,3.1611201206002604,405544,31.82
2023-07-05,TVSMOTOR,1319.8,1.2310642377756438,880042,286453.0,3.0722038170310664,857792,51.75
2023-07-05,BANDHANBNK,224.95,-2.7243243243243294,16702170,6310450.0,2.646747854748869,6473068,39.21
2023-07-05,RBLBANK,190.65,4.465753424657538,8635241,3899113.0,2.214668053990741,5703146,25.76
2023-07-06,TATAPOWER,229.6,3.5633739287325246,12364497,2549775.0,4.84925022796129,11412703,40.03
2023-07-06,PVRINOX,1375.1,0.20768810347968,793570,164881.0,4.812986335599614,434146,54.33
2023-07-06,INTELLECT,623.55,2.5913129318854886,349951,75762.0,4.6190834455267815,271143,43.66
2023-07-06,M&M,1548.8,4.978479682787139,2946475,723637.0,4.071758353981347,1914512,52.35
2023-07-06,HINDCOPPER,122.0,4.90111779879622,5325109,1341349.0,3.969965311041347,3537638,39.64
2023-07-06,SUNTV,463.75,4.577742699289663,579532,147025.0,3.94172419656521,574692,34.71
2023-07-06,VEDL,280.0,0.9190845197332894,5019571,1608285.0,3.1210705813957103,4401548,55.17
2023-07-06,GAIL,110.8,3.165735567970197,17556067,7744832.0,2.2668105647740324,17077912,60.24
2023-07-07,ACC,1791.5,-1.584860054385141,795788,171387.0,4.6432226481588454,586636,73.48
2023-07-07,BHARTIARTL,870.45,0.09199103087449757,15502347,4196491.0,3.6941213504330164,4850213,82.62
2023-07-07,GRANULES,311.9,3.655699567962779,3994377,1149537.0,3.4747702770767708,1542192,34.9
2023-07-07,INTELLECT,601.8,-3.488092374308396,1061960,349951.0,3.0345962720495154,349951,19.37
2023-07-07,GLENMARK,689.25,3.1425364758698096,1444779,538430.0,2.683318165778281,1044633,51.65
2023-07-07,TITAN,3144.0,1.2104043265516324,1564659,609686.0,2.566335785961954,805120,43.09
2023-07-07,HINDALCO,422.7,-0.8677298311444627,4431189,1941319.0,2.2825661315837324,3971662,65.45
2023-07-07,M&MFIN,328.8,-3.5635723713154355,4406643,2007856.0,2.194700715589166,3651848,45.62
2023-07-07,PIIND,3765.7,-2.2911261027503937,281578,129282.0,2.1780139539920484,269050,53.89
2023-07-07,AARTIIND,472.1,-2.8600823045267445,1508704,752771.0,2.0042004806242537,1126116,45.53
2023-07-10,ABFRL,215.05,0.7024116132053383,4028850,968187.0,4.161231249748241,2973182,61.65
2023-07-10,SAIL,90.05,3.744239631336406,13061540,3960855.0,3.297656692810012,9990464,36.33
2023-07-10,RELIANCE,2735.05,3.8521415552855514,8433744,3347628.0,2.519319350895619,8075240,54.98
2023-07-10,TATASTEEL,115.3,3.3154121863799313,30702973,15349723.0,2.0002297761334193,28391262,50.62
2023-07-11,TATACOMM,1638.4,6.9242315473471345,1528224,256943.0,5.9477160304036305,770062,30.26
2023-07-11,PIIND,3657.05,-0.6047345962547224,326157,71487.0,4.562465902891435,281578,53.19
2023-07-11,POLYCAB,3774.8,6.431330532607787,556146,140207.0,3.966606517506259,460988,37.45
2023-07-11,HAL,3917.45,3.7336652146857503,992762,302342.0,3.2835729075021,793215,30.55
2023-07-11,PAGEIND,36295.3,-0.24515933982876525,22310,8031.0,2.7779853069356246,21828,77.37
2023-07-11,ATUL,6518.35,-2.6894080764350172,61016,26555.0,2.2977217096591978,56310,51.08
2023-07-12,DELTACORP,189.5,-23.1860559383867,23386890,344280.0,67.92985360752876,2945768,28.48
2023-07-12,JSWSTEEL,805.7,1.0408828693253158,17645886,1164552.0,15.152510149825856,3689997,68.05
2023-07-12,LTIM,4816.2,-2.1942427780880376,3606170,285161.0,12.646084141940868,505448,71.33
2023-07-12,AUBANK,770.75,0.9429637875712195,2191395,368601.0,5.945168352771696,1419469,54.44
2023-07-12,HDFC,2724.3,-0.8389902997433791,33768596,6071446.0,5.5618704341601655,9791338,79.7
2023-07-12,NMDC,111.6,3.3333333333333277,13003287,3879264.0,3.3519984718750773,8471468,56.0
2023-07-12,JINDALSTEL,621.7,-0.7661612130885801,5063309,1676457.0,3.020243883380248,2082529,62.46
2023-07-12,SIEMENS,3828.85,1.652684118302979,323651,108686.0,2.977853633402646,263669,35.33
2023-07-12,HDFCBANK,1632.95,-0.9372725066731403,20020165,7417565.0,2.6990211747386104,16887785,56.43
2023-07-12,SUNTV,488.9,2.65616797900262,1366618,548950.0,2.4895127060752347,579532,50.88
2023-07-13,FEDERALBNK,126.75,-5.58659217877095,23558705,6073939.0,3.878653539325963,19516656,32.39
2023-07-13,HCLTECH,1108.8,-0.1575795776867318,5902441,1922440.0,3.070286198789039,3435427,48.01
2023-07-13,POWERGRID,243.1,-3.55088276135688,14926168,5010181.0,2.9791674193008197,14415054,65.06
2023-07-13,COALINDIA,229.9,-1.9197952218430034,15739344,7480703.0,2.1039926327779623,12912184,77.9
2023-07-14,BOSCHLTD,18901.55,-1.1996205122039825,64347,12628.0,5.095581248020272,36637,73.65
2023-07-14,AMBUJACEM,416.6,-0.07195970256655182,6050673,1591795.0,3.8011634664011384,4047916,79.83
2023-07-14,POWERGRID,240.05,-1.2546277252159537,46140584,14926168.0,3.09125450015034,14926168,85.34
2023-07-14,KOTAKBANK,1869.0,-0.0374391613627879,5961814,2190476.0,2.7216979323215593,4912085,83.59
2023-07-14,VEDL,284.85,2.4456033087574216,6321808,2623444.0,2.409736209349237,5019571,60.64
2023-07-14,HINDCOPPER,120.1,2.4307036247334706,6074425,2987212.0,2.0334763652529517,5325109,62.98
2023-07-17,IDEA,7.6,3.4013605442176873,62064358,12954320.0,4.7910162787394475,35322232,37.77
2023-07-18,VOLTAS,765.75,0.23561751423521884,2640245,442180.0,5.970973359265457,2446686,72.22
2023-07-19,PERSISTENT,5138.7,3.1163462696151263,479328,75039.0,6.387718386439052,364280,45.98
2023-07-19,ITC,478.85,1.3439153439153486,9180775,3316174.0,2.7684841024626574,7884835,66.2
2023-07-19,CROMPTON,293.45,1.4344970618734798,3601912,1593829.0,2.2599111949901776,2302413,76.38
2023-07-20,ABB,4204.0,-6.442639367975965,555731,151208.0,3.6752751177186394,204747,35.48
2023-07-20,SBIN,610.05,1.4298777953279422,16350741,5115653.0,3.1962177653566415,8699928,48.04
2023-07-20,AXISBANK,977.9,1.4103494763040572,5740359,2008471.0,2.8580741270349437,5387558,37.45
2023-07-21,ATUL,7014.15,6.559967184971921,132508,6734.0,19.677457677457678,61016,23.27
2023-07-21,INFY,1331.6,-8.133839254915493,27489981,4234742.0,6.491536202205471,9569644,60.35
2023-07-21,HINDUNILVR,2604.0,-3.671506519929714,3597527,746918.0,4.816495251152068,1828338,69.2
2023-07-21,PERSISTENT,4749.6,-5.831970260223041,510751,111550.0,4.578673240699238,479328,39.97
2023-07-21,LT,2586.25,3.877977266337317,2055666,521628.0,3.9408659044376453,1894147,44.59
2023-07-21,ASHOKLEY,181.85,3.500284575981791,17494376,5022068.0,3.483500422535099,14175200,30.43
2023-07-21,INDIAMART,3151.0,8.636441992759869,471008,164351.0,2.865866347025573,193949,14.45
2023-07-21,COFORGE,4640.3,-3.7172291444044374,293455,122760.0,2.3904773541870314,210460,25.95
2023-07-21,DABUR,565.2,-2.299049265341392,2086894,1028550.0,2.0289669923678963,1457420,69.32
2023-07-24,NAVINFLUOR,4422.5,0.8172523451836907,222639,19673.0,11.316982666598891,208711,67.43
2023-07-24,PETRONET,223.85,0.13419816595839093,3706579,577046.0,6.4233683276549876,1191581,86.05
2023-07-24,IGL,470.55,-4.804774428484726,2072226,446488.0,4.6411684076615725,1083429,48.06
2023-07-24,RECLTD,172.95,6.858202038924928,14376585,3260241.0,4.409669407875062,10602416,37.95
2023-07-24,CANFINHOME,889.95,6.243657852324965,643057,173739.0,3.7012818077691247,630960,17.95
2023-07-24,ITC,471.35,-3.8943827097563397,17381287,4755944.0,3.6546450084357596,9315471,44.59
2023-07-24,COLPAL,1888.6,3.0389001036608554,771448,219609.0,3.512825066367954,553588,64.05
2023-07-24,SHRIRAMFIN,1796.3,-1.9219219219219243,4045077,1395543.0,2.8985685141912505,1550666,67.08
2023-07-25,ACC,1891.75,4.8293250581846445,825859,128762.0,6.4138410400584025,795788,33.06
2023-07-25,NAUKRI,4613.4,0.9927649653571973,301955,56721.0,5.323513337211967,223201,82.93
2023-07-25,ASIANPAINT,3400.4,-4.0437960323955116,850368,333553.0,2.5494239296303736,713252,33.27
2023-07-25,TVSMOTOR,1384.0,5.883253002830701,1474087,617063.0,2.3888760142805516,880042,26.96
2023-07-25,GMRINFRA,48.25,3.763440860215054,12262958,5697899.0,2.152189429823168,8606339,30.05
2023-07-25,DLF,480.0,-2.79465370595383,3693654,1808382.0,2.042518671386908,1808382,56.11
2023-07-26,IDEA,8.75,10.759493670886071,180376882,25265590.0,7.139230946120791,62064358,41.68
2023-07-26,MUTHOOTFIN,1309.6,-0.20574563743046906,868134,124295.0,6.984464379098114,305356,85.61
2023-07-26,CANFINHOME,771.2,-9.398496240601503,3523009,630615.0,5.586624168470461,643057,36.9
2023-07-26,PEL,1084.2,7.988047808764945,2489586,487028.0,5.1117923404814505,2005436,27.28
2023-07-26,BALKRISIND,2502.35,4.907139563157662,442815,171912.0,2.5758236772302108,272593,44.51
2023-07-26,TATAMOTORS,641.1,0.25803424818202786,10094587,4213317.0,2.395876455533728,6446516,31.87
2023-07-26,DALBHARAT,1955.75,2.4784510990594435,333947,149384.0,2.2354937610453596,316079,62.72
2023-07-27,BSOFT,402.2,6.037437384655939,3057571,325885.0,9.382361876121944,2563117,23.86
2023-07-27,LUPIN,979.7,4.068408752921188,1025043,115867.0,8.846720809203656,667344,30.93
2023-07-27,SYNGENE,807.05,5.870392234028598,1876388,274961.0,6.824196886103848,774493,40.3
2023-07-27,TECHM,1099.9,-3.7876137158852305,8475386,1322090.0,6.410596858005128,2540544,48.17
2023-07-27,AUROPHARMA,835.55,5.839508518588879,2208545,365703.0,6.039176599590378,1762398,34.85
2023-07-27,COLPAL,2001.9,6.280526651093661,1204004,203792.0,5.908004239616864,771448,32.3
2023-07-27,M&M,1447.4,-6.308055798297558,7568396,1304509.0,5.801720034127783,3314036,63.71
2023-07-27,RECLTD,188.2,8.441371362719664,23487016,5305357.0,4.4270378034880595,14376585,39.22
2023-07-27,NESTLEIND,22325.3,-2.0815880771406987,87036,20248.0,4.298498617147373,48666,48.52
2023-07-27,CIPLA,1171.45,9.635002339728596,2887164,685749.0,4.210234356885683,1357264,19.79
2023-07-27,IEX,119.95,-3.577170418006433,6121435,1995076.0,3.068271584641387,3988859,36.97
2023-07-27,SBICARD,857.8,-1.5268051888417022,1030286,347846.0,2.961902681071509,1010692,61.47
2023-07-27,MARICO,554.05,4.007884362680666,2054639,778341.0,2.63976714576259,1835915,55.04
2023-07-27,TATACONSUM,850.05,-2.7291452111225567,1698173,696065.0,2.439675892337641,1666386,53.02
2023-07-27,LAURUSLABS,343.9,0.8060970247691632,1994453,824751.0,2.4182486592923196,1614476,18.48
2023-07-27,PVRINOX,1549.0,1.2319053687546913,1166399,541372.0,2.1545240610892327,1065092,69.11
2023-07-27,AXISBANK,959.9,-1.7301392301392278,8050100,3926028.0,2.050443858271006,5740359,45.08
2023-07-28,TATAPOWER,234.65,6.224535989135355,23301119,4088749.0,5.698838202100447,12364497,40.42
2023-07-28,TATACHEM,1051.05,5.776681930257131,2022258,482193.0,4.193876725709415,752129,37.59
2023-07-28,M&MFIN,299.6,-3.958967783298595,6659651,2128515.0,3.128778044787093,4406643,36.01
2023-07-28,LICHSGFIN,413.45,4.091137965760323,3552864,1213822.0,2.927005771851227,1972466,52.4
2023-07-28,INTELLECT,690.9,19.698544698544683,1998602,742160.0,2.692953002048076,1061960,12.12
2023-07-28,PETRONET,229.2,1.8666666666666616,5300209,2197741.0,2.411662247735288,3706579,75.37
2023-07-28,IBULHSGFIN,136.05,6.62225705329155,12949707,5512229.0,2.3492686896716375,9524732,24.95
2023-07-28,NTPC,210.0,3.9861351819757425,22940405,9866787.0,2.3250126915681872,15774896,57.89
2023-07-28,MARICO,574.35,3.6639292482628045,4194558,2054639.0,2.0415060747897806,2054639,56.89
2023-07-28,BHARATFORG,902.85,0.5736883145817062,1224537,612179.0,2.000292398138453,837226,38.96
2023-07-31,HINDCOPPER,141.1,10.363707469691045,9547277,1816046.0,5.257177956946024,6074425,21.27
2023-07-31,BANDHANBNK,223.4,2.901888530631051,16870356,4646828.0,3.6305101028056126,16702170,57.2
2023-07-31,PEL,1011.75,-5.703900461344894,5002501,1392332.0,3.592893792572461,2489586,45.84
2023-07-31,WHIRLPOOL,1459.25,1.647394817497917,54988,16854.0,3.2626082829002017,41487,59.2
2023-07-31,SBICARD,855.35,-0.21581894540364238,1295852,459867.0,2.817884301330602,1030286,43.95
2023-07-31,BRITANNIA,4793.95,-2.2311276984102815,470300,168427.0,2.792307646636228,434037,58.77
2023-07-31,SIEMENS,3983.0,3.2480493558337917,535780,213939.0,2.5043587190741285,323651,33.32
2023-07-31,PAGEIND,37805.05,1.3222394047979746,43764,17915.0,2.4428691041027073,24360,55.38
2023-07-31,INDIACEM,219.45,2.2123893805309733,2222936,929644.0,2.3911690926849416,1592468,41.53
2023-07-31,BPCL,377.5,1.0844825277815,3614817,1677062.0,2.155446250645474,3582068,72.04
2023-08-01,IEX,127.4,3.8728088055442313,10611249,2635177.0,4.026768979844618,6121435,40.89
2023-08-01,UBL,1591.35,3.317643239733804,520114,135144.0,3.848591132421713,420891,36.16
2023-08-01,OBEROIRLTY,1108.25,-1.0093341074538837,673431,183372.0,3.672485439434592,505742,40.17
2023-08-01,BERGEPAINT,702.4,2.9308323563892147,508677,139247.0,3.6530553620544786,433003,25.67
2023-08-01,GNFC,608.2,2.5805363467701246,999853,282063.0,3.5447860938868265,679608,44.33
2023-08-01,EXIDEIND,263.1,5.408653846153857,4010326,1157541.0,3.464521775038638,2889986,26.49
2023-08-01,TORNTPHARM,1983.5,-0.9661232743340695,386400,123174.0,3.137025671001997,279110,74.11
2023-08-01,INDIGO,2570.75,-0.8542558525203475,884282,304826.0,2.9009402085123974,746445,68.4
2023-08-01,DLF,499.7,-3.6722891566265083,5017769,1795657.0,2.7943916906179744,3693654,33.42
2023-08-01,MARUTI,9716.75,-1.058982256955935,608873,274088.0,2.221450774933598,340105,43.66
2023-08-02,CHOLAFIN,1099.4,-2.746693794506608,3623255,400590.0,9.044796425272724,1343459,40.11
2023-08-02,TRENT,1690.9,-0.9779807917544986,379836,109159.0,3.479658113394223,277570,50.46
2023-08-02,RAMCOCEM,883.55,0.0396286231883955,540672,199652.0,2.7080720453589247,415585,63.79
2023-08-02,ESCORTS,2598.35,1.3574925396422821,386243,185721.0,2.0796948110337548,241128,18.45
2023-08-03,VEDL,254.05,-6.65074407495865,168900144,5491586.0,30.756168436586442,7699442,74.51
2023-08-03,GUJGASLTD,455.05,-3.6013134201885393,5303419,633991.0,8.36513294352759,1494930,59.59
2023-08-03,DIXON,4443.35,7.657548518401865,584732,121534.0,4.811262691921602,298838,25.22
2023-08-03,IRCTC,660.2,3.520188161505299,1920959,513118.0,3.74369833059842,1053401,42.09
2023-08-03,LUPIN,1035.35,4.097124472149597,1114556,316760.0,3.518613461295618,1025043,28.13
2023-08-03,ADANIENT,2532.6,2.387257180974701,1402859,406288.0,3.4528684086165478,1048999,29.72
2023-08-03,ABBOTINDIA,24555.8,1.9560135687801739,17666,6646.0,2.658140234727656,11307,51.83
2023-08-03,INDIGO,2447.75,-4.582310061201426,1028252,394704.0,2.605121812801492,884282,29.05
2023-08-03,DABUR,555.05,-1.8739503226376777,2958506,1296864.0,2.281276988180719,2086894,54.37
2023-08-04,JKCEMENT,3209.25,0.25459998125644595,138636,10886.0,12.735256292485762,66493,76.89
2023-08-04,INDIACEM,224.75,3.571428571428571,2347590,588277.0,3.9906200650373886,2222936,38.77
2023-08-04,LICHSGFIN,426.65,8.19069354634207,9881526,2502870.0,3.948078006448597,3552864,33.25
2023-08-04,CUMMINSIND,1796.1,-4.516094734323917,1531320,551476.0,2.776766350666212,668362,43.87
2023-08-04,BANKBARODA,191.35,-1.0087946197620368,14181359,5130334.0,2.7642174953911383,10311407,43.26
2023-08-04,CIPLA,1209.75,3.7654929879487153,3784406,1415677.0,2.6732128868378875,2887164,45.27
2023-08-04,SBIN,573.3,-2.9127857747671544,19887839,7688103.0,2.586833058818281,16350741,37.72
2023-08-04,TORNTPHARM,2062.15,3.3244814109630294,428601,175433.0,2.4431036350059565,386400,52.46
2023-08-04,MGL,1056.25,-5.750869991969309,634160,261663.0,2.4235753622025276,611257,25.63
2023-08-04,ASTRAL,2025.65,1.4473519469137395,545471,233649.0,2.334574511339659,529439,47.77
2023-08-07,RAMCOCEM,874.15,-0.2794889345197405,1120846,336193.0,3.3339361616690413,540672,51.91
2023-08-07,DIVISLAB,3910.55,4.40940887488653,315630,122534.0,2.575856496972269,267339,28.07
2023-08-07,BRITANNIA,4659.75,-2.89152860268834,515370,206735.0,2.4929015406196338,470300,47.74
2023-08-08,MFSL,810.95,3.2728430436166884,1401967,411323.0,3.4084332750660673,597103,67.71
2023-08-08,ABCAPITAL,185.65,0.0538938291565585,3626825,1638289.0,2.2137882876586485,2224373,56.6
2023-08-09,BHARATFORG,963.1,6.3317692520011075,1518498,151086.0,10.05055398911878,1224537,24.22
2023-08-09,TRENT,1787.9,4.329812686001053,777386,129277.0,6.013335705500592,379836,31.2
2023-08-09,INDIACEM,229.15,6.53184565318457,5509923,1113064.0,4.95023017544364,2347590,34.9
2023-08-09,BERGEPAINT,698.6,-1.5085295361624043,840056,237408.0,3.538448577975468,627676,31.55
2023-08-09,METROPOLIS,1427.35,2.823902316032116,138735,46583.0,2.9782324023785502,124541,29.03
2023-08-09,DRREDDY,5871.0,3.7654981044371225,941218,326606.0,2.8818147860112795,555573,46.75
2023-08-09,WHIRLPOOL,1500.95,1.6628285017610371,70124,25076.0,2.796458765353326,54988,61.64
2023-08-09,COALINDIA,234.75,1.9543973941368076,19333667,8706281.0,2.220657362196327,15739344,54.81
2023-08-09,BRITANNIA,4600.9,-0.0966267493241714,736480,343879.0,2.1416835572977706,515370,80.7
2023-08-10,MFSL,855.1,8.281625933898946,3678799,122016.0,30.150136047731444,1401967,30.86
2023-08-10,ZEEL,282.35,16.55314757481941,27695727,2522431.0,10.979775859081974,14176569,24.29
2023-08-10,ICICIGI,1355.45,-2.7654232424677154,1113807,136115.0,8.182838041362084,907175,70.11
2023-08-10,TATAMOTORS,618.25,-0.690707573688853,39576338,5497168.0,7.199404857191921,10094587,74.51
2023-08-10,BATAINDIA,1645.9,-3.1994353937540354,502786,163415.0,3.07674326102255,344885,38.45
2023-08-10,PIDILITIND,2520.1,-3.207097864495314,373465,181761.0,2.054703704315007,336507,49.97
2023-08-11,APOLLOTYRE,395.85,-8.272506082725057,3110356,360876.0,8.61890510867999,1049657,32.82
2023-08-11,ASTRAL,1974.3,0.007598206823182817,627410,197944.0,3.169633835832357,545471,54.5
2023-08-11,IRCTC,662.5,2.482790625725107,2255180,716792.0,3.1462125693367113,1920959,27.09
2023-08-11,RECLTD,224.3,3.554939981532787,24439667,8446761.0,2.8933773549411423,23487016,42.1
2023-08-11,MANAPPURAM,147.9,0.9900990099010017,8634470,3079041.0,2.804272499132035,6161930,41.43
2023-08-11,BIOCON,256.2,-1.9892884468247853,7988404,3055304.0,2.614602016689665,4912421,38.8
2023-08-11,BRITANNIA,4510.3,-0.6640310982391534,896961,361984.0,2.4779023382248937,736480,80.6
2023-08-11,MOTHERSON,97.65,1.9311064718162927,18469892,8125271.0,2.2731416589059,15117291,39.32
2023-08-14,NMDC,118.7,4.351648351648354,14220337,3808047.0,3.7342861051872522,12962550,40.74
2023-08-14,CUB,121.5,-5.850445563734994,6584712,2073715.0,3.175321584692207,3570261,42.12
2023-08-14,ULTRACEMCO,8054.3,-0.9670537750754602,468648,205857.0,2.2765706291260437,325993,86.1
2023-08-16,INDIGO,2458.65,-3.5483111686477513,7303439,211118.0,34.59410850803816,1028252,57.7
2023-08-16,OFSS,4099.05,2.8464973906061894,91382,12174.0,7.506324954821752,43403,27.31
2023-08-16,CROMPTON,282.7,-5.876477442983197,4619569,2241432.0,2.060990027803654,3601912,56.55
2023-08-17,BATAINDIA,1733.55,5.245423914033322,925344,44041.0,21.01096705342749,502786,31.71
2023-08-18,JKCEMENT,3076.95,0.8406253072460799,181162,41340.0,4.382244799225932,138636,78.96
2023-08-18,CHAMBLFERT,260.2,-1.3272658323852864,1658111,809598.0,2.0480670653830666,1382082,65.79
2023-08-22,BHEL,111.05,10.00495294700346,17236307,4345146.0,3.9667958222807704,11417133,17.09
2023-08-23,SUNTV,568.25,4.843173431734318,1364294,225230.0,6.057336944456778,1168260,25.61
2023-08-23,METROPOLIS,1325.1,-0.2709415217882243,203844,59592.0,3.4206604913411196,138735,68.43
2023-08-23,PIDILITIND,2506.95,0.5071563164013806,400395,188787.0,2.12088226413895,373465,45.54
2023-08-24,COFORGE,5390.85,9.72400317518471,16877825,197267.0,85.55827888090761,351578,76.24
2023-08-24,MANAPPURAM,142.25,-2.6351813826146437,49516688,2100543.0,23.57327986144535,11793972,58.74
2023-08-24,GMRINFRA,64.9,9.4435075885329,25986714,8577084.0,3.0297842483529367,12262958,19.12
2023-08-24,GRASIM,1778.05,-1.090312352237651,606483,265300.0,2.286027139087825,484646,65.85
2023-08-25,IBULHSGFIN,172.95,8.910579345088147,16419606,7012289.0,2.3415472465552973,13335822,27.24
2023-08-28,ABCAPITAL,180.95,0.6675938803894235,4985644,1123642.0,4.437039555303201,3626825,65.81
2023-08-29,IGL,462.65,4.282655246252677,1763592,290558.0,6.069672836404435,1599102,38.85
2023-08-29,DEEPAKNTR,2170.2,6.458021633023465,1089103,215159.0,5.0618519327567055,360537,36.36
2023-08-29,BHARTIARTL,855.2,-1.7406790371689524,8783545,2213215.0,3.9686813075096636,4168897,62.45
2023-08-29,AARTIIND,481.3,4.8127177700348485,1609287,447112.0,3.5992927946465314,830871,41.11
2023-08-29,BHEL,114.65,4.655408489274312,17896976,8904722.0,2.0098298408417468,17236307,27.12
2023-08-30,INDHOTEL,416.65,5.95041322314049,6331603,610903.0,10.364334436072502,2887431,46.65
2023-08-30,HINDPETRO,257.7,-2.3493747631678623,5896201,1160671.0,5.079993383137857,5482721,59.74
2023-08-30,RBLBANK,241.15,3.2762312633833,6454304,1602781.0,4.0269406737414535,4550671,33.28
2023-08-30,HDFCAMC,2493.8,0.6965334840806767,695189,177525.0,3.916006196310379,572713,64.8
2023-08-30,LT,2709.0,-0.3659500910277798,1459615,635263.0,2.2976546721594047,1201253,76.02
2023-08-31,ABCAPITAL,181.15,-0.02759381898453805,15368826,801677.0,19.17084561487981,4985644,78.89
2023-08-31,CUMMINSIND,1707.75,-1.3630981603950623,10890230,719099.0,15.144270816674755,1531320,56.69
2023-08-31,ACC,2005.75,0.25992851965709657,5076810,343340.0,14.786538125473292,427147,61.18
2023-08-31,ASTRAL,1954.05,-0.9554462973288121,10312777,796512.0,12.947422009963441,796512,57.56
2023-08-31,RECLTD,238.65,-2.6315789473684164,87139610,6952431.0,12.533689295154458,24439667,55.03
2023-08-31,IDFCFIRSTB,93.35,1.192411924119235,238124600,19677791.0,12.101185544657934,36221796,53.03
2023-08-31,PFC,260.2,-4.636247022173368,123916506,10749589.0,11.527557565224122,11453079,75.31
2023-08-31,HDFCAMC,2524.2,1.219023177480136,7333596,695189.0,10.549067951305329,695189,69.36
2023-08-31,ASHOKLEY,183.85,-2.103301384451553,124460119,11840820.0,10.511106409860128,12521397,63.15
2023-08-31,WIPRO,408.4,0.2946954813359501,8201008,1007672.0,8.138568899403774,5296086,74.35
2023-08-31,BALKRISIND,2323.15,-1.9643836772587135,256661,34264.0,7.490689936960075,249478,69.12
2023-08-31,ICICIPRULI,563.9,0.6874386215516514,2554312,348033.0,7.339281045188244,1256102,70.0
2023-08-31,TATACOMM,1789.1,-0.8479272888494892,3433288,511081.0,6.717698368751725,775160,87.89
2023-08-31,AMBUJACEM,428.4,-3.5243778853732763,6480032,979136.0,6.618112294921237,3512744,53.97
2023-08-31,SHRIRAMFIN,1928.3,2.34594766732127,1627490,252050.0,6.457012497520333,1165368,64.38
2023-08-31,PIIND,3628.3,-1.9762525496764685,570104,90533.0,6.297195497774292,457399,72.65
2023-08-31,DABUR,553.1,-0.3243827716705631,3555518,583124.0,6.097361796118836,3540036,75.07
2023-08-31,SHREECEM,23801.15,-1.0258713356911204,51218,9944.0,5.150643604183427,35449,82.65
2023-08-31,TATACONSUM,834.35,-1.6502622738256618,1316338,268655.0,4.899733859410769,1122414,64.99
2023-08-31,JKCEMENT,3295.7,0.10479155592679225,202515,47139.0,4.296124228345955,181162,72.33
2023-08-31,BHARTIARTL,856.4,-0.15738851646750485,9417460,2351573.0,4.004749161518694,8783545,75.17
2023-08-31,HDFCBANK,1571.45,-0.4592386140495344,27344438,7465190.0,3.6629259268685725,10307529,54.65
2023-08-31,BAJFINANCE,7163.0,-1.4460450461606247,884562,243407.0,3.6340861191337965,576490,62.6
2023-08-31,SUNPHARMA,1111.6,-0.2959906718091472,3168795,899895.0,3.5212941509842817,3082948,66.26
2023-08-31,KOTAKBANK,1758.75,-0.9099104174883142,5127517,1459830.0,3.5124069240939013,2735494,61.67
2023-08-31,NESTLEIND,21986.4,-0.9554699641867628,165542,47948.0,3.4525319095686995,64168,71.03
2023-08-31,PIDILITIND,2515.0,-2.3244072470240953,904512,264800.0,3.41583081570997,400395,72.45
2023-08-31,INFY,1435.45,0.0209037382851935,7054020,2076840.0,3.3965158606344255,5909684,72.03
2023-08-31,ONGC,174.15,-0.9103840682788019,10314248,3064045.0,3.3662194909017327,5072975,65.18
2023-08-31,AUBANK,723.55,-0.7407915494890035,2223735,671103.0,3.3135524651208534,1339127,42.35
2023-08-31,MCX,1688.25,3.634019827506832,354318,109793.0,3.2271456285919866,192681,26.33
2023-08-31,GRASIM,1790.95,-0.8690117067500648,873543,278592.0,3.1355638352860096,606483,70.18
2023-08-31,UPL,591.15,-1.4585764294049008,5743219,1904209.0,3.016065463402389,4165468,78.45
2023-08-31,ABB,4381.55,0.8191534647200351,291558,98411.0,2.962656613589944,237464,67.47
2023-08-31,TCS,3356.8,-1.0070924077323358,2421119,818723.0,2.957189427926173,1933444,70.84
2023-08-31,MARUTI,10003.8,2.1171042423747464,867226,315030.0,2.7528362378186206,608873,54.82
2023-08-31,ICICIBANK,958.75,-0.015642924183958417,15461131,5838998.0,2.6479082541216834,11492374,42.16
2023-08-31,AXISBANK,973.5,-1.001677937662076,9837527,3724094.0,2.641589336896437,7503959,45.63
2023-08-31,ASIANPAINT,3256.1,-1.1715785959267888,947551,369376.0,2.56527495018626,763108,59.15
2023-08-31,HDFCLIFE,644.75,1.2086963346676158,3121590,1262218.0,2.4730989417042064,2643701,69.77
2023-08-31,TORNTPHARM,1842.5,-5.740011254924031,813261,332920.0,2.442812086987865,428601,57.63
2023-08-31,HINDUNILVR,2505.05,-1.0624222437251778,2214075,907218.0,2.4405104396076798,1503939,68.43
2023-08-31,IDFC,121.75,-0.5310457516339916,9214020,3858475.0,2.3879952571935803,6298828,52.62
2023-08-31,HINDALCO,459.85,0.6787082649151664,4823726,2133138.0,2.261328615401348,3345021,51.9
2023-08-31,DIVISLAB,3592.1,-1.0658807976203666,377235,180131.0,2.09422586895093,315630,62.87
2023-08-31,PERSISTENT,5370.7,3.5635087448658904,248128,121775.0,2.0375939232190516,198197,35.78
2023-08-31,RELIANCE,2407.0,-0.4569797977709386,7136660,3522177.0,2.026207087264496,5497151,65.96
2023-09-01,IDEA,10.0,10.497237569060765,284747062,42697478.0,6.668943350705632,142213739,39.36
2023-09-01,IEX,131.75,4.397781299524562,11583903,1774184.0,6.529144102302805,10611249,46.38
2023-09-01,SAIL,96.95,6.890848952590958,21814062,4776223.0,4.5672201653901,12542254,41.64
2023-09-01,NMDC,130.5,6.054449410808617,23767748,5220431.0,4.552832515169724,14220337,60.34
2023-09-01,PNB,65.4,3.809523809523819,51214515,15942874.0,3.2123765765193903,23932439,42.57
2023-09-01,GAIL,121.35,5.521739130434778,16866812,6362923.0,2.650796182823523,14564036,52.72
2023-09-01,NATIONALUM,98.35,4.460966542750917,8097942,3249176.0,2.4923063570579127,6280764,42.66
2023-09-01,TORNTPHARM,1785.8,-3.0773405698778857,1764634,813261.0,2.1698249393491142,813261,72.62
2023-09-01,TATAPOWER,255.35,4.181966544267645,11586945,5724356.0,2.0241482185943713,10461147,41.3
2023-09-04,PVRINOX,1795.8,0.9443507588532858,860288,179253.0,4.799294851411134,565129,70.2
2023-09-04,RAIN,171.3,4.323995127892828,3461454,816709.0,4.238295402646475,1189307,41.0
2023-09-04,BALRAMCHIN,407.1,2.932996207332496,2113517,582158.0,3.630486912487675,1918841,35.36
2023-09-04,DELTACORP,186.95,2.3262178434592227,5131142,1475612.0,3.477297555183883,3242954,54.1
2023-09-04,WHIRLPOOL,1650.05,1.1338910851644144,182371,71019.0,2.56791844435996,109554,89.02
2023-09-04,L&TFH,129.55,2.451561882166871,4090831,1676556.0,2.440020494394461,3833367,45.8
2023-09-04,AARTIIND,499.6,1.7411668872823565,2059316,971020.0,2.1207760911206774,1609287,58.56
2023-09-05,COROMANDEL,1133.3,1.5137943389466018,314245,124319.0,2.527731078917945,248439,68.05
2023-09-06,TATACONSUM,878.9,3.8520619165780485,1394454,385475.0,3.61749529800895,1316338,38.53
2023-09-06,MRF,109395.75,0.8069941024695909,3646,1135.0,3.2123348017621147,3390,43.59
2023-09-06,MCDOWELL-N,1058.7,2.6220132796975673,807135,311665.0,2.5897518168546356,748482,38.41
2023-09-06,CHAMBLFERT,285.5,1.0798371393166972,2346411,1084905.0,2.1627801512574836,1658111,53.44
2023-09-07,COALINDIA,274.0,7.114933541829549,31416408,6122220.0,5.131538559542127,19333667,43.48
2023-09-07,DLF,530.75,2.2639691714836223,2796309,709884.0,3.9391069526852274,2374599,41.97
2023-09-07,NTPC,234.1,0.948684777921513,19214660,8862440.0,2.168100432837909,16187105,63.34
2023-09-08,RAIN,180.4,4.2172154823801336,5351053,723920.0,7.391773952922975,3461454,40.68
2023-09-08,IRCTC,725.55,2.5874867444326553,2967622,642040.0,4.622176188399477,2255180,21.87
2023-09-08,IEX,142.0,2.898550724637681,12485732,3525613.0,3.5414357730130903,11583903,37.94
2023-09-08,IOC,94.0,2.5081788440567037,13363006,4046437.0,3.3024129623172187,10094738,45.62
2023-09-08,TATAPOWER,268.85,1.9529768676526487,16830599,6159916.0,2.7322773557301754,11586945,31.74
2023-09-11,MGL,1051.7,-0.468461647660062,1275493,57346.0,22.242056987409757,405681,77.0
2023-09-11,LUPIN,1126.5,-0.18607123870280962,844659,213383.0,3.9584174934273113,775026,66.85
2023-09-11,CANBK,359.95,6.148628723090523,8428634,2265383.0,3.720622075825589,5468530,31.72
2023-09-12,LAURUSLABS,384.1,-5.719194894452616,3346056,486179.0,6.882354030100025,1503859,48.71
2023-09-12,LT,2944.1,1.7241379310344858,4168770,1008061.0,4.135434264394714,1744045,53.52
2023-09-12,HINDUNILVR,2498.85,-1.4746180384425862,3021956,814723.0,3.7091821392055953,2214075,76.57
2023-09-12,L&TFH,126.8,-2.983932670237178,8709485,2688414.0,3.2396368267684963,4090831,37.34
2023-09-12,MRF,107916.2,-1.3927665684854185,4080,1369.0,2.9802775748721695,3646,46.2
2023-09-12,BEL,134.15,-7.2909467864547235,26140156,10571901.0,2.472606960659204,17415671,53.62
2023-09-12,POWERGRID,191.3,-27.674858223062376,15013800,7081311.0,2.1202006238675297,11150953,50.34
2023-09-12,BPCL,348.4,-4.2199312714776696,5364816,2540478.0,2.1117348782394494,3775071,59.06
2023-09-12,TCS,3580.8,2.877336129745883,2546536,1246670.0,2.0426704741431174,2421119,56.89
2023-09-13,GRANULES,320.55,4.159220146222587,2014105,581350.0,3.464530833405006,944997,22.42
2023-09-13,INDUSTOWER,183.6,0.906842539159113,10974206,3173152.0,3.4584558193241293,6843446,65.67
2023-09-13,AUROPHARMA,902.5,3.592745638200178,2046187,790522.0,2.588399816829892,1415365,40.22
2023-09-13,INDUSINDBK,1455.05,1.8122660322569262,2080463,959732.0,2.1677541230260116,1574484,48.35
2023-09-14,LALPATHLAB,2311.3,3.1600089265788966,266477,33716.0,7.903576936765927,81499,41.46
2023-09-14,LTTS,4758.35,3.2706477271494303,115722,23974.0,4.826979227496454,108051,35.2
2023-09-14,BALRAMCHIN,435.1,4.679417779381702,3461187,772873.0,4.478338614494231,2216150,21.16
2023-09-14,SHREECEM,26445.0,0.7868193936021645,75963,27010.0,2.812402813772677,51218,85.39
2023-09-14,PEL,1068.7,-0.4656794262829468,3261799,1192119.0,2.7361354025898423,1825304,58.23
2023-09-14,HINDALCO,497.35,2.9283940397351063,5721691,2208973.0,2.59020413558699,4823726,35.52
2023-09-15,HDFCBANK,1661.75,1.1473613731815637,62176243,4594361.0,13.533164459649557,27344438,71.71
2023-09-15,SYNGENE,834.5,0.2824010094333982,2306562,324499.0,7.10807121131344,736030,64.73
2023-09-15,BAJAJFINSV,1538.1,-0.8253272293507113,2211831,346695.0,6.379760308051746,1334695,70.97
2023-09-15,TATAMOTORS,634.25,1.544988792827406,10532162,1781079.0,5.913360384351284,7548953,55.67
2023-09-15,EXIDEIND,268.25,-0.18604651162790697,3237192,561811.0,5.762065890486302,1932842,69.15
2023-09-15,HINDPETRO,252.25,-2.4177949709864603,6781128,1206957.0,5.618367514335639,5896201,62.43
2023-09-15,NAUKRI,4484.6,1.2245082216980598,549567,118833.0,4.624700209537755,236729,66.66
2023-09-15,INDIAMART,3086.45,-0.506100607643095,380271,83646.0,4.546194677569758,154454,67.53
2023-09-15,BAJAJ-AUTO,5130.5,5.903602022912581,462039,126439.0,3.6542443391675037,328687,27.34
2023-09-15,JSWSTEEL,812.85,0.30850866909360153,2753016,829159.0,3.320251001315791,2439897,61.8
2023-09-15,GAIL,123.85,-1.6282764098490956,21603350,6519862.0,3.3134673709351516,16866812,78.41
2023-09-15,EICHERMOT,3427.2,1.354468563316961,734792,229437.0,3.2025872025872024,624269,62.83
2023-09-15,M&M,1601.1,2.2413793103448216,3321107,1049719.0,3.163805742298653,2059606,61.21
2023-09-15,BIOCON,276.75,0.6546644844517227,3235561,1051528.0,3.077008886116204,2642198,46.51
2023-09-15,IOC,91.95,-2.8526148969889094,23854669,8087311.0,2.9496416052257666,13363006,67.8
2023-09-15,VEDL,236.3,0.042337002540229776,14649357,4990702.0,2.9353299395555976,7921582,73.12
2023-09-15,METROPOLIS,1476.8,1.4982817869415777,288751,105592.0,2.7345916357299798,203844,30.92
2023-09-15,MRF,109233.85,-1.5922343216855614,5113,2025.0,2.5249382716049382,4080,36.14
2023-09-15,TATASTEEL,131.95,0.18982536066818528,53893265,22196545.0,2.4280024210975175,36912762,63.36
2023-09-15,HDFCLIFE,644.9,-0.08521186768921964,5267702,2386631.0,2.2071706937519875,3121590,77.15
2023-09-15,ONGC,186.65,-0.6652474720596061,12434864,6150252.0,2.0218462593077486,10314248,62.41
2023-09-18,ESCORTS,3170.15,0.5774203270991061,427814,104489.0,4.0943448592674825,295105,60.3
2023-09-18,CONCOR,735.65,2.551055969889169,1822193,585322.0,3.1131462682079265,1581183,59.73
2023-09-20,RELIANCE,2382.15,-2.228652342547548,22544832,2612554.0,8.629422396627975,7136660,78.99
2023-09-20,M&MFIN,309.5,2.6704262730137707,4515310,1270702.0,3.553398042971523,4143698,34.58
2023-09-20,BALKRISIND,2550.3,0.9260358542087179,334570,94888.0,3.5259463788887953,268229,68.68
2023-09-20,INDUSINDBK,1440.45,-1.1291097535863852,2134540,843325.0,2.5311001096848784,2080463,37.56
2023-09-20,BPCL,352.55,-2.164562231164149,5662391,2551166.0,2.2195305989496568,5364816,61.91
2023-09-22,GODREJCP,986.15,-0.13670886075949598,1158737,282818.0,4.097111923569221,1053901,78.32
2023-09-22,BERGEPAINT,669.3,-11.145038167938939,889647,368479.0,2.4143763959411526,809663,12.34
2023-09-25,DELTACORP,142.8,-18.5860889395667,16266692,661778.0,24.580285231603348,5131142,24.44
2023-09-25,JUBLFOOD,541.25,1.9303201506591336,3323313,718957.0,4.6224085724181005,2339927,54.79
2023-09-25,BAJFINANCE,7819.85,4.664484999364237,895515,208574.0,4.2935121347819,884562,38.15
2023-09-25,GODREJPROP,1595.85,3.70743436443982,688092,202137.0,3.404087326911946,337516,42.64
2023-09-25,MCX,1902.3,6.658069580331362,760488,366346.0,2.0758736276634657,589622,20.1
2023-09-26,CROMPTON,295.95,0.8519338899301414,3140203,796520.0,3.9424032039371264,2128909,78.12
2023-09-26,SBICARD,786.35,-0.13335026670052763,3118988,925404.0,3.3704068709450143,1472199,80.39
2023-09-27,VEDL,209.0,-6.696428571428571,15683499,2075031.0,7.55819985339978,14649357,44.17
2023-09-28,TRENT,2064.55,-2.332237386758745,2728816,258793.0,10.544396486767416,579037,68.97
2023-09-28,SHRIRAMFIN,1871.45,-1.1070598182202518,3359309,360144.0,9.327682815762584,1627490,77.63
2023-09-28,POWERGRID,200.75,0.7022824178580415,33187897,3774732.0,8.792120076339195,17727110,66.13
2023-09-28,NAVINFLUOR,4357.65,-1.9618209838352412,258839,42386.0,6.1067097626574816,186106,61.21
2023-09-28,PAGEIND,38771.85,0.21116485720525016,77892,13152.0,5.922445255474453,30345,66.56
2023-09-28,ICICIPRULI,566.1,-2.388136908354172,3283892,587643.0,5.588243202080174,2554312,79.88
2023-09-28,ZYDUSLIFE,602.75,-0.3965958853176861,4209211,817894.0,5.146401611944824,858979,79.36
2023-09-28,TVSMOTOR,1523.9,-0.2846392933093348,3607403,777545.0,4.639478100945926,1159360,76.2
2023-09-28,TECHM,1229.5,-4.5900748845691295,3283637,744136.0,4.4126839717471,2482364,49.97
2023-09-28,NTPC,237.05,-0.9402423735896365,23135286,6137092.0,3.7697473005130115,19214660,70.35
2023-09-28,BERGEPAINT,569.55,-5.6567831704489135,1066376,341810.0,3.119791697141687,1023465,33.76
2023-09-28,BOSCHLTD,19319.75,0.5265745854916252,44766,15044.0,2.9756713639989365,21296,56.99
2023-09-28,HAL,1889.15,-50.77390103447377,1057755,505102.0,2.094141381344758,552221,53.1
2023-09-29,NAVINFLUOR,3766.7,-13.561208449508333,1203305,258839.0,4.648855079798639,258839,37.06
2023-10-03,OFSS,4087.15,-0.5765231034944177,131854,9968.0,13.227728731942214,91491,87.28
2023-10-03,SIEMENS,3569.65,-2.800544588155205,418736,101778.0,4.1142093576214895,294202,60.37
2023-10-03,EICHERMOT,3351.4,-2.772015840090507,747753,224201.0,3.3351902979915344,734792,55.22
2023-10-03,MARICO,575.7,2.5015579097302716,1443361,553222.0,2.609008680059723,1327964,24.24
2023-10-03,ONGC,184.6,-3.7789940057336464,12676716,5601141.0,2.2632381509410315,12434864,57.31
2023-10-04,COROMANDEL,1144.15,-0.1962665736217725,795660,210920.0,3.77233074151337,314245,81.98
2023-10-04,ULTRACEMCO,8120.85,-2.2161615431853394,691483,268723.0,2.5732185186976926,427406,78.19
2023-10-05,OBEROIRLTY,1091.05,-2.6804031754526765,604044,200470.0,3.013139123060807,383352,35.1
2023-10-05,BSOFT,513.35,4.466829466829476,1754706,663020.0,2.6465355494555216,1714064,24.06
2023-10-06,BAJAJFINSV,1634.65,5.970633042689063,2373603,541031.0,4.387184837837388,2211831,32.14
2023-10-06,L&TFH,137.55,4.600760456273774,9822656,2545019.0,3.8595609698788103,8709485,39.32
2023-10-06,ALKEM,3522.5,1.8799710773680405,178550,66063.0,2.702723158197478,175110,68.7
2023-10-06,RAMCOCEM,949.7,1.085683874401282,543940,219792.0,2.474794351022785,411837,53.39
2023-10-09,LTTS,4746.95,1.975295381310415,136911,26424.0,5.181312443233424,115722,37.46
2023-10-09,DEEPAKNTR,2068.95,-1.8757410481384957,324388,67100.0,4.834396423248882,311082,76.74
2023-10-09,ASHOKLEY,171.7,-0.11634671320536187,10122745,2134087.0,4.743360978254401,6822963,64.82
2023-10-10,CHAMBLFERT,284.2,4.14071088310737,2479790,327897.0,7.5627102413257825,2251333,58.89
2023-10-10,COALINDIA,303.25,5.368311327310629,8636371,1531070.0,5.640742095397337,6969277,37.09
2023-10-10,CUB,134.75,7.157057654075547,8775549,1625318.0,5.399281248346478,4717884,36.29
2023-10-10,DLF,561.75,3.86428769529444,4381628,928608.0,4.718490471759882,2869435,38.55
2023-10-10,IDFCFIRSTB,90.25,0.22209883398112473,34909356,9354378.0,3.731873567649287,28303927,64.69
2023-10-10,BSOFT,539.1,4.527387300048478,2585400,890289.0,2.9040008356836937,1754706,40.01
2023-10-10,PFC,249.95,4.037460978147759,10533061,4502539.0,2.3393603031533985,10434285,49.87
2023-10-11,IGL,460.4,0.3924989097252409,1531246,381970.0,4.008812210383014,943651,63.47
2023-10-11,ABBOTINDIA,22430.25,-1.397042823450798,14398,3698.0,3.893455922120065,11338,71.86
2023-10-11,INDIACEM,228.85,0.13126230584116513,3694695,968028.0,3.816723276599437,2791924,35.3
2023-10-11,BANKBARODA,207.2,-3.3131124591693992,19216861,5231250.0,3.673474026284349,14239132,44.65
2023-10-11,TATACHEM,1036.1,1.89811172305271,595460,167599.0,3.5528851604126515,375535,21.59
2023-10-12,WHIRLPOOL,1715.95,2.597907324364726,496982,40296.0,12.333283700615446,220009,79.25
2023-10-12,APOLLOHOSP,4993.85,-1.9439017446027274,584171,180933.0,3.228659227448835,386987,56.74
2023-10-12,GAIL,129.35,4.6944556859571005,22303744,8427657.0,2.646494037429383,21603350,50.12
2023-10-12,GRASIM,2001.8,1.0959042472602418,930890,395842.0,2.3516706160538803,924136,44.32
2023-10-12,PVRINOX,1765.9,4.10918523758991,578453,277383.0,2.085394562752584,361497,44.75
2023-10-13,TATACONSUM,913.35,2.353336695242898,1996670,337434.0,5.917216403800447,1324763,39.0
2023-10-13,METROPOLIS,1558.4,3.43134001460145,733185,223179.0,3.2851881225384107,288751,36.55
2023-10-16,DALBHARAT,2322.1,1.288957710845989,437381,101588.0,4.3054396188526205,299995,31.1
2023-10-16,LAURUSLABS,398.7,-1.3118811881188148,1497547,388982.0,3.8499133636003724,519154,42.76
2023-10-16,ATUL,6877.65,-0.8855615281520762,51187,17281.0,2.9620392338406343,36585,75.77
2023-10-16,GNFC,669.0,5.370924555048043,1723074,604002.0,2.852762076946765,604002,23.46
2023-10-16,HEROMOTOCO,3161.0,2.0187513111394466,425744,154805.0,2.750195407125093,363429,44.04
2023-10-16,ABFRL,227.15,2.0898876404494406,1411506,593675.0,2.3775735882427256,1124868,41.53
2023-10-16,ASTRAL,1949.45,0.6349534109387479,448695,204952.0,2.1892687068191576,258867,57.97
2023-10-17,L&TFH,139.1,3.1134173461823487,13346324,3605608.0,3.7015460360638204,9822656,49.73
2023-10-17,MCDOWELL-N,1086.4,0.7792207792207876,1395014,537451.0,2.595611506909467,705160,70.14
2023-10-17,APOLLOTYRE,389.9,2.443510246978443,2419769,1024274.0,2.362423531203565,2323680,28.06
2023-10-17,CANFINHOME,768.25,3.9650855944245147,426666,180943.0,2.3580132970051344,407095,26.52
2023-10-17,MPHASIS,2290.75,-2.9137529137529135,364150,159334.0,2.285450688490843,363909,48.12
2023-10-17,EXIDEIND,268.8,1.6449234259784544,1775529,817531.0,2.1718185610086955,1697153,30.22
2023-10-17,POLYCAB,5467.85,0.873535651692655,348849,160759.0,2.17001225436834,301967,47.04
2023-10-18,CIPLA,1210.6,3.161482743928411,3611649,479923.0,7.525475961768867,1376832,49.02
2023-10-18,IDFC,126.2,-0.35530990919858096,11701746,1695812.0,6.900379287326661,8817069,61.86
2023-10-18,BATAINDIA,1630.4,0.08594229588705285,179484,26751.0,6.709431423124369,173133,67.42
2023-10-18,SYNGENE,727.3,-6.684629201950221,3821058,668618.0,5.714859605933433,884344,52.2
2023-10-18,COFORGE,5092.1,0.6005887350099877,374933,82190.0,4.561783671979559,368838,59.86
2023-10-18,LTTS,4353.6,-5.6324442662215795,308276,77156.0,3.995489657317642,136911,37.35
2023-10-18,LUPIN,1191.05,-0.5510791967603336,1244913,385760.0,3.2271697428452923,796542,68.14
2023-10-18,TATACHEM,1044.25,-0.10044963168467948,671457,249373.0,2.692580993130772,595460,68.78
2023-10-18,BIOCON,238.65,-6.37504903883876,6007953,2236786.0,2.6859757705922696,2424026,45.92
2023-10-18,AUROPHARMA,899.9,-0.9138956177053588,1260572,507357.0,2.4845858044729847,1247754,53.54
2023-10-18,SUNTV,661.8,3.0119075414428993,1208001,491624.0,2.457164418335964,796753,28.66
2023-10-18,JKCEMENT,3288.9,-0.037992188805981486,57796,27394.0,2.1098050668029495,56930,45.01
2023-10-18,HAVELLS,1340.35,-3.157400382934146,1040369,515076.0,2.0198359077107066,573502,52.82
2023-10-19,BAJAJ-AUTO,5482.6,6.7203908629935665,992154,155491.0,6.380780881208559,448757,34.96
2023-10-19,IGL,457.65,-4.804992199687992,2472035,397647.0,6.216656984712571,1531246,51.01
2023-10-19,WIPRO,395.3,-2.9819609768069646,5745789,1007876.0,5.700888799812676,4909289,44.84
2023-10-19,INDUSINDBK,1450.35,2.112155454641462,7216837,1318597.0,5.4731180186213075,2828584,51.74
2023-10-19,NESTLEIND,24132.35,3.737273217713135,75471,16026.0,4.709284912017971,62597,25.81
2023-10-19,ASTRAL,1843.85,-6.088927370887245,936464,247065.0,3.7903547649404,448695,45.07
2023-10-19,BHARATFORG,1094.75,-1.0261278365428,527672,146679.0,3.597461122587419,524663,63.56
2023-10-19,LTIM,5457.8,5.869801365611429,455294,151395.0,3.0073252088906504,206812,25.18
2023-10-19,DABUR,525.65,-1.5636704119850229,2731126,931344.0,2.9324567506742945,1523608,66.72
2023-10-19,ABFRL,237.85,3.2335069444444393,3564056,1250712.0,2.8496216555050244,1455463,39.85
2023-10-19,JKCEMENT,3345.1,1.708778010885093,123965,57796.0,2.14487161741297,57796,55.62
2023-10-20,UBL,1610.65,2.838079427914701,432392,66743.0,6.478462160825854,304031,20.5
2023-10-20,LAURUSLABS,400.95,1.1478304742684187,2770376,710711.0,3.8980345034760964,1497547,39.98
2023-10-20,VOLTAS,818.6,-2.414019192942719,1619968,445183.0,3.638881089349773,659022,56.7
2023-10-20,HINDUNILVR,2495.15,-2.078018916055093,2452852,753219.0,3.2564924676621274,1423663,67.98
2023-10-20,TATACOMM,1710.25,-3.753622780607223,818809,268586.0,3.0485915125881466,654217,51.08
2023-10-20,IGL,403.2,-11.89773844641101,6501809,2472035.0,2.6301443952047605,2472035,31.28
2023-10-20,DABUR,524.8,-0.16170455626367788,6162123,2731126.0,2.2562573092563287,2731126,81.08
2023-10-23,IPCALAB,998.8,6.720803504647931,1383597,61801.0,22.387938706493422,578846,22.59
2023-10-23,RBLBANK,230.5,-5.687397708674307,6438859,858672.0,7.498624620343973,5625922,24.68
2023-10-23,BALKRISIND,2566.9,1.0292236544327498,421376,98262.0,4.288290488693493,208022,41.03
2023-10-23,M&M,1565.15,0.4428044280442862,3310331,904795.0,3.658653065058936,2065131,81.35
2023-10-23,ATUL,6391.3,-4.274566777000609,101538,29946.0,3.3907032658785816,51187,60.25
2023-10-23,DALBHARAT,2075.45,-3.8275294826348025,467229,148805.0,3.1398743321796982,437381,55.51
2023-10-25,TORNTPHARM,1922.25,2.3943962073190246,443454,65692.0,6.750502344273276,387205,26.36
2023-10-25,APOLLOHOSP,4859.9,-2.206437202563623,605077,223087.0,2.712291617171776,584171,67.66
2023-10-26,TECHM,1115.45,-2.337696449678242,3469039,675740.0,5.133688992807885,3283637,48.86
2023-10-26,COFORGE,4904.4,0.10920484583744713,500861,129754.0,3.860081384774265,374933,57.01
2023-10-26,HCLTECH,1231.8,0.22782750203417043,3037087,807020.0,3.7633354811528834,2251274,65.77
2023-10-26,RBLBANK,216.35,-4.036371701042357,12210003,4282447.0,2.851174340277883,6438859,44.34
2023-10-26,ASIANPAINT,2960.3,-3.2834553058024047,969111,342919.0,2.8260638809748073,932670,52.84
2023-10-26,JUBLFOOD,506.05,-4.356454356454358,4069344,1498912.0,2.7148651822121646,3688146,40.36
2023-10-26,BAJFINANCE,7421.8,-3.54346314551397,725915,311409.0,2.331066218381614,699722,54.8
2023-10-27,TATACOMM,1607.95,3.1232964566297925,1351346,507893.0,2.660690342257129,979802,66.37
2023-10-27,DIXON,5374.75,0.6328462164970685,370901,160890.0,2.305307974392442,329927,31.42
2023-10-27,CANBK,380.8,5.96911089467093,6633132,2943152.0,2.253751080474267,5038385,24.38
2023-10-30,M&MFIN,245.5,-11.467724486116124,11169337,658307.0,16.96676018939492,3733481,37.26
2023-10-30,PETRONET,201.7,-8.422247446084,6644788,419908.0,15.82439010449908,2282585,33.01
2023-10-30,JKCEMENT,3081.95,0.1901758720457693,147256,10467.0,14.068596541511416,123965,77.33
2023-10-30,SBICARD,750.35,-5.0670546558704395,3831233,290238.0,13.200314913967159,1280143,52.92
2023-10-30,BPCL,346.9,3.567696671144944,3848149,583421.0,6.595835597278809,3667369,35.19
2023-10-30,AUBANK,665.95,-3.4994928271265,3256716,737169.0,4.4178689011610635,1357065,37.22
2023-10-31,SIEMENS,3330.95,-2.9047396956800586,535516,44137.0,12.13304030631896,483036,45.68
2023-10-31,SUNPHARMA,1088.6,-2.385222381635593,4469193,615498.0,7.261100767183646,1517990,69.01
2023-10-31,ABCAPITAL,172.45,0.23249055507118702,1810027,366930.0,4.932894557545036,1699314,57.03
2023-10-31,MRF,108297.8,-0.6585290008686769,4310,994.0,4.336016096579477,3483,51.73
2023-10-31,TVSMOTOR,1590.8,-1.1188463451019393,1172328,381208.0,3.0752974753940108,768226,49.06
2023-10-31,IOC,89.7,1.643059490084989,12480089,4816283.0,2.5912283393646094,7308173,43.0
2023-10-31,PIDILITIND,2458.0,6.307981748588971,559744,222551.0,2.5151268697961364,342252,24.18
2023-11-01,MFSL,883.8,-3.3147358057105425,2143429,112368.0,19.075083653709243,969175,58.62
2023-11-01,JINDALSTEL,585.05,-7.691700852003787,3806144,732633.0,5.195157739277374,996700,31.17
2023-11-01,LALPATHLAB,2380.7,-1.5914351851851853,356459,89735.0,3.9723519251128323,176356,73.25
2023-11-01,IDEA,12.8,8.016877637130811,221996634,85389266.0,2.5998189749048786,90469176,22.84
2023-11-02,GODREJCP,991.15,1.6929154055301905,1547984,263309.0,5.878963499158783,914767,55.34
2023-11-02,RECLTD,302.4,6.911790701785383,15447352,3755990.0,4.112724474772297,8765594,26.28
2023-11-02,HEROMOTOCO,3052.1,-1.3047906999304728,448473,142125.0,3.1554828496042218,425744,35.37
2023-11-02,ALKEM,3792.25,1.8696358776677877,212936,81245.0,2.6209120561265307,178550,66.27
2023-11-02,TATASTEEL,118.1,1.2864493996569468,25538121,10078581.0,2.5339004568202608,18083675,35.21
2023-11-02,INDIAMART,2564.7,0.594222509854666,218188,92083.0,2.369471020709577,145705,68.12
2023-11-03,PERSISTENT,6286.15,0.975029917516,312889,102040.0,3.0663367306938456,251627,63.51
2023-11-03,PETRONET,196.05,0.5384615384615442,9003721,3025248.0,2.976192695607104,6644788,76.11
2023-11-03,CONCOR,713.75,4.5787545787545785,1969465,757920.0,2.5985130356765884,1406415,40.68
2023-11-06,AARTIIND,510.0,10.737162088806858,2365065,206026.0,11.479449195732577,727502,16.0
2023-11-06,BHARATFORG,1075.7,4.350778483775539,1403261,234279.0,5.989700314582186,1100293,38.51
2023-11-06,SRF,2337.2,3.7211263230301515,479444,91171.0,5.258733588531441,317865,56.73
2023-11-06,HAVELLS,1262.5,-0.6687647521636507,1108336,234794.0,4.720461340579401,1074251,69.55
2023-11-06,COROMANDEL,1099.1,2.5327673865385383,469643,113829.0,4.1258642349489145,434468,76.1
2023-11-06,JKCEMENT,3402.95,8.663164785336793,258722,68219.0,3.7925211451355194,147256,21.06
2023-11-06,HEROMOTOCO,3166.9,2.5085777173561206,462970,126331.0,3.664737871148016,448473,54.43
2023-11-06,DIVISLAB,3506.7,4.6557435759692005,308224,119902.0,2.5706326833580757,250374,16.92
2023-11-06,IEX,133.45,4.5846394984325975,5155738,2314081.0,2.2279851051021984,3089155,35.57
2023-11-06,GLENMARK,755.45,1.1853736940798316,383600,175470.0,2.186128682965749,359985,51.69
2023-11-07,OFSS,3960.95,-0.5186357243319292,111904,14968.0,7.476215927311598,62328,85.07
2023-11-07,TRENT,2424.0,8.543793659322954,1057660,225078.0,4.699082095984503,521631,30.93
2023-11-07,HINDPETRO,278.65,6.314383822968314,7425828,1984542.0,3.741834639932035,2688085,36.52
2023-11-07,ABBOTINDIA,23786.45,2.0264647851076636,15202,5318.0,2.8585934561865365,14398,68.22
2023-11-07,BHARATFORG,1054.8,-1.9429208887236302,3217842,1403261.0,2.2931172461858487,1403261,60.05
2023-11-07,ALKEM,4027.35,5.284690996549203,242193,114826.0,2.109217424625085,212936,36.57
2023-11-08,MPHASIS,2182.2,-0.9126821958861355,574725,47192.0,12.178441261230716,457092,88.21
2023-11-08,RAIN,148.3,-4.1370394311570635,1618188,239648.0,6.752353451729203,1320423,41.0
2023-11-08,CUMMINSIND,1767.2,4.008004237537528,1260200,258370.0,4.877501257885977,446851,54.27
2023-11-08,GRANULES,358.05,1.015658061785872,1413105,299332.0,4.720861785575882,886089,47.7
2023-11-08,APOLLOTYRE,410.3,6.8211403280395695,3856067,1038786.0,3.7120898818428434,2419769,22.61
2023-11-08,BATAINDIA,1556.95,1.1926426621604145,230927,84596.0,2.729762636531278,179484,52.18
2023-11-08,TATAPOWER,254.95,2.0616493194555554,5702598,2364115.0,2.4121491551806913,4629643,43.43
2023-11-08,SAIL,85.95,0.7620164126612025,9117745,4386945.0,2.078381424886795,8305672,49.73
2023-11-09,TECHM,1123.95,-1.3343282271869417,4076816,489422.0,8.329858486132622,3469039,67.47
2023-11-09,PIIND,3647.85,1.9208739627280602,477182,83095.0,5.742607858475239,196833,30.57
2023-11-09,PFC,277.3,5.217226332764182,16508919,2889390.0,5.713634711824987,10533061,35.39
2023-11-09,EXIDEIND,268.7,0.8633633633633677,1908696,478539.0,3.988590271639302,1775529,55.74
2023-11-09,TATACONSUM,902.85,-1.4678598712212083,2206620,768513.0,2.8712851962165895,1996670,69.08
2023-11-09,TITAN,3283.75,-0.8484683787007236,840123,322868.0,2.6020633819393684,696457,63.77
2023-11-10,MUTHOOTFIN,1273.25,-3.0458785455929944,738876,117391.0,6.29414520704313,688792,25.72
2023-11-10,VEDL,245.25,4.272959183673474,10058866,1618530.0,6.214815913205192,5176449,56.9
2023-11-10,ZEEL,248.95,-5.288187178999442,8498424,1429703.0,5.944188408361737,4565814,32.24
2023-11-10,PEL,945.75,-4.12104622871046,536488,114722.0,4.67641777514339,489034,24.0
2023-11-10,HAL,2058.9,1.38369115619461,1204950,306789.0,3.927618004556878,1075420,25.34
2023-11-10,MCDOWELL-N,1044.35,-4.808130525932003,2168854,694562.0,3.12262116268958,1395014,52.78
2023-11-10,GMRINFRA,57.65,2.5800711743772164,4148659,1432109.0,2.8968877368971215,3414074,27.02
2023-11-13,HINDCOPPER,162.05,8.069356452150734,9193271,808746.0,11.367315572503605,3014239,25.44
2023-11-13,COALINDIA,349.35,5.289330922242318,15574222,3138127.0,4.962903668334647,5302739,36.92
2023-11-13,PNB,79.1,3.6018336607727575,22819508,4883219.0,4.673046201696053,22393705,37.1
2023-11-13,BHEL,136.5,5.813953488372093,23206589,5663933.0,4.097256976733306,9920945,29.97
2023-11-13,GLENMARK,724.45,-5.033754997705968,747150,200311.0,3.729949927862174,383600,20.44
2023-11-13,MANAPPURAM,140.35,1.4456089627755693,7287066,2014538.0,3.6172392876183026,6578553,53.28
2023-11-13,FEDERALBNK,152.9,2.3084643693543105,10512559,4669704.0,2.2512259877713876,9680317,53.82
2023-11-15,OBEROIRLTY,1302.7,5.622896987878553,571709,58294.0,9.807338662641095,512919,28.46
2023-11-15,BOSCHLTD,19722.4,1.2630670965886919,17417,2460.0,7.080081300813008,15093,62.34
2023-11-15,MARICO,519.1,-0.3646833013435657,1840813,302205.0,6.091272480600916,1493462,77.44
2023-11-15,BAJFINANCE,7224.3,-1.8550846709279523,1038251,318595.0,3.25884273136741,725915,53.98
2023-11-15,EICHERMOT,3848.3,5.565918692050258,768407,239281.0,3.2113164020544884,251197,40.14
2023-11-15,INFY,1410.5,2.6901095700921007,6723599,2516782.0,2.6715063124259473,4803117,78.62
2023-11-15,IBULHSGFIN,180.3,2.5597269624573378,11629651,4956505.0,2.346341020537657,6572697,52.72
2023-11-15,PERSISTENT,6263.8,0.4441878738313981,381329,169168.0,2.254143809703963,312889,48.77
2023-11-15,POWERGRID,210.15,-1.012717852096093,15627693,7275970.0,2.14785011483005,14865197,81.47
2023-11-15,HINDALCO,505.4,3.671794871794867,4287155,2024195.0,2.1179555329402553,4240687,36.72
2023-11-15,MANAPPURAM,150.5,7.231920199501252,15109755,7287066.0,2.0735032453390705,7287066,36.29
2023-11-17,SBICARD,732.85,-5.138825965956888,5683809,767778.0,7.402932879035347,3831233,56.34
2023-11-17,SBIN,563.05,-3.6945180877448087,23418513,4086521.0,5.7306723738847785,8700995,63.0
2023-11-17,SBILIFE,1413.95,3.9707342181697856,1287694,233729.0,5.509346294212528,942000,40.33
2023-11-17,EXIDEIND,281.1,3.2886275950762616,2938168,550611.0,5.336195608151671,1908696,44.48
2023-11-17,ICICIPRULI,559.85,2.1251368113827027,2674637,690963.0,3.8708831008317377,1960486,60.98
2023-11-17,IRCTC,707.35,4.075627161038777,1627423,447814.0,3.634149445975338,820701,33.25
2023-11-17,HDFCAMC,2906.7,3.5850468621930762,466013,131329.0,3.54843941551371,356522,34.86
2023-11-17,ICICIGI,1446.15,3.3259502715061577,906956,270122.0,3.357579167931527,600779,38.97
2023-11-17,GMRINFRA,58.7,1.9097222222222248,5272421,1645837.0,3.2034891669102104,4148659,37.22
2023-11-17,PEL,937.55,-2.985306291390731,604168,201389.0,3.000004965514502,536488,36.64
2023-11-17,HINDPETRO,310.0,-3.200624512099922,7479880,2537614.0,2.9476035362352193,7425828,40.8
2023-11-17,ABCAPITAL,170.95,-5.65673289183223,3933309,1503554.0,2.616007805506154,1914760,37.73
2023-11-17,MRF,111475.25,1.0665569042650889,4886,1870.0,2.6128342245989304,4310,41.09
2023-11-17,ASHOKLEY,174.3,-0.028677946659009433,11325120,4529857.0,2.5001054117160875,5777627,63.07
2023-11-17,FEDERALBNK,148.1,-1.3981358189081188,10925176,4944534.0,2.20954613720929,10593721,62.23
2023-11-20,DIVISLAB,3672.95,2.00230501131677,510789,129950.0,3.9306579453636012,372639,31.9
2023-11-20,NATIONALUM,92.6,-0.16172506738545087,8032210,3592521.0,2.2358143487539808,6589505,61.95
2023-11-20,BALRAMCHIN,445.15,1.7020790495773337,820588,376122.0,2.181706999324687,712740,34.83
2023-11-21,PETRONET,194.95,-0.10248526774277071,9287744,907950.0,10.229356242083815,9003721,68.94
2023-11-21,HDFCLIFE,667.9,2.3758430410790927,2496667,1149467.0,2.1720214673409504,1987681,49.17
2023-11-22,TVSMOTOR,1739.3,0.8494477140289255,1507322,251854.0,5.984903952289819,1172328,74.75
2023-11-22,SHREECEM,25997.05,0.2313293146290731,32975,6238.0,5.286149406861173,31938,83.68
2023-11-22,RAIN,146.25,2.848101265822793,2245806,454657.0,4.939561031722815,1618188,42.08
2023-11-22,BPCL,402.1,3.6340206185567068,4213468,996657.0,4.227600869707432,3951194,32.75
2023-11-23,CIPLA,1170.65,-7.931576877703493,2910615,377312.0,7.7140801246713595,1184244,38.08
2023-11-23,DEEPAKNTR,2206.2,3.4123933627074026,221487,42240.0,5.2435369318181815,205964,19.17
2023-11-23,ABFRL,226.3,5.255813953488377,2672306,596818.0,4.477589482890932,2034521,28.53
2023-11-24,GRANULES,387.2,4.620372872196694,2296766,516118.0,4.450079245443871,1413105,29.32
2023-11-24,BANDHANBNK,212.35,-0.02354048964218991,7253654,1812839.0,4.001267624979383,5367959,50.57
2023-11-24,GMRINFRA,60.35,5.691768826619965,7386769,1854432.0,3.983305400251937,5272421,32.57
2023-11-24,BHEL,152.25,6.654991243432574,23332814,9552793.0,2.4425122579333602,23206589,21.26
2023-11-28,GAIL,125.3,0.6425702811244957,13131563,3274462.0,4.010296347919139,11790357,65.8
2023-11-28,HINDUNILVR,2510.55,-0.18487595419845881,1592725,432568.0,3.6820222485250875,1143126,84.69
2023-11-28,INDIACEM,229.7,4.409090909090904,3214336,890258.0,3.610566824448643,1308708,30.72
2023-11-28,HINDPETRO,342.75,7.042473454091197,12042129,3417842.0,3.5233135411174654,7479880,45.47
2023-11-28,ADANIENT,2423.5,8.899323732278875,1604861,456169.0,3.518128149874279,597149,13.4
2023-11-28,AMBUJACEM,431.2,4.079169683804001,3053423,942751.0,3.238843554660775,2056538,39.89
2023-11-28,TATAPOWER,270.8,4.900251791594048,10098016,3218052.0,3.137928162751876,5702598,40.81
2023-11-28,ACC,1869.0,2.664103268332876,217593,72694.0,2.993273172476408,197292,23.28
2023-11-28,COLPAL,2180.3,-0.6742289645118549,417112,153742.0,2.7130647448322516,312620,61.46
2023-11-28,ULTRACEMCO,8726.5,1.9903695565788464,244382,114800.0,2.1287630662020907,237876,71.18
2023-11-28,VOLTAS,820.45,-0.551515151515146,770861,371030.0,2.0776244508530306,713497,67.62
2023-11-29,ICICIPRULI,551.7,0.027196083763954486,7527482,548624.0,13.720657499489633,2674637,87.48
2023-11-29,ABCAPITAL,169.15,-0.5584950029394407,11055458,1109870.0,9.96103868020579,3933309,80.92
2023-11-29,LAURUSLABS,374.8,1.0923803101820664,2623332,290283.0,9.037153398580006,1284256,76.86
2023-11-29,AARTIIND,559.25,5.508914253372332,3009384,345641.0,8.706675423343874,2365065,44.44
2023-11-29,ZEEL,249.7,-2.3846755277560683,12095849,3152779.0,3.8365673585113322,8498424,37.69
2023-11-29,GMRINFRA,60.3,0.0829875518672152,36693488,10320459.0,3.555412409467447,10320459,79.3
2023-11-29,GUJGASLTD,433.55,1.3085640845893265,661582,230656.0,2.8682626942286347,449464,50.5
2023-11-29,JUBLFOOD,563.25,3.405544336331917,2981510,1151995.0,2.5881275526369474,2627835,50.19
2023-11-29,HINDCOPPER,173.3,2.7267338470658107,9338068,4034834.0,2.314362375255091,9193271,32.5
2023-11-30,PERSISTENT,6399.95,-0.6635416828348364,4144390,211327.0,19.611265952765145,381329,57.05
2023-11-30,OFSS,4011.0,-0.2920887452613262,633915,38677.0,16.38997336918582,111904,79.49
2023-11-30,ESCORTS,3150.3,-0.7247975293858128,1213822,85738.0,14.1573398026546,321487,77.7
2023-11-30,DALBHARAT,2217.55,0.6787433033687584,2290116,172464.0,13.278806011689396,295728,83.17
2023-11-30,TATACOMM,1705.55,-0.4465328041092745,11233989,853890.0,13.15624846291677,1017409,63.65
2023-11-30,POLYCAB,5267.9,2.0327525929943118,4581115,349600.0,13.103875858123569,427795,67.19
2023-11-30,ACC,1875.55,0.20034191687146063,1990040,153494.0,12.964936740198313,217593,73.76
2023-11-30,INDUSINDBK,1466.1,-1.1762326851134135,30002210,2362462.0,12.69955241608119,2571207,65.87
2023-11-30,OBEROIRLTY,1400.85,-0.007138013490855236,4171608,362700.0,11.50153846153846,913414,82.53
2023-11-30,IDEA,13.05,-1.1363636363636256,323727026,28250414.0,11.459195819218792,221996634,52.42
2023-11-30,ABB,4419.75,4.139913525995213,346780,34875.0,9.943512544802868,192621,62.04
2023-11-30,HDFCAMC,2969.55,1.2547949876395936,807095,100719.0,8.013334127622395,466013,70.08
2023-11-30,INTELLECT,734.45,5.24468008884431,633150,88977.0,7.115883880103847,335347,32.24
2023-11-30,POWERGRID,208.95,-0.9950248756219013,49063109,7187314.0,6.826348340979676,20524398,81.29
2023-11-30,TRENT,2787.0,4.132416679121205,1440308,218688.0,6.58613184079602,1057660,61.47
2023-11-30,ASTRAL,1949.7,0.2030065527431605,1162543,188423.0,6.169857183040287,536103,80.66
2023-11-30,CHOLAFIN,1117.45,0.6303750731685352,3312409,550755.0,6.014305816560903,2136185,79.77
2023-11-30,BALKRISIND,2576.4,-0.23813672532961958,358624,63296.0,5.66582406471183,269759,72.59
2023-11-30,PFC,334.9,2.072538860103613,28379106,5804990.0,4.888743305328691,16508919,67.34
2023-11-30,RECLTD,348.7,1.6914552347623248,18956940,3970444.0,4.7745138830820935,15447352,69.91
2023-11-30,GAIL,131.9,4.765687053216839,45070031,10418621.0,4.325911365813192,13131563,54.91
2023-11-30,ULTRACEMCO,9003.65,3.102115599324378,582263,137001.0,4.250063868146948,244382,56.78
2023-11-30,TORNTPHARM,2126.55,1.6588187489542878,295001,71666.0,4.116331314709904,238166,55.68
2023-11-30,IDFCFIRSTB,85.2,0.3533568904593606,44924963,11600993.0,3.8725101377097633,25237809,67.37
2023-11-30,HAL,2379.8,1.5532986259281425,3660252,1019484.0,3.590298621655661,1433594,50.32
2023-11-30,SHRIRAMFIN,2007.2,1.663838731734502,1501940,424648.0,3.536905860854166,1082846,68.26
2023-11-30,BRITANNIA,4852.65,1.0200576644842985,665204,190016.0,3.5007788817783765,302546,69.22
2023-11-30,VEDL,233.35,-0.042835724994643096,15863555,4578679.0,3.4646576010242254,10058866,83.33
2023-11-30,INDIACEM,251.35,7.852392190517049,6354014,1873039.0,3.392355418119964,3214336,25.95
2023-11-30,DLF,625.85,-1.8505449698110177,11430977,3483995.0,3.2809969589508596,5615018,76.85
2023-11-30,INDHOTEL,421.7,0.3928103797166949,3054452,951748.0,3.209307505768334,2605018,77.44
2023-11-30,UPL,570.65,0.10525392509429397,2762524,865976.0,3.1900699326540227,1877000,70.27
2023-11-30,TVSMOTOR,1864.5,0.045609422370075335,1603869,517158.0,3.1013133317090715,1507322,73.85
2023-11-30,MRF,111683.0,-0.5197897325605916,8470,2872.0,2.9491643454039,4886,64.35
2023-11-30,BHEL,170.45,3.2717358376249477,47055788,16028031.0,2.935843335965597,23332814,37.41
2023-11-30,COLPAL,2196.2,-0.554687676877448,1862923,635844.0,2.9298428545366475,635844,79.27
2023-11-30,HDFCLIFE,690.75,2.234884925627177,2971288,1023989.0,2.901679607886413,2496667,64.08
2023-11-30,HCLTECH,1340.9,0.5210090333220919,2742606,947344.0,2.895047627894408,1990403,66.82
2023-11-30,ASIANPAINT,3119.9,-0.9036479425730881,1179801,413379.0,2.8540419324639132,735996,65.8
2023-11-30,DRREDDY,5788.15,1.2737627616856233,535690,194372.0,2.756003951186385,429668,62.76
2023-11-30,IBULHSGFIN,204.15,5.804612593936262,17682452,6484489.0,2.7268844160272305,11629651,34.04
2023-11-30,INFY,1455.15,-0.30487804878047536,7339597,2708182.0,2.7101564813590815,6723599,72.52
2023-11-30,HEROMOTOCO,3819.05,1.9255918225733297,1305179,482892.0,2.702838315813888,482892,44.87
2023-11-30,DIVISLAB,3788.7,1.580534888397341,540387,200246.0,2.6986157026856965,510789,60.89
2023-11-30,AXISBANK,1074.25,1.3300004716313643,16470245,6110381.0,2.695453033125103,8859658,66.53
2023-11-30,TCS,3487.6,-0.7442191390964095,2362566,920188.0,2.567481862402031,1933265,72.33
2023-11-30,BERGEPAINT,574.4,0.06097029875446787,798939,314689.0,2.5388208675867285,530477,63.77
2023-11-30,NESTLEIND,24236.15,0.7007375090890265,94176,37662.0,2.50055759120599,57076,63.98
2023-11-30,JSWSTEEL,801.1,0.9895997478726786,1876133,752833.0,2.4920971849002367,1736286,59.7
2023-11-30,APOLLOHOSP,5528.95,1.9734597331218473,422081,169782.0,2.486017363442532,357955,54.44
2023-11-30,SBILIFE,1435.25,1.946230067123635,1570544,650596.0,2.4140080787462574,1287694,51.88
2023-11-30,NTPC,261.3,1.12229102167184,13945315,5780472.0,2.41248725017611,9630401,64.3
2023-11-30,LTIM,5536.7,-0.9269034624675706,391527,163722.0,2.3914134936050133,180949,63.88
2023-11-30,TATAMOTORS,706.4,-0.8352635642591486,10513700,4410733.0,2.3836627608154926,8361416,43.31
2023-11-30,DELTACORP,141.65,5.708955223880601,4233669,1806076.0,2.3441256071173084,3008903,46.34
2023-11-30,MARUTI,10608.7,0.08915725169234359,476437,207587.0,2.295119636586106,476045,71.57
2023-11-30,ASHOKLEY,183.15,0.9368972168641594,17710866,7743213.0,2.287276095853233,11325120,77.18
2023-11-30,RELIANCE,2377.45,-0.9684675303036615,11370920,4989032.0,2.279183617182652,4989032,79.96
2023-11-30,PETRONET,202.8,1.807228915662662,14113193,6261299.0,2.2540359436596145,9287744,69.98
2023-11-30,LUPIN,1280.9,2.5089032051538664,1612450,716036.0,2.2519119150433777,1010367,61.17
2023-11-30,HINDUNILVR,2545.55,0.8118651115819489,2215287,996180.0,2.223781846654219,1592725,71.56
2023-11-30,PIDILITIND,2552.35,1.9471960377057038,574861,269159.0,2.135767334549467,559744,64.27
2023-11-30,AMBUJACEM,439.25,0.8263514288993511,4092077,1954508.0,2.0936609110835054,3053423,59.25
2023-12-01,WHIRLPOOL,1416.0,-9.880668257756563,311329,16745.0,18.59235592714243,72603,28.34
2023-12-04,GLENMARK,775.75,-2.125914711077469,2186473,278903.0,7.839546365582299,941356,67.72
2023-12-04,AMBUJACEM,474.55,7.3642533936651615,6012436,1165604.0,5.15821496837691,4092077,45.74
2023-12-04,IRCTC,720.85,2.7876800228147824,2164023,470386.0,4.600525951027454,1627423,47.79
2023-12-04,ADANIPORTS,878.65,6.142788113070793,4731378,1167430.0,4.052815158082283,3838884,42.76
2023-12-04,APOLLOHOSP,5622.55,0.5616018171574819,721226,215831.0,3.341623770450028,422081,77.04
2023-12-04,EICHERMOT,4180.35,7.430869654605278,1266251,382724.0,3.308522590691987,768407,44.83
2023-12-04,ASHOKLEY,174.45,-1.0493477027793663,20769114,6898756.0,3.01055929503812,17710866,71.07
2023-12-04,ADANIENT,2531.2,7.131671392897957,1607748,550947.0,2.918153651803168,1604861,28.3
2023-12-04,ONGC,202.05,3.855050115651503,14398159,4937457.0,2.916108231423585,9664179,50.32
2023-12-04,HDFCLIFE,674.95,-1.0554863299860635,3528763,1360813.0,2.5931285194953313,2971288,73.25
2023-12-04,MGL,1098.75,3.353400432696839,342372,137087.0,2.497479702670567,324947,41.49
2023-12-04,GUJGASLTD,441.85,1.7970279921668035,743834,340316.0,2.185715629003632,661582,54.91
2023-12-04,NATIONALUM,96.95,3.413333333333336,10933028,5220789.0,2.094133281387162,8032210,43.17
2023-12-04,JSWSTEEL,819.6,1.0853478046374037,1906498,936105.0,2.0366283696807517,1876133,68.35
2023-12-04,ICICIBANK,991.2,4.700538713425583,22076125,10970897.0,2.012244304180415,13981742,66.63
2023-12-05,BOSCHLTD,21652.95,-1.328354094087571,98399,15357.0,6.4074363482451,27364,84.86
2023-12-05,SYNGENE,733.4,-1.603273629838337,1118959,203440.0,5.500191702713331,897931,70.22
2023-12-05,PAGEIND,36848.45,-1.7053570833138902,61070,13698.0,4.458315082493795,17732,81.18
2023-12-05,ATUL,6781.35,0.5083703248086227,70887,19025.0,3.7259921156373195,38156,71.98
2023-12-05,M&MFIN,270.1,-2.7367662945624653,4919722,1363914.0,3.6070617355639727,1725629,52.92
2023-12-05,TORNTPHARM,2100.0,-1.574803149606295,386924,135201.0,2.8618427378495723,295001,57.2
2023-12-05,ABBOTINDIA,23110.45,-1.2321171002724474,20098,9821.0,2.046431116994196,18505,62.48
2023-12-06,BERGEPAINT,578.85,-1.556122448979588,4048427,358525.0,11.291895962624643,1120627,74.93
2023-12-06,RAIN,149.5,3.103448275862069,3184598,753379.0,4.227086234153062,2245806,49.58
2023-12-06,IRCTC,740.5,3.551950776115225,3751089,967143.0,3.8785257195678406,2164023,36.9
2023-12-06,BALRAMCHIN,431.8,-7.319167203262496,3252769,887032.0,3.6670255413558923,1085789,43.91
2023-12-06,CHAMBLFERT,351.85,7.156997106745849,3560087,1157184.0,3.076509008074775,2765551,30.73
2023-12-06,INDIAMART,2709.4,4.1315961412813715,271493,101855.0,2.6654852486377694,244559,39.41
2023-12-06,CANFINHOME,788.75,-5.747744518133479,766917,370688.0,2.0689016099792816,702377,18.47
2023-12-07,ATUL,6875.9,0.6617184183173,92223,16027.0,5.754227241529918,70887,71.41
2023-12-07,INDUSTOWER,193.8,4.361873990306959,4235172,1310456.0,3.2318307520435634,3116552,26.12
2023-12-07,GUJGASLTD,443.0,0.3511156416355219,901348,299133.0,3.013201485626795,743834,67.49
2023-12-07,BHARTIARTL,1000.0,-2.3866464932402796,7940366,2826646.0,2.80911228360396,6948491,57.52
2023-12-07,MGL,1166.5,4.426838547961152,507149,188078.0,2.696482310530737,342372,43.56
2023-12-07,IEX,157.75,6.768189509306261,17616556,6679824.0,2.6372784672171004,9373757,31.07
2023-12-07,BALRAMCHIN,408.6,-5.3728578045391355,7490492,3252769.0,2.3028047795585853,3252769,30.05
2023-12-07,NTPC,283.8,0.9605122732123759,15399544,7468144.0,2.062030941020955,13945315,61.27
2023-12-08,GMRINFRA,68.9,11.669367909238254,141645360,14141024.0,10.016626801566845,36693488,29.07
2023-12-08,CUB,155.8,0.841423948220072,6275269,1420751.0,4.41686755807316,3925961,64.22
2023-12-08,NATIONALUM,97.45,-1.615345784957087,14194602,3532389.0,4.018414166729655,10933028,57.27
2023-12-08,TITAN,3634.65,1.3736263736263736,975720,406264.0,2.401689541775791,934184,62.46
2023-12-11,DIXON,6372.65,6.835822897282435,319361,39599.0,8.0648753756408,276030,19.58
2023-12-11,CANFINHOME,755.65,-4.402555506357147,1575249,205952.0,7.648622009011809,766917,52.32
2023-12-11,DRREDDY,5473.5,-5.038255347941492,876428,126723.0,6.916092579878948,535690,46.16
2023-12-11,BALKRISIND,2572.45,-1.2741542417439131,605163,93642.0,6.462516819375921,358624,81.73
2023-12-11,SRF,2431.75,0.35698072716768153,576352,151145.0,3.8132389427371067,489839,74.99
2023-12-11,JINDALSTEL,719.25,4.808743169398907,2530635,694646.0,3.6430570391249644,2246291,38.49
2023-12-11,PVRINOX,1769.85,1.4327879187322694,449856,153953.0,2.9220346469377017,407563,50.13
2023-12-11,SYNGENE,712.65,-1.445166643617763,2075130,736395.0,2.8179577536512332,1118959,86.88
2023-12-11,LALPATHLAB,2561.75,-2.9106895832938613,212909,86894.0,2.4502152047322023,141013,47.49
2023-12-11,MOTHERSON,96.95,2.0526315789473717,16971427,7347383.0,2.309860122985286,11955768,53.3
2023-12-11,BATAINDIA,1668.8,0.327652027534797,269119,120702.0,2.2296150850855825,131938,61.83
2023-12-12,PIIND,3484.0,-9.96136401814211,587254,134495.0,4.36636306182386,383432,39.4
2023-12-12,HDFCLIFE,707.35,5.182156133828999,3797517,1225595.0,3.098508887519939,3528763,35.33
2023-12-13,BATAINDIA,1633.2,-1.3172205438066438,361565,59357.0,6.091362434085281,269119,74.6
2023-12-13,CONCOR,862.75,0.8297785309413922,2017817,523608.0,3.853678706207697,1212393,61.88
2023-12-13,PIIND,3426.85,-1.640355912743975,1550783,587254.0,2.640736376423149,587254,45.12
2023-12-13,IDFC,122.3,1.2836438923395421,4580779,1997829.0,2.292878419524394,4166855,71.62
2023-12-13,SBILIFE,1466.8,-0.9888960140403044,1840589,863056.0,2.1326414508444413,1570544,80.74
2023-12-14,NATIONALUM,104.25,5.356240525517935,31112557,4228771.0,7.357352053350725,14194602,49.87
2023-12-14,PEL,942.85,3.229868068100947,2477817,441153.0,5.616684007589204,1197025,56.72
2023-12-14,L&TFH,159.35,2.64090177133655,9362507,1676746.0,5.583735998177422,8760243,51.71
2023-12-14,GODREJPROP,2061.45,6.584457887389479,690612,125374.0,5.508414822850033,505723,34.84
2023-12-14,INDUSTOWER,201.05,6.99840340606706,7113595,1378842.0,5.159108150172391,4235172,30.33
2023-12-14,NAUKRI,5152.65,7.042472967498677,349089,72958.0,4.784793991063352,199903,29.49
2023-12-14,IPCALAB,1104.4,0.4502251125562823,270099,73866.0,3.6566079116237513,269184,57.76
2023-12-14,SAIL,110.95,7.457627118644071,69351732,20544266.0,3.375722062788712,27804937,39.0
2023-12-14,MPHASIS,2601.0,7.228990167583943,504525,154679.0,3.2617549893650724,460725,24.52
2023-12-14,SUNTV,688.9,0.7016518052916173,679461,221000.0,3.0744841628959274,608059,56.43
2023-12-14,PVRINOX,1769.85,0.984251968503937,530750,180237.0,2.9447338781715184,449856,81.93
2023-12-14,HCLTECH,1414.6,3.315804849547171,3130796,1288765.0,2.4292993679995964,2742606,60.84
2023-12-14,WIPRO,434.4,3.514833790063148,5670233,2337305.0,2.4259705087697157,5480458,45.95
2023-12-14,BIOCON,248.05,-0.501403931006819,4386534,2082161.0,2.1067218144994553,3129449,59.29
2023-12-14,COFORGE,6156.7,5.595622979358369,395845,189619.0,2.087580885881689,299777,31.84
2023-12-15,ALKEM,4919.35,1.2795437700733046,1162013,161310.0,7.203601760585209,300209,60.34
2023-12-15,TORNTPHARM,2093.35,-0.47779785109823053,388047,93775.0,4.138064516129032,386924,70.49
2023-12-15,HDFCBANK,1656.55,0.38784352937610905,49573293,12401147.0,3.997476443106432,24127159,71.41
2023-12-15,INDIGO,2914.4,-2.207905509697327,1336554,396157.0,3.373798771699099,725862,68.23
2023-12-15,DEEPAKNTR,2306.35,1.6125123912325106,408889,128885.0,3.172510377468286,221487,20.81
2023-12-15,CANBK,449.15,0.2119589468987034,5143138,1908123.0,2.695391230020287,4101532,46.55
2023-12-15,IDFC,126.95,3.043831168831169,6800276,2585913.0,2.6297388968615727,4580779,56.07
2023-12-15,LTIM,6129.3,3.1122251568729706,925320,362527.0,2.55241678550839,391527,57.16
2023-12-15,UPL,610.85,1.9527664190937237,2806331,1119416.0,2.506959879079806,2762524,56.79
2023-12-15,TCS,3861.0,5.283250391983094,4817725,2136355.0,2.255114435568995,2493877,56.47
2023-12-15,BANDHANBNK,253.8,4.422958239045464,14902355,7035143.0,2.118273217758331,9292312,48.83
2023-12-15,MFSL,973.9,-4.360208190120788,1552522,746210.0,2.0805430106806395,1142473,53.52
2023-12-18,IRCTC,879.15,12.588845488890305,5734222,1329303.0,4.313705754068109,3751089,15.77
2023-12-18,ZYDUSLIFE,680.6,5.372348660783411,1543915,562222.0,2.7460949589308137,1081653,22.15
2023-12-18,RAMCOCEM,1012.65,-2.1641466595816605,513361,203521.0,2.5223981800403887,357673,61.1
2023-12-19,APOLLOTYRE,455.35,0.507670235073394,2184993,486100.0,4.494945484468216,1683620,17.93
2023-12-19,DELTACORP,145.75,2.6047166490672216,8375693,2083463.0,4.020082430069553,7865081,27.12
2023-12-19,SHRIRAMFIN,2059.55,0.5639648437500089,1647257,592051.0,2.7822890257764956,1626148,74.4
2023-12-19,NESTLEIND,25489.7,4.662225278955422,101800,46879.0,2.1715480279016193,94176,28.85
2023-12-20,PEL,885.35,-7.934279623563661,2937937,409646.0,7.171892316780831,2477817,48.76
2023-12-20,IPCALAB,1061.5,-4.166478580779135,271046,70072.0,3.8681070898504397,270099,51.46
2023-12-20,INDUSTOWER,180.65,-8.159633960345696,10336377,3254843.0,3.175691423518738,7113595,38.31
2023-12-20,VOLTAS,928.05,3.450005573514651,4095829,1446328.0,2.8318811500572485,1446328,35.12
2023-12-20,AUBANK,760.05,3.9313551210173667,2086874,849210.0,2.4574298465632767,1271842,36.5
2023-12-20,UPL,572.15,-4.4425887265135735,2866161,1327632.0,2.158852001156947,2806331,52.02
2023-12-20,ONGC,203.2,1.4478282576135681,15628583,7376594.0,2.1186719778803065,14398159,27.06
2023-12-21,ASIANPAINT,3302.95,0.17590949759640073,1195155,542838.0,2.2016789539420603,1179801,75.36
2023-12-21,DABUR,530.25,-0.8785867838115796,4985862,2446146.0,2.038252009487578,2446146,81.07
2023-12-26,TATACHEM,1094.25,7.064233648060275,2005721,310341.0,6.462958487599125,998408,27.69
2023-12-26,NMDC,201.85,3.30092118730808,10614623,4212771.0,2.519629716402814,9934084,33.96
2023-12-27,GUJGASLTD,449.9,-0.32125844688158756,3496446,931540.0,3.7534040406209073,1203885,79.16
2023-12-27,BAJAJ-AUTO,6709.65,3.7914472005011866,503074,161891.0,3.107485901007468,426405,49.42
2023-12-28,LUPIN,1339.95,4.0333850931677055,1843753,230581.0,7.996118500657036,1612450,52.39
2023-12-28,IPCALAB,1099.75,3.8430668995798167,923920,185573.0,4.978741519509843,271046,60.16
2023-12-28,INDHOTEL,433.45,-0.7782991873640915,5305597,1113089.0,4.7665523601437085,3054452,76.1
2023-12-28,ABB,4642.95,-1.9150329558898203,360849,89909.0,4.013491419101536,358269,75.48
2023-12-28,BPCL,465.8,2.4411700021992573,12327436,3239623.0,3.805206963896725,9396747,54.57
2023-12-28,COALINDIA,380.95,4.198577680525155,13226343,3525434.0,3.751692132089269,11855472,46.72
2023-12-28,LT,3518.05,-0.7322234762979632,2427585,647305.0,3.7502954557743258,2280466,72.01
2023-12-28,TORNTPHARM,2255.6,-0.36002208724462026,430721,123986.0,3.473948671624216,388047,78.43
2023-12-28,NTPC,313.9,2.5649403692207042,20100995,6973459.0,2.8824999186200135,19051902,53.47
2023-12-28,NMDC,207.15,2.829486224869703,12460678,4367729.0,2.8528963220932435,10614623,47.89
2023-12-28,PNB,95.5,4.0305010893246225,46754854,17254704.0,2.709687398868158,33576659,26.12
2023-12-28,ITC,464.1,1.5313935681470137,13415647,5018034.0,2.67348666828483,12636087,64.82
2023-12-28,HINDCOPPER,270.25,14.87778958554729,13396051,5113249.0,2.6198706536685386,12362726,12.26
2023-12-28,SIEMENS,3959.85,-0.4475004085326809,506077,229273.0,2.207311807321403,408031,67.0
2023-12-28,IBULHSGFIN,220.05,2.2537174721189697,26423024,12180543.0,2.1692812873777467,17682452,54.03
2023-12-29,IDEA,16.0,20.754716981132077,406799380,35693171.0,11.397120754555543,323727026,24.09
2023-12-29,MOTHERSON,101.95,4.403481822836659,32581842,6492103.0,5.018688397272809,16971427,47.31
2023-12-29,INDUSTOWER,199.05,6.958624395486307,12112800,3914194.0,3.094583457028446,10336377,24.91
2024-01-02,ABFRL,242.35,7.305733894177552,7546780,867585.0,8.698605900286427,2070236,27.38
2024-01-02,KOTAKBANK,1865.05,-2.3099285022130336,3258114,587673.0,5.54409339887999,3119156,63.63
2024-01-02,BIOCON,266.2,4.167481901780464,6539483,3082588.0,2.121426217191529,4386534,37.38
2024-01-03,VEDL,263.8,2.1886500096843053,11726508,2500704.0,4.689282697992246,11030402,52.62
2024-01-03,MUTHOOTFIN,1475.85,1.4539080222726242,500854,131895.0,3.7973691193752606,283906,62.74
2024-01-03,CANBK,458.25,3.2210834553440733,5506241,1653269.0,3.3305172963383454,5143138,28.38
2024-01-03,ITC,477.25,1.46699266503667,14721255,5745283.0,2.5623202547202637,13415647,61.25
2024-01-04,BAJFINANCE,7705.55,4.343380998808363,1343457,248271.0,5.411252220355982,1228705,46.14
2024-01-04,NAVINFLUOR,3796.2,-1.8524503277014386,171278,36269.0,4.722435137445201,145410,57.73
2024-01-04,ESCORTS,2858.45,-0.39723330487656466,531282,128292.0,4.141193527265925,261551,56.95
2024-01-04,GODREJPROP,2216.15,7.981094842497634,782805,222621.0,3.5163124772595578,690612,20.97
2024-01-04,CHAMBLFERT,386.65,-0.012929919834499967,4416062,1410878.0,3.1300098236700835,3560087,39.33
2024-01-04,BAJAJFINSV,1701.95,1.4484546836348435,1045751,354860.0,2.9469396381671644,1013973,46.11
2024-01-05,NESTLEIND,2666.4,-90.1668363057043,1279038,74788.0,17.10218216826229,101800,49.63
2024-01-05,SHREECEM,27023.3,-4.706272326230088,34036,6586.0,5.167931976920741,20728,43.38
2024-01-05,KOTAKBANK,1847.6,-0.8585533376261001,6103501,2038699.0,2.993821549919826,3258114,78.26
2024-01-05,TVSMOTOR,1979.3,-0.1664480984565699,1846334,683223.0,2.7023885320019962,1100599,81.7
2024-01-05,ICICIPRULI,541.0,0.21302213577845275,3316889,1349861.0,2.457207816212188,2124643,85.15
2024-01-05,GNFC,762.65,-4.811532700948586,1212288,531285.0,2.2818035517660014,1099756,41.9
2024-01-08,ATUL,6848.35,-2.566601458296278,118314,12066.0,9.805569368473396,49597,85.2
2024-01-08,MARICO,523.75,-4.075091575091575,2747892,538104.0,5.1066187948798,2257500,53.61
2024-01-08,NAVINFLUOR,3609.7,-5.570742809307686,309753,88580.0,3.496872883269361,171278,48.62
2024-01-08,BANDHANBNK,233.1,-7.38974970202622,32415165,10668987.0,3.0382608020798973,14902355,56.46
2024-01-08,AARTIIND,598.75,-4.854600349594781,1712588,799194.0,2.142893965670413,1492088,41.51
2024-01-08,GODREJCP,1175.4,-3.6438906422920705,3112969,1467354.0,2.1214846587803624,1773322,65.34
2024-01-09,ZEEL,256.3,-7.855473665288502,48272020,4813640.0,10.028174105250912,18469603,30.69
2024-01-09,POLYCAB,4867.1,-8.928287411704162,1297766,148992.0,8.710306593642612,481914,31.14
2024-01-09,BAJAJ-AUTO,7093.9,1.5757784030298367,808982,117077.0,6.909828574357047,503074,38.05
2024-01-09,METROPOLIS,1658.4,-0.09638554216866922,324589,59871.0,5.421472833258171,268368,56.35
2024-01-09,ICICIPRULI,540.85,-0.20297075375957607,3969806,776741.0,5.110849047494596,3316889,77.89
2024-01-09,COROMANDEL,1170.6,-2.4825058313895516,334968,99581.0,3.3637742139564777,257973,62.71
2024-01-09,GRASIM,2064.05,-0.1765246409053362,931533,384007.0,2.425822966768835,676342,76.86
2024-01-09,PAGEIND,36452.65,-3.2916903224437166,58496,24623.0,2.375665028631767,31308,70.25
2024-01-10,HAVELLS,1390.7,0.8009277715362558,1006407,165781.0,6.070701708880994,638347,74.34
2024-01-10,GLENMARK,879.65,-0.7782978963397414,830101,199617.0,4.158468467114524,693696,56.97
2024-01-10,PVRINOX,1549.2,-0.8511999999999971,937279,273286.0,3.429663429520722,707944,63.15
2024-01-11,POLYCAB,3878.45,-21.038916090678676,6336048,980102.0,6.464682247357928,1297766,35.14
2024-01-11,EXIDEIND,338.85,3.3709579011592465,3729460,646431.0,5.769308711989369,2462375,54.7
2024-01-11,TATACOMM,1716.3,-0.12220670391062247,978359,252213.0,3.879098222534128,804348,66.33
2024-01-11,RELIANCE,2719.8,2.6300894305875353,7993082,3339874.0,2.393228606827683,5807295,67.38
2024-01-12,METROPOLIS,1503.8,-6.343225485006081,740290,113727.0,6.509360134356837,324589,35.95
2024-01-12,TATACONSUM,1159.0,3.551485369667188,3697056,672566.0,5.496941564099285,1659027,61.43
2024-01-12,OFSS,4656.75,7.618266275334511,200704,55709.0,3.6027212838141054,180189,31.41
2024-01-12,COFORGE,6592.7,5.684423141661714,443546,147699.0,3.0030399664181884,395845,35.41
2024-01-12,ONGC,223.4,5.451970734009918,16879251,7090069.0,2.380689242939667,15628583,43.03
2024-01-15,PIDILITIND,2754.25,0.7001572154583047,593628,103581.0,5.7310510614881105,462465,82.53
2024-01-15,WIPRO,494.6,6.262756472231182,14653036,5959104.0,2.458932752306387,8573859,22.92
2024-01-15,OFSS,5070.55,8.88602566167392,462321,200704.0,2.303496691645408,200704,35.11
2024-01-15,NAUKRI,5343.1,0.6555771150839286,345076,160062.0,2.155889592782797,236514,71.8
2024-01-15,HDFCLIFE,614.45,-3.6308030112923424,6928482,3379849.0,2.0499383256470924,5524750,55.72
2024-01-16,ABBOTINDIA,25806.5,-1.5411791861642998,36394,5815.0,6.2586414445399825,34382,70.6
2024-01-16,SYNGENE,717.2,-2.3021386732052824,1365987,580067.0,2.354877970993006,1301782,64.86
2024-01-16,INTELLECT,853.8,2.7004270162987827,278607,127597.0,2.1834917748849896,268586,31.23
2024-01-16,MCDOWELL-N,1110.0,0.37527693629335723,1040676,491838.0,2.1158918180376465,936555,68.95
2024-01-16,ICICIGI,1374.2,0.10198135198135862,792329,384607.0,2.060100310186762,519388,61.48
2024-01-17,HDFCBANK,1537.5,-8.435815740106605,53380592,7075982.0,7.543912915550096,17151697,62.75
2024-01-17,MRF,134878.3,-1.2565641273051027,9208,1322.0,6.965204236006051,4590,24.58
2024-01-17,IEX,147.25,-10.268129189518584,27560537,5405774.0,5.098351688398368,15593586,39.76
2024-01-17,AXISBANK,1082.3,-3.2883567152175814,11648070,3084217.0,3.776670059207896,9422985,46.75
2024-01-17,SUNPHARMA,1299.0,-1.1001560775058088,1800595,477060.0,3.774357523162705,1771487,70.76
2024-01-17,INDUSINDBK,1643.9,-1.3886806034611958,2394318,686067.0,3.4899186231082386,2127641,35.82
2024-01-17,UPL,551.0,-2.3914968999114263,3029659,884695.0,3.4245237059099463,2866161,64.12
2024-01-17,ASIANPAINT,3242.3,-1.656101185962568,1285982,450614.0,2.8538438663689987,1195155,57.43
2024-01-17,ICICIBANK,981.75,-2.7055150884495274,17595246,6625571.0,2.6556573010839366,16967479,41.98
2024-01-17,ICICIGI,1454.45,5.839761315674574,1924102,792329.0,2.4284129446227514,792329,36.75
2024-01-17,DLF,775.3,-1.4678782487132322,3543702,1494921.0,2.370494494357896,3485034,57.31
2024-01-17,LTTS,5540.05,3.5562077086993904,229053,111950.0,2.046029477445288,162214,24.26
2024-01-17,HINDUNILVR,2562.9,-0.2413296485150371,2514107,1255312.0,2.002774609021502,2105092,82.49
2024-01-18,ICICIPRULI,486.2,-5.583066317118178,8446713,1452855.0,5.813871996861352,3969806,49.04
2024-01-18,INDIAMART,2488.65,-4.321331769862175,235899,48986.0,4.815641203609195,216195,30.94
2024-01-18,LTIM,5603.0,-10.717700299572956,1002843,214858.0,4.667468746800212,341116,35.84
2024-01-18,MGL,1301.55,3.6348435384982767,528697,135024.0,3.9155779713236165,473281,34.15
2024-01-18,OFSS,6545.5,28.691360937438564,882262,254590.0,3.46542283671786,462321,16.69
2024-01-18,TATACOMM,1769.6,4.247422680412366,1778469,516844.0,3.4410170186748807,1447073,38.62
2024-01-18,AARTIIND,611.6,4.896664093988521,2456854,741713.0,3.3124052025513913,1712588,24.95
2024-01-18,TITAN,3734.7,-2.4895236354616874,872649,367240.0,2.376236248774643,601284,67.46
2024-01-19,INDUSINDBK,1561.1,-3.2116064232128574,5929371,1497157.0,3.9604203166401386,2394318,53.99
2024-01-19,DIXON,6100.2,-3.2190509431866943,320796,91302.0,3.51357034895183,246521,35.87
2024-01-19,RECLTD,451.6,6.434126797077543,8778880,2702897.0,3.2479521047231916,5946091,39.69
2024-01-19,INTELLECT,923.75,6.643962133456471,559901,176345.0,3.17503189770053,278607,14.86
2024-01-19,DALBHARAT,2214.4,1.5104632240023963,378293,123029.0,3.0748278861081535,375594,68.08
2024-01-19,BHARTIARTL,1125.0,3.491099765420178,7473334,2819303.0,2.650773613194467,5237800,63.58
2024-01-19,SUNTV,669.4,-0.2607464799225211,512265,198272.0,2.5836477162685605,485968,58.65
2024-01-19,AUBANK,730.55,-0.4835853425963858,2714932,1097602.0,2.473512256719649,2086874,60.75
2024-01-22,RAIN,164.2,9.211839042234782,8969627,979102.0,9.161075148452356,2734534,41.4
2024-01-22,JKCEMENT,3992.05,-1.5098994633935687,323990,42431.0,7.635690886380241,114244,33.74
2024-01-23,GODREJPROP,2268.95,-1.7366449405599862,1466806,46682.0,31.421233023435157,782805,62.84
2024-01-23,SUNPHARMA,1378.3,3.932435998944302,2261378,101006.0,22.388551175177714,1800595,54.76
2024-01-23,PIDILITIND,2522.6,-5.785247432306259,813179,38613.0,21.05972081941315,593628,64.07
2024-01-23,OBEROIRLTY,1369.75,-8.938306076319641,862640,45994.0,18.755489846501717,794650,31.08
2024-01-23,ICICIBANK,1029.05,2.0174482006542984,31661624,1752682.0,18.064671172523024,17595246,62.33
2024-01-23,BAJFINANCE,7070.7,-3.1583416651829177,1581334,90623.0,17.449587852973306,1343457,62.42
2024-01-23,BHARTIARTL,1158.0,3.0478309232480534,14462923,916654.0,15.777952204430461,7473334,79.49
2024-01-23,ZEEL,155.95,-32.60587726879862,95702163,6619289.0,14.458072913873378,48272020,41.89
2024-01-23,HINDALCO,541.4,-3.502361643347292,5170986,408198.0,12.667837667014537,4375641,65.72
2024-01-23,ASIANPAINT,3054.7,-2.6793679113036943,1659275,132207.0,12.550583554577292,1285982,70.15
2024-01-23,BERGEPAINT,547.0,-4.935696906499822,959693,77852.0,12.32714638031136,676196,51.67
2024-01-23,CIPLA,1409.0,7.04653371320038,2038969,170081.0,11.988223258329855,1718081,26.98
2024-01-23,ULTRACEMCO,9831.0,-1.6644327525156506,401676,33766.0,11.895871586803294,266933,69.22
2024-01-23,APOLLOHOSP,6153.75,0.5095915917387334,564133,60084.0,9.389071965914386,223785,57.4
2024-01-23,DLF,739.3,-4.858117238272955,12644492,1438201.0,8.791880967959276,4690873,63.51
2024-01-23,PETRONET,259.9,5.30794165316044,13244877,1575242.0,8.408153794782008,3965871,41.42
2024-01-23,IDFC,115.75,-7.06543556804496,10683572,1322149.0,8.080459917906378,4936852,54.77
2024-01-23,PERSISTENT,8254.4,4.201829187469617,263080,32630.0,8.06251915415262,170787,18.61
2024-01-23,BAJAJFINSV,1582.5,0.09487666034155598,1574185,208017.0,7.567578611363494,1045751,51.97
2024-01-23,BANKBARODA,222.4,-4.344086021505373,21096636,2809665.0,7.508594796888597,17672489,57.13
2024-01-23,BOSCHLTD,22774.8,-1.0752594761177694,18267,2644.0,6.908850226928895,15822,32.55
2024-01-23,SBIN,605.1,-4.16534684827367,14265326,2267972.0,6.289903931794573,9949858,46.09
2024-01-23,INDUSINDBK,1441.7,-6.0995864135213385,6709296,1402033.0,4.785405193743657,5929371,66.45
2024-01-23,IDFCFIRSTB,81.8,-6.72748004561004,46677270,10147800.0,4.599742801395377,30718410,48.95
2024-01-23,CANBK,455.9,-4.423480083857447,6600870,1670113.0,3.9523493320511847,5506241,48.69
2024-01-23,RECLTD,434.75,-5.519939150277079,12995452,3737408.0,3.477129604260493,8778880,33.01
2024-01-23,MCX,3032.25,-5.460809378312654,423409,134532.0,3.1472735111348973,232275,47.61
2024-01-23,CANFINHOME,725.4,-5.589900435999224,1261062,437107.0,2.8850189999245037,437107,45.72
2024-01-23,PFC,395.55,-5.574122702315581,10346113,4608304.0,2.245102102639062,6618662,36.72
2024-01-23,HINDUNILVR,2375.55,-3.7810360889464905,3346157,1519832.0,2.2016624205833275,2514107,76.58
2024-01-24,ADANIENT,2903.45,0.23821442750857524,3864068,665102.0,5.809737453804078,2468206,66.53
2024-01-24,DALBHARAT,2154.75,2.1741192090663333,552615,140559.0,3.93155187501334,378293,77.75
2024-01-24,INDUSTOWER,229.95,5.918931368033162,13091801,4905605.0,2.6687434067765343,12112800,28.53
2024-01-24,ADANIPORTS,1120.6,-1.451059713305778,10189078,3999575.0,2.5475401761437153,6319238,55.45
2024-01-24,JINDALSTEL,706.3,1.6771035773411036,1255475,499027.0,2.51584583599685,1047869,43.67
2024-01-24,LT,3589.2,1.0757533089270577,2731075,1164704.0,2.344866163420062,2427585,73.58
2024-01-24,OBEROIRLTY,1304.0,-4.800146012045993,1965071,862640.0,2.2779734303997032,862640,48.84
2024-01-25,ACC,2467.65,10.133446398286182,607872,71377.0,8.516356809616543,363758,20.21
2024-01-25,LAURUSLABS,378.8,-5.512596657520571,5362145,1163232.0,4.609695228466892,2093719,23.52
2024-01-25,IGL,405.15,-6.840653023683606,3365609,761913.0,4.417314050291831,1692581,40.11
2024-01-25,TECHM,1322.05,-6.101068930004623,3849755,978965.0,3.932474603279995,2467996,45.7
2024-01-25,SBILIFE,1380.9,-2.102016943745338,1899440,713379.0,2.6625958992344883,1707563,58.8
2024-01-29,BOSCHLTD,23248.8,2.061081771608434,49349,4244.0,11.62794533459001,18267,76.84
2024-01-29,INDHOTEL,496.15,4.761402027027017,4120196,797853.0,5.164104164551615,2833775,48.45
2024-01-29,SBICARD,715.55,-5.830098045666917,4541162,914680.0,4.964754886955,1796772,51.36
2024-01-29,AUBANK,626.35,-11.513738786466059,10302171,2311493.0,4.45693367879548,2714932,47.55
2024-01-29,GAIL,171.75,3.8391777509068885,23855099,6770060.0,3.523617072817671,18784933,40.82
2024-01-29,CONCOR,860.35,3.8254993061002893,3049391,887746.0,3.4349814023380563,1425202,50.42
2024-01-29,SHRIRAMFIN,2409.0,4.414537416292825,1861983,558974.0,3.33107264380812,1482773,52.03
2024-01-29,PEL,884.05,1.1556725213112775,915659,292295.0,3.1326536546981645,876159,42.1
2024-01-29,COALINDIA,412.8,6.009244992295849,13290370,4751748.0,2.7969433564237836,12792170,48.95
2024-01-29,SRF,2246.6,-0.9828551280356199,628988,240919.0,2.61078619785073,468657,69.74
2024-01-29,PFC,446.75,6.62291169451074,13564146,5262071.0,2.577720064970617,10346113,35.4
2024-01-29,DIVISLAB,3570.6,-0.23191483416692787,548299,215346.0,2.546130413381256,321671,71.58
2024-01-29,LICHSGFIN,600.0,3.5911602209944666,3267191,1319452.0,2.476172683811158,1935329,48.38
2024-01-29,BHARATFORG,1243.65,3.615913351385135,892105,410402.0,2.173734533457439,730386,48.42
2024-01-30,BAJAJFINSV,1590.55,-2.8345398454442767,2410935,443036.0,5.441848969383978,1574185,49.69
2024-01-30,COROMANDEL,1050.25,-7.674387938991689,472321,104124.0,4.536139602781299,334968,28.27
2024-01-30,MPHASIS,2603.5,0.8053587331087693,727250,260039.0,2.7966958802333495,644247,69.45
2024-01-30,ITC,438.05,-2.612272120942641,28747175,12933058.0,2.2227670362260805,14721255,66.06
2024-01-30,BPCL,504.2,2.3444636151425984,10099737,5016829.0,2.0131714674747734,9084701,45.63
2024-01-31,AUROPHARMA,1150.4,-0.48873318628085843,4739179,570879.0,8.301547263080268,1781132,78.11
2024-01-31,LT,3479.75,-4.22618556133543,5405947,747324.0,7.233739315210003,2731075,56.09
2024-01-31,SRF,2325.1,4.623484149661394,1201170,166539.0,7.212544809323942,628988,42.06
2024-01-31,HCLTECH,1576.0,1.0709933944718812,6154013,1212226.0,5.0766218510409775,4351395,87.59
2024-01-31,VOLTAS,1092.75,7.4589438489527025,3613315,744379.0,4.854133445462594,1930174,36.68
2024-01-31,PIDILITIND,2533.05,-1.3494567122327235,3036452,960145.0,3.1624931650948556,1067670,88.84
2024-01-31,BANKBARODA,247.6,4.27458412297326,21590270,7474502.0,2.888522874166065,21096636,33.87
2024-01-31,MFSL,890.3,1.620819541148263,1913463,677930.0,2.8225082235629047,1349261,65.94
2024-01-31,POWERGRID,259.3,2.0464384100747806,27328345,9923102.0,2.7540123038138677,18151445,79.51
2024-01-31,M&MFIN,289.2,3.4519763906277867,7008440,2548224.0,2.7503233624673498,4433970,41.34
2024-01-31,DEEPAKNTR,2305.9,3.939598828036966,191121,69804.0,2.7379663056558363,141633,48.62
2024-01-31,ASTRAL,1830.4,-2.4541021609954945,1095935,518600.0,2.1132568453528733,626227,62.88
2024-02-01,INDUSTOWER,219.0,-1.3291281820229732,78732686,5940119.0,13.254395408576832,13091801,43.88
2024-02-01,INDIACEM,242.2,-7.345065034429989,5021056,1001695.0,5.012559711289365,4052458,13.18
2024-02-01,DABUR,554.4,2.742772424017782,4617187,2102213.0,2.1963459459150902,2102213,41.53
2024-02-02,CUB,137.25,-4.588112617309694,7091861,1061435.0,6.681389816616185,2133317,48.52
2024-02-02,SAIL,128.3,7.544006705783751,55536368,9681418.0,5.736387789474641,25543728,48.06
2024-02-02,BPCL,558.35,9.81414101681582,12474674,2675945.0,4.6617826599575105,10099737,32.17
2024-02-02,MPHASIS,2560.2,-1.536449820202691,1496170,339939.0,4.401289643141858,727250,61.96
2024-02-02,COALINDIA,419.8,3.2210474551266346,14250310,3450888.0,4.129461750135038,13290370,56.6
2024-02-02,CANFINHOME,828.85,4.264419145858227,1324787,351007.0,3.7742466674453787,1261062,36.28
2024-02-02,MCX,3655.1,5.946462992217281,439182,131102.0,3.3499260118076,423409,34.16
2024-02-02,TATACHEM,997.3,-1.7341610010838528,925393,298719.0,3.097871243543263,627105,41.49
2024-02-02,ABCAPITAL,180.35,8.091099790230746,9494286,3228432.0,2.940835055531602,6329609,27.46
2024-02-05,UPL,474.0,-11.177738217933099,8551863,1697885.0,5.036773986459624,3029659,37.03
2024-02-05,LALPATHLAB,2421.25,-1.3043921328849486,474778,132792.0,3.5753509247545034,182395,79.19
2024-02-05,INDIGO,3171.15,1.408653384925336,1313237,463521.0,2.8331769218654603,1114890,38.28
2024-02-05,TATAMOTORS,926.8,5.467994310099568,10389215,4709886.0,2.205831521187562,8488309,26.85
2024-02-05,ASHOKLEY,179.25,2.9876472278080946,29123896,13415152.0,2.170970258108145,13415152,51.12
2024-02-05,AUROPHARMA,1018.25,-4.546519803140379,5025518,2354231.0,2.1346749745458284,4739179,54.63
2024-02-06,HDFCLIFE,592.75,5.218780509452379,9918036,2182763.0,4.543798845774828,7606043,62.32
2024-02-06,ALKEM,5065.2,2.866542784902664,396266,90211.0,4.392657214752081,182367,62.39
2024-02-06,IPCALAB,1199.15,5.712522590029549,523436,188989.0,2.7696638428691616,455141,22.27
2024-02-06,DALBHARAT,2189.75,-0.17323516673885625,617639,241827.0,2.5540531040785357,552615,83.44
2024-02-06,BIOCON,298.55,4.8831898823116235,11005634,4721712.0,2.330856689268638,8960340,46.54
2024-02-07,NAVINFLUOR,3093.2,-5.1602023608769025,1297495,80682.0,16.081591928806922,463703,50.42
2024-02-07,DELTACORP,151.6,10.940358580314664,5740074,779172.0,7.366889467280652,4679445,16.65
2024-02-07,BATAINDIA,1421.45,-1.4490241619579065,589668,96442.0,6.114224093237386,397614,54.78
2024-02-07,BANKBARODA,244.65,-2.257291250499403,32080304,6573213.0,4.880460134183998,21590270,57.64
2024-02-07,MFSL,960.25,5.175246440306681,3204185,809316.0,3.959127213597655,1913463,45.65
2024-02-07,SBIN,675.25,3.8446751249519413,16405107,4525485.0,3.6250494698358295,14265326,39.34
2024-02-07,SRF,2295.05,0.4948002189381579,1247821,375650.0,3.321764940769333,1201170,85.21
2024-02-07,TRENT,3607.5,18.86326194398682,873830,320882.0,2.7232128944596456,603410,14.95
2024-02-07,BRITANNIA,5078.25,1.4219949870682302,485563,188039.0,2.5822462361531384,380270,38.57
2024-02-07,BERGEPAINT,555.8,0.0,1677545,705642.0,2.3773315647311244,959693,37.7
2024-02-07,JSWSTEEL,836.6,2.180152671755728,1546969,766164.0,2.0191094856975793,1264227,42.41
2024-02-07,LUPIN,1594.3,0.8954846058918371,1186493,587728.0,2.018779095091607,790584,60.32
2024-02-08,HAL,3097.2,4.998728705822521,1773494,449766.0,3.9431482148494994,892614,39.63
2024-02-08,CUMMINSIND,2585.25,7.709774185484551,1167466,308968.0,3.778598430905466,620965,23.86
2024-02-08,MANAPPURAM,182.8,-3.8653694451748586,12252779,3430533.0,3.571683758762851,8811083,38.75
2024-02-08,PIIND,3455.75,3.7871848392473657,515555,171820.0,3.0005529042020718,384290,59.14
2024-02-08,LUPIN,1606.4,0.7589537728156643,2659775,1186493.0,2.24171149766581,1186493,41.21
2024-02-09,RAMCOCEM,901.75,-7.451121260327399,1439373,100954.0,14.257711432929849,536752,46.75
2024-02-09,ESCORTS,2807.25,-4.277628124254094,664747,94987.0,6.998294503458368,244573,32.32
2024-02-09,PFC,428.85,-8.472948458008748,18459176,4005683.0,4.608246833311573,13564146,32.62
2024-02-09,SUNPHARMA,1534.8,2.3472926113630335,4136825,1285548.0,3.2179467433343603,2556111,65.21
2024-02-09,TATAPOWER,392.1,-3.755522827687765,13309424,6349506.0,2.0961353528920204,11173118,34.75
2024-02-12,BANDHANBNK,200.7,-7.169287696577244,19253039,4017052.0,4.792827924557611,7076261,37.79
2024-02-12,ZYDUSLIFE,856.65,6.409539780137882,1115390,371406.0,3.003155576377334,953132,16.05
2024-02-12,BHARATFORG,1130.95,-13.934020775465159,2108569,715024.0,2.9489485667613953,892105,28.63
2024-02-12,MRF,143802.75,4.901689373654783,11002,4719.0,2.331426149607968,9208,26.96
2024-02-13,HINDALCO,510.1,-12.421667095888061,18206710,1720933.0,10.579557716657185,5246036,39.49
2024-02-15,VEDL,267.95,-4.1838011800464825,53925701,3860932.0,13.967016513111343,6055597,49.88
2024-02-15,NMDC,246.95,4.839736786244949,14870248,4099418.0,3.627404670614219,13307265,23.79
2024-02-15,M&M,1765.05,6.5176065900244415,4109578,1883538.0,2.1818397080388077,2379202,41.56
2024-02-16,AMBUJACEM,585.1,2.2455220620358274,5210430,563563.0,9.245514698445426,3557379,54.17
2024-02-16,RAIN,201.1,11.22787610619468,10865249,1308383.0,8.304333669881068,8969627,17.92
2024-02-16,GLENMARK,872.25,7.651959271829682,2140544,796299.0,2.6881158961646316,818863,24.49
2024-02-16,GRANULES,455.75,4.541805252895977,1473049,565113.0,2.6066450426728816,923116,32.11
2024-02-16,GUJGASLTD,545.05,-6.163381251614025,2201459,1011645.0,2.176118104671105,1349985,34.3
2024-02-20,WHIRLPOOL,1286.7,-3.3428485576923075,1719992,11809.0,145.65094419510544,66976,37.06
2024-02-21,PEL,922.35,4.038125317240998,2109151,263380.0,8.008015035310198,915659,24.44
2024-02-21,ABB,4984.7,10.171289645264666,487753,69165.0,7.052020530615196,291360,11.07
2024-02-21,MARICO,538.7,0.4662439388287952,3356661,637512.0,5.265251477619245,2193152,76.32
2024-02-21,JSWSTEEL,828.25,0.8584997564539643,1992514,552799.0,3.604409559351591,1546969,31.04
2024-02-21,TATASTEEL,143.9,2.02056008507621,39588969,12793248.0,3.094520562721836,35153051,44.99
2024-02-22,GRASIM,2201.2,0.32816773017319134,1044590,251824.0,4.148095495266535,691813,30.46
2024-02-22,RBLBANK,266.55,3.1340684852002414,5951823,2617099.0,2.2742062871905113,5598115,46.18
2024-02-23,IDEA,17.55,7.668711656441718,348438422,92244601.0,3.777331336714221,125768290,19.53
2024-02-26,ALKEM,5061.85,-6.627745035647405,513364,77302.0,6.641018343639233,396266,20.36
2024-02-27,ICICIGI,1726.75,4.616642937202753,2135265,199945.0,10.679261796994174,656331,55.77
2024-02-27,INTELLECT,1058.7,7.679007323026851,626309,175672.0,3.5652181337947995,565630,11.95
2024-02-27,MCDOWELL-N,1153.3,0.5667945587722358,887677,255091.0,3.479844447667695,887096,75.56
2024-02-27,MUTHOOTFIN,1294.3,-0.9489553837912368,446106,128445.0,3.473128576433493,442877,50.52
2024-02-27,BHEL,222.6,-2.3898267923701018,13230689,5868207.0,2.2546391086749327,12053280,58.81
2024-02-28,JKCEMENT,4446.7,-1.2502775927159713,210584,77995.0,2.699967946663248,154055,72.7
2024-02-29,PNB,121.85,0.9109730848861236,217213755,20471584.0,10.610500633463438,35257224,60.94
2024-02-29,MRF,146081.55,0.03639702961889207,38191,3678.0,10.38363240891789,11002,65.62
2024-02-29,NMDC,225.9,1.2777404169468702,101981381,10220710.0,9.977915526416462,14870248,62.24
2024-02-29,HDFCAMC,3753.0,-2.184111759799838,1092350,114518.0,9.538675142772314,399647,69.01
2024-02-29,DLF,901.2,0.2447163515016736,12012463,1307279.0,9.188905352262218,5444296,61.38
2024-02-29,INDIGO,3155.35,0.9421286669439142,2307960,267758.0,8.619574391801551,1313237,74.51
2024-02-29,TORNTPHARM,2666.1,2.0282423175538633,329271,39434.0,8.349926459400518,170560,69.91
2024-02-29,GMRINFRA,84.0,-0.47393364928910625,213536655,26451886.0,8.072643856094041,42860485,62.5
2024-02-29,BERGEPAINT,606.7,7.532789790854307,2733767,346125.0,7.898207295052366,1677545,33.98
2024-02-29,BHEL,227.55,1.2683578104138953,97117707,13868093.0,7.0029604647156605,13868093,64.37
2024-02-29,CIPLA,1480.35,0.2268111035883486,3874856,675660.0,5.73491993014238,1362377,78.7
2024-02-29,ASTRAL,2069.1,0.8112256084192108,1382981,242554.0,5.701744766113937,1095935,67.44
2024-02-29,DRREDDY,6424.25,-0.05911590606793945,752665,166583.0,4.518258165599131,416043,68.25
2024-02-29,APOLLOHOSP,6101.6,-4.098328447821952,953367,221471.0,4.304703550351965,475224,61.77
2024-02-29,NAUKRI,5267.75,-0.8871286383563123,347882,81259.0,4.281150395648482,289610,66.88
2024-02-29,BHARTIARTL,1123.35,-0.478405315614626,9834582,2755155.0,3.569520408107711,5801157,71.17
2024-02-29,HEROMOTOCO,4426.5,1.1759865601535942,987269,298488.0,3.307566803355579,769127,63.77
2024-02-29,RELIANCE,2921.6,0.3555173894375237,7842843,2449550.0,3.201748484415505,5523879,66.38
2024-02-29,BSOFT,776.1,1.1271092579321098,1183700,416495.0,2.842050924981092,1111114,51.63
2024-02-29,COLPAL,2526.75,1.2096693436942907,309768,113690.0,2.724672354648606,249146,61.14
2024-02-29,BAJAJ-AUTO,7909.35,-3.4108186331080126,467034,212828.0,2.1944199071550736,405701,44.8
2024-02-29,TATACOMM,1923.2,0.5358216367390679,1176357,569246.0,2.0665178147936043,1018931,68.76
2024-03-01,GODREJPROP,2428.05,1.2510164508663288,966828,191919.0,5.037687774529879,562459,83.84
2024-03-01,TATASTEEL,149.95,6.4607738729144435,52524625,15508775.0,3.386768136103593,39588969,42.46
2024-03-01,COFORGE,6504.7,-0.7529695379193073,345936,107654.0,3.2134059115313875,252227,72.73
2024-03-01,BALKRISIND,2250.85,0.9825254043383698,844911,327008.0,2.583762476758978,327008,82.94
2024-03-05,MUTHOOTFIN,1362.4,1.8312280439494728,1333498,157594.0,8.46160386816757,657014,18.55
2024-03-05,TATAMOTORS,1021.9,3.514991896272278,11835574,2187160.0,5.411389198778324,10389215,19.79
2024-03-05,COROMANDEL,1091.1,-0.10528725108721364,466979,108289.0,4.3123401268826935,439537,73.56
2024-03-05,TATACHEM,1061.3,5.812562313060813,1764958,825201.0,2.138821935504198,832342,18.64
2024-03-05,ICICIPRULI,553.7,1.2341164640277904,2532022,1210906.0,2.0910144965835498,1834622,65.32
2024-03-06,MOTHERSON,120.85,-3.6667995217218086,324182890,19363978.0,16.74154401538775,19363978,69.97
2024-03-06,SYNGENE,688.1,-0.6927406552171965,1737736,158691.0,10.950438273121978,847151,82.63
2024-03-06,MGL,1329.6,-15.063242621694146,1290416,185611.0,6.952260372499475,403929,14.84
2024-03-06,L&TFH,159.2,-7.3071324599708944,7724681,1321683.0,5.844579222097885,3807755,32.46
2024-03-06,ATUL,6029.35,-0.6320352027951193,50726,10946.0,4.634204275534442,29822,62.02
2024-03-06,IGL,430.1,-6.20433976665576,3932292,1826372.0,2.153061917287387,2326559,39.03
2024-03-07,M&M,1897.55,-3.709435972902349,11751636,1015012.0,11.577829621718758,4109578,64.13
2024-03-07,TATAPOWER,425.25,7.671857197113561,25061605,5285635.0,4.741455851567503,15543774,25.34
2024-03-07,SHREECEM,24705.9,-0.19531999555631274,56642,17790.0,3.1839235525576166,37886,77.25
2024-03-07,LTTS,5301.15,0.29134938277443384,156077,59551.0,2.620896374536112,138624,66.89
2024-03-11,INDIGO,3218.55,3.6336413690955456,3873464,190747.0,20.306814786077894,2307960,42.4
2024-03-11,SIEMENS,4730.85,1.3322909192164916,274706,93177.0,2.948216834626571,192544,24.39
2024-03-11,NESTLEIND,2611.5,1.9738768816259664,842082,396545.0,2.123547138407999,823100,56.32
2024-03-11,AUBANK,584.2,2.2669584245076666,2322144,1118749.0,2.075661296680489,1934500,50.71
2024-03-12,METROPOLIS,1636.25,0.7915486017001299,806242,23461.0,34.365201824304165,353584,80.39
2024-03-12,UBL,1718.25,1.1181403560394292,249496,77096.0,3.236173082909619,133057,36.26
2024-03-12,OFSS,8270.4,2.0602336042056137,185882,65819.0,2.8241389264498094,115922,15.53
2024-03-12,KOTAKBANK,1720.35,-0.5376810337351592,6593801,2448410.0,2.693095110704498,4928563,64.37
2024-03-13,ATUL,5995.1,-1.0325786402317612,57782,15814.0,3.653851018085241,50726,64.17
2024-03-13,BATAINDIA,1403.5,-1.6502575242633373,468132,148435.0,3.153784484791323,305393,57.1
2024-03-13,ADANIPORTS,1209.55,-7.050641666026282,3670690,1211341.0,3.0302697588870515,1851906,42.34
2024-03-13,NAVINFLUOR,2924.25,-3.1368522168303494,177382,64715.0,2.7409719539519433,173991,57.3
2024-03-13,PVRINOX,1305.0,-3.4763313609467454,657081,250876.0,2.6191465106267637,543278,54.4
2024-03-13,NTPC,322.5,-6.453952139231327,13583214,5775313.0,2.351944214971552,12694804,57.26
2024-03-13,BSOFT,723.3,-4.8790110468174674,1223990,536679.0,2.2806742950627843,1183700,35.88
2024-03-13,HAL,3039.5,-6.979235206806328,1067951,478485.0,2.231942485135375,949486,30.97
2024-03-13,POWERGRID,264.3,-7.3119410836401775,23370714,10514608.0,2.222689994719727,21641839,59.33
2024-03-13,ADANIENT,2906.2,-6.927141713370702,988048,449281.0,2.1991760167912733,896202,29.0
2024-03-13,LICHSGFIN,590.45,-5.391764140362118,1481243,687196.0,2.155488390502855,1452893,47.74
2024-03-14,ABBOTINDIA,28308.1,3.3068814445687176,11451,3565.0,3.212061711079944,6409,36.15
2024-03-14,MPHASIS,2482.55,4.51521913021513,613593,257167.0,2.3859709838354064,479792,63.82
2024-03-15,ICICIBANK,1080.35,-0.2999261720191953,49077479,6207330.0,7.906375043698337,13165624,74.14
2024-03-15,IOC,161.0,-5.488699735837978,40477654,7416027.0,5.45813196203304,30415632,37.23
2024-03-15,KOTAKBANK,1738.3,-0.23530762167126587,11640377,2397698.0,4.854813658767702,6593801,75.06
2024-03-15,ITC,419.1,-0.13106159895149638,53479171,13551653.0,3.9463208658013897,36479112,73.01
2024-03-15,HINDPETRO,468.85,-6.248750249950009,9320963,2378388.0,3.919025407124489,4693299,29.39
2024-03-15,GRASIM,2197.1,0.027316184839513275,2093958,593695.0,3.5269928161766564,1044590,79.6
2024-03-15,HDFCBANK,1452.65,-0.19238036346146925,50794310,14505354.0,3.5017628663181886,20866170,70.74
2024-03-15,HINDCOPPER,271.15,3.2165968785687054,14702323,4746295.0,3.0976420555401636,5279943,37.54
2024-03-15,RECLTD,446.7,-3.7906525953047643,18584454,6263316.0,2.9671908618374037,10671114,57.31
2024-03-15,BEL,188.85,-3.2778489116517315,46899334,17106028.0,2.7416846271969155,25407586,52.83
2024-03-15,PERSISTENT,8432.45,1.4906241725441152,261096,102075.0,2.557883908890522,175002,67.74
2024-03-15,PAGEIND,34661.3,0.8031083185619415,41949,16676.0,2.5155313024706163,25615,66.87
2024-03-15,BPCL,586.45,-3.6632443531827446,9926884,4018863.0,2.4700727544083985,7761679,34.81
2024-03-15,NTPC,316.3,-1.7244057790896414,26724464,11184577.0,2.389403193343834,13583214,61.74
2024-03-15,MARUTI,11476.65,0.631762622099848,685183,287384.0,2.3842071931631543,653512,70.47
2024-03-15,LICHSGFIN,584.6,-1.2166272389320603,1934261,825457.0,2.3432607634316507,1481243,60.53
2024-03-15,COROMANDEL,1074.85,-1.0175890966019139,803859,345938.0,2.3237082945498906,466979,66.12
2024-03-15,ONGC,258.75,-1.7094017094017095,17093935,8168398.0,2.0926912474147317,12851397,48.89
2024-03-15,AXISBANK,1046.4,-1.1197732104890061,12038488,6016950.0,2.0007625125686603,7558304,67.64
2024-03-18,COFORGE,5697.15,-6.854522268000786,507279,90872.0,5.582346597411744,345936,35.38
2024-03-18,SHREECEM,25343.2,1.0879342014203974,77165,16521.0,4.670722111252346,56642,83.35
2024-03-18,ACC,2441.55,-2.4531053357038552,274877,85842.0,3.202127163859183,234668,44.87
2024-03-18,AMBUJACEM,584.65,-2.6799833541406612,3401921,1192809.0,2.852024926035937,3006134,53.59
2024-03-18,LALPATHLAB,2011.45,-0.5291397769700589,295078,106457.0,2.771804578374367,257910,76.08
2024-03-18,TATASTEEL,149.7,5.6457304163726185,63206078,26616610.0,2.374685506531448,52524625,37.87
2024-03-18,APOLLOTYRE,458.1,-3.139866793529964,2703446,1222826.0,2.2108182194359625,1222826,53.57
2024-03-18,OBEROIRLTY,1347.35,1.6330994946066126,1015705,460072.0,2.2077087934062494,486600,82.06
2024-03-19,CHOLAFIN,1046.75,-0.9134797425217805,2781607,515803.0,5.392770107967577,2220503,70.72
2024-03-19,TCS,3977.3,-4.219145093317275,3595481,808311.0,4.4481406290400605,2223680,40.26
2024-03-19,NESTLEIND,2496.05,-3.266998662972067,939603,455426.0,2.063129904748521,896208,53.73
2024-03-19,PIIND,3702.5,-0.7532300434246477,341802,165904.0,2.060239656668917,308827,73.99
2024-03-20,ZYDUSLIFE,971.4,0.15981852863844453,1049907,395955.0,2.651581619123385,727606,56.78
2024-03-20,EICHERMOT,3873.6,4.21728076193551,957057,362741.0,2.6384031581762195,780703,31.43
2024-03-21,SRF,2538.35,3.1723773523553924,631026,89192.0,7.07491703291775,492959,47.95
2024-03-21,HDFCLIFE,622.25,-0.6625159642400986,4182156,811891.0,5.151129893052146,3458588,58.11
2024-03-21,CANFINHOME,738.2,2.8062112666248997,437265,112119.0,3.900008027185401,290075,70.49
2024-03-21,SBICARD,702.65,1.4950166112956844,2157189,573768.0,3.7596885849332833,2148795,79.68
2024-03-21,BHARATFORG,1102.0,0.85110277294774,1787646,649812.0,2.7510202951007368,1358748,74.46
2024-03-21,LAURUSLABS,383.9,1.2795145759134587,2752776,1125510.0,2.445803235866407,2013450,73.81
2024-03-22,CROMPTON,269.35,-0.14828544949026032,9321673,1868014.0,4.990151572739819,5443999,83.12
2024-03-22,RAMCOCEM,806.45,-0.909258462861704,1640859,373625.0,4.39172699899632,1370819,77.61
2024-03-26,SBICARD,696.85,-1.0296832836244851,2542603,385111.0,6.602260127599576,2157189,67.68
2024-03-26,MFSL,987.75,4.628992108468836,2282056,430811.0,5.297116368894945,1129468,46.71
2024-03-26,HDFCLIFE,626.9,0.48889957521839456,8660760,2122174.0,4.081079119808272,4182156,62.66
2024-03-26,INDUSINDBK,1518.7,0.4364790688446622,7182924,3372049.0,2.130136305848462,3372049,79.4
2024-03-27,SHRIRAMFIN,2386.35,0.5816526522096364,10849732,1355488.0,8.004299558535376,1702693,70.24
2024-03-27,UPL,455.5,-2.1272024065320108,21779345,2979976.0,7.308563894474318,2979976,78.13
2024-03-27,DALBHARAT,1957.85,-0.1708137874770618,837683,143676.0,5.830361368634985,407289,84.72
2024-03-27,PIIND,3834.9,1.0327475827910602,1076244,221211.0,4.8652372621614655,341802,74.59
2024-03-27,RECLTD,445.6,-3.424360641525782,20494920,4268178.0,4.801795988827083,18584454,72.84
2024-03-27,NTPC,331.6,0.7596475235490732,28049340,6424441.0,4.366035893239583,26724464,62.04
2024-03-27,ZEEL,141.35,1.5080789946139994,43239796,10518344.0,4.1108938821548335,29441954,59.46
2024-03-27,PFC,384.5,-2.645904544879096,21542312,5385780.0,3.999849975305341,15235444,74.92
2024-03-27,ONGC,261.75,-1.4124293785310735,17929164,4724637.0,3.7948236023211943,17093935,62.77
2024-03-27,NAVINFLUOR,3136.05,0.25895554596462106,368948,139826.0,2.6386222877004277,177382,65.14
2024-03-27,MUTHOOTFIN,1478.2,-0.33374911505916766,1626795,650123.0,2.5022880285730547,1333498,69.38
2024-03-27,SRF,2522.75,-2.2189922480620154,765447,327474.0,2.3374283149196575,631026,69.72
2024-03-27,IBULHSGFIN,162.8,-0.4281345565749166,9032192,4407182.0,2.0494256874347374,7264722,55.68
2024-03-28,TATACONSUM,1096.2,0.47202236377802037,5234585,1335939.0,3.918281448479309,2018157,77.87
2024-03-28,IDFCFIRSTB,75.4,-3.084832904884308,89470249,23790665.0,3.7607292187923287,23790665,46.88
2024-03-28,PEL,849.35,1.0890264222804067,2294372,840292.0,2.730446083028281,954402,43.61
2024-03-28,LTIM,4938.4,0.2212075088787344,857207,354572.0,2.4175823246054398,434963,73.27
2024-03-28,PERSISTENT,3984.55,-50.80589902032804,337677,152355.0,2.216382790193955,261096,45.2
2024-03-28,BAJAJFINSV,1643.85,3.866932044355974,1646559,748478.0,2.1998762822688174,1134909,31.6
2024-03-28,ABBOTINDIA,27120.8,1.5340093332160287,23820,11246.0,2.1180864307309264,11451,70.07
2024-03-28,DIVISLAB,3445.3,2.2996867437682877,723213,348123.0,2.0774639997931765,552136,63.14
2024-04-01,IRCTC,970.15,4.350865870710974,1925090,723657.0,2.660224388073355,1469670,42.75
2024-04-01,IDEA,14.0,5.660377358490567,114448346,47243785.0,2.4225058597654696,110550098,24.36
2024-04-01,HDFCAMC,3785.1,0.8257638315441783,448158,204194.0,2.1947657619714587,370452,60.37
2024-04-01,CUB,139.85,3.4776174620791624,2884460,1371691.0,2.1028496942824586,2755881,64.76
2024-04-02,ABFRL,236.15,11.575714623198676,28973409,818518.0,35.397399935004486,3012199,31.82
2024-04-02,ABCAPITAL,201.05,10.558152323343425,12525107,2434352.0,5.145150331587215,8036695,22.57
2024-04-02,INDIAMART,2620.65,-3.343414598163246,202395,56533.0,3.5801213450551006,144749,39.78
2024-04-02,JINDALSTEL,896.9,3.2878447630563663,2099647,679920.0,3.0880794799388163,1270577,51.37
2024-04-02,HAVELLS,1544.15,1.9611079930007622,1927296,632475.0,3.0472287442191393,773868,61.45
2024-04-03,IPCALAB,1224.35,-0.7458149244051758,1406622,63742.0,22.067428069404787,342158,85.07
2024-04-03,SHREECEM,26354.3,-0.6731265711626025,133688,21487.0,6.221808535393493,77165,88.68
2024-04-03,NATIONALUM,174.75,5.144404332129971,23971317,6661383.0,3.5985495804700016,16244719,31.56
2024-04-03,PNB,135.15,6.669297553275457,29052354,10681947.0,2.719762043380294,20545702,28.87
2024-04-03,NESTLEIND,2553.95,-2.6436168185110493,1254813,495980.0,2.5299669341505706,1227814,65.18
2024-04-03,AUBANK,605.05,2.2734956051385957,5887445,2359341.0,2.4953768870205706,2359341,52.92
2024-04-04,DABUR,506.05,-4.698681732580035,7237921,910748.0,7.947226894816129,2051756,69.29
2024-04-04,RBLBANK,254.65,0.8115597783056261,7764868,1332128.0,5.828920343990968,5290158,24.23
2024-04-04,IDEA,13.35,-1.4760147601476092,329635164,94304734.0,3.49542541522889,114448346,35.76
2024-04-04,BHARATFORG,1151.35,0.8408145390847303,1822531,812863.0,2.2421133696576176,1787646,63.55
2024-04-05,GUJGASLTD,548.35,0.2559648962427968,1860933,225975.0,8.23512777962164,627887,44.06
2024-04-05,GMRINFRA,85.65,1.4810426540284358,15931845,3194743.0,4.986894094454546,13138066,46.87
2024-04-05,VOLTAS,1232.3,1.178209286095481,1145743,274454.0,4.1746267134018815,931490,57.45
2024-04-05,ZYDUSLIFE,1006.5,2.369812855980467,1053609,413694.0,2.5468317161960288,1049907,55.88
2024-04-08,EXIDEIND,377.15,17.18191704210034,13706079,487362.0,28.12299481699435,1671478,18.5
2024-04-08,ADANIPORTS,1348.65,-1.9555814038021055,7486463,558244.0,13.410736165547682,3670690,53.33
2024-04-08,WIPRO,479.9,-1.0617462117307563,5259589,1278455.0,4.114019656538557,4807552,39.49
2024-04-08,SUNTV,608.85,-2.263424030821097,360859,102249.0,3.5292178896615125,318017,52.75
2024-04-08,LICHSGFIN,646.8,0.3880180040353873,3297701,1002198.0,3.290468550126821,1934261,62.39
2024-04-08,GODREJPROP,2588.6,3.529505869178315,666487,250514.0,2.6604780571145725,478816,19.97
2024-04-08,BANKBARODA,267.6,-0.483451097062088,9450319,3588755.0,2.6333140601684986,9379264,59.09
2024-04-08,VOLTAS,1306.85,6.049663231355998,2706965,1145743.0,2.3626284428532403,1145743,25.15
2024-04-09,BOSCHLTD,30067.9,-3.2793081430227957,118195,17894.0,6.6052866882754,27105,76.81
2024-04-09,CANFINHOME,810.55,1.4519056261342898,447578,137992.0,3.243506869963476,437265,14.86
2024-04-09,ABBOTINDIA,26420.5,0.07613521007256914,25071,8275.0,3.0297280966767373,23820,83.87
2024-04-10,BIOCON,278.3,2.5801695539992626,8663037,1061924.0,8.157869113043871,4135076,59.29
2024-04-10,JINDALSTEL,897.75,-0.5318264916071082,5283460,792692.0,6.665211708961362,2099647,71.08
2024-04-10,MCDOWELL-N,1200.1,6.35884255771702,1755872,408253.0,4.300940838156731,520813,40.44
2024-04-10,RAIN,180.45,5.897887323943652,3427062,859222.0,3.9885640730800653,3101937,35.24
2024-04-10,PETRONET,302.5,4.8345174146595005,9446883,2721477.0,3.471233818988733,5029041,28.53
2024-04-10,AARTIIND,736.25,5.223667285979698,1721373,530438.0,3.2451917094929095,1008952,33.1
2024-04-10,BHEL,262.5,2.6392961876832843,14803315,4733856.0,3.1271156114592418,14071848,42.15
2024-04-10,NMDC,241.1,5.745614035087717,12909473,5048072.0,2.5573076216028614,12517976,27.13
2024-04-10,FEDERALBNK,159.0,2.0539152759948576,17598216,7469442.0,2.3560282013033906,9993637,43.82
2024-04-10,MCX,3903.95,4.604646177755149,709225,304564.0,2.328656702696313,346798,23.83
2024-04-10,DEEPAKNTR,2297.1,4.794708029197077,255210,114001.0,2.23866457311778,228560,31.75
2024-04-10,HINDALCO,603.05,2.4549779136934986,5907845,2853479.0,2.07040072837403,5867971,50.29
2024-04-12,INDHOTEL,607.45,1.844245116941906,4146422,614453.0,6.748151608015585,3309559,63.33
2024-04-12,BALKRISIND,2393.05,-1.0748020917302248,485443,105579.0,4.5979124636528095,387424,78.11
2024-04-12,SUNPHARMA,1540.0,-3.993017674012653,5166902,1202669.0,4.296196210262342,2842811,62.57
2024-04-12,TITAN,3619.3,-2.476287993101952,1033927,305681.0,3.3823724732646125,883481,54.12
2024-04-12,PVRINOX,1413.95,0.23393471094885016,757755,235522.0,3.2173427535431935,657081,52.93
2024-04-12,AXISBANK,1073.45,-1.3191763191763108,13271508,5004872.0,2.6517177662086064,12038488,73.54
2024-04-12,IDEA,12.95,0.0,338617189,131854173.0,2.5681188641636696,329635164,29.86
2024-04-12,IRCTC,1057.65,3.387096774193557,3011750,1397957.0,2.154393876206493,2861381,27.52
2024-04-15,CONCOR,928.9,-1.8905787917194736,1529941,462693.0,3.306600705003101,1492270,52.99
2024-04-15,IGL,470.35,1.5655366011660548,3229987,1338669.0,2.412834688784158,2411241,29.45
2024-04-15,ATUL,5904.85,-4.05871982972223,143155,59553.0,2.403825164139506,91221,72.53
2024-04-16,HDFCAMC,3728.95,2.2498560421179556,816955,265705.0,3.074669276076852,448158,55.68
2024-04-16,ULTRACEMCO,9463.8,-0.44654832347140805,364888,120874.0,3.0187467941823716,290768,66.63
2024-04-16,INFY,1414.45,-3.6576644075877836,11370535,5094820.0,2.231783458493136,7444467,70.3
2024-04-16,WIPRO,448.35,-2.3946881462936758,5337730,2421856.0,2.203983226087761,5259589,49.79
2024-04-18,POWERGRID,280.1,2.1330902461258057,23857546,6048148.0,3.9446035381409317,17532150,46.74
2024-04-18,ABB,6369.5,-4.143810620254789,307392,78519.0,3.9148741069040613,253046,29.52
2024-04-18,ALKEM,4650.85,-1.762668187482834,222431,61807.0,3.59879948873105,206459,70.66
2024-04-18,TATACOMM,1854.1,-1.5739880557398853,862385,246354.0,3.5005926431070735,495936,41.49
2024-04-18,NESTLEIND,2462.55,-3.2814893366324864,1475594,440369.0,3.350812613966923,1254813,48.56
2024-04-18,BHARTIARTL,1265.75,4.0527765218463525,10727344,3885474.0,2.7608842576221075,8817140,53.8
2024-04-18,PAGEIND,35357.6,-0.8910877212652981,33129,12403.0,2.671047327259534,28088,66.59
2024-04-18,TVSMOTOR,1940.7,-1.7665519335897888,1721852,657746.0,2.6178068737780236,709275,68.48
2024-04-18,CIPLA,1347.3,-2.0287958115183313,1498028,589519.0,2.5411021527720057,1229921,50.37
2024-04-18,ESCORTS,3018.25,-1.4658113380017332,211815,89459.0,2.3677327043673637,140981,34.65
2024-04-22,PERSISTENT,3508.5,-9.684145493860525,1291567,186191.0,6.9367853440821525,516189,34.88
2024-04-22,ADANIPORTS,1321.1,0.8473282442748022,7506568,1665991.0,4.505767438119413,7486463,84.31
2024-04-22,MCDOWELL-N,1159.8,3.267741073813556,2839267,685280.0,4.143221748774224,1755872,80.43
2024-04-22,MARICO,506.0,0.13853156540668685,2146646,683385.0,3.1411956656935693,1642334,71.17
2024-04-22,WHIRLPOOL,1525.7,5.815445434684617,264777,84898.0,3.1187660486701687,232744,43.74
2024-04-22,IDEA,12.9,0.0,611612790,206288329.0,2.964844365965076,338617189,36.36
2024-04-22,ACC,2403.55,-0.0665239174271837,300054,137926.0,2.175470904688021,226910,52.43
2024-04-23,SUNPHARMA,1484.65,-3.6004155574313237,6782070,1229019.0,5.518279212933242,5166902,74.04
2024-04-23,M&MFIN,263.45,-5.52268244575938,8695600,1988773.0,4.372344153907962,2003024,32.79
2024-04-23,CANFINHOME,744.2,-1.1489672577538654,492045,151156.0,3.255213157267988,447578,55.03
2024-04-23,GRASIM,2370.15,3.928876806033628,730722,256541.0,2.848363419492401,723769,40.07
2024-04-23,ASTRAL,1958.6,-0.15802620176378326,319109,130092.0,2.4529486824708666,305007,62.93
2024-04-23,WHIRLPOOL,1568.5,2.8052697122632204,604907,264777.0,2.284590428926984,264777,53.37
2024-04-24,UBL,2030.95,9.179120524674767,993642,53940.0,18.421245828698552,324908,39.86
2024-04-24,CHAMBLFERT,402.2,5.730809674027343,3527164,593370.0,5.944291083135312,1549099,23.53
2024-04-24,SAIL,164.65,8.144499178981942,52116252,12145929.0,4.290841153443265,31316271,29.53
2024-04-24,CIPLA,1398.2,3.8241627682483106,2619267,617785.0,4.239771117783695,1498028,59.32
2024-04-24,ZYDUSLIFE,933.5,-2.7046745531294016,1556546,462063.0,3.368687819626328,1053609,45.34
2024-04-24,HAL,3946.7,3.9781858418736995,1435004,543632.0,2.6396606527945377,1204374,32.4
2024-04-25,KOTAKBANK,1642.45,-10.872042543954846,40653282,1876224.0,21.667605786942286,9347045,61.43
2024-04-25,SYNGENE,699.1,0.7348703170028851,3164933,334404.0,9.46439934929008,637829,50.2
2024-04-25,IDEA,13.9,6.106870229007639,4561100119,603358204.0,7.55952283197926,755326826,53.96
2024-04-25,AXISBANK,1127.0,5.995767693392899,21807972,2941187.0,7.414683935431511,13302410,47.27
2024-04-25,SBIN,812.7,5.122235157159491,16475930,3398638.0,4.84780373785028,15397825,44.85
2024-04-25,INDHOTEL,577.25,-5.057565789473684,5095048,1199346.0,4.248188596118218,4146422,48.84
2024-04-25,DALBHARAT,1806.45,-7.965661300183408,1275988,353927.0,3.605229326951603,837683,43.17
2024-04-25,BANKBARODA,268.65,3.685835584716308,10736851,3469609.0,3.094542065114542,9450319,45.74
2024-04-25,ACC,2579.6,0.9075262087310209,647827,226079.0,2.8654894970342224,300054,27.12
2024-04-25,IEX,159.35,3.574910627234319,8992956,3405236.0,2.6409200419589127,5488722,40.56
2024-04-25,DRREDDY,6218.75,4.502755931975529,408572,156773.0,2.606137536438035,326751,44.08
2024-04-25,LTIM,4634.7,-1.9484640771769564,865558,350059.0,2.4726060464093194,857207,57.88
2024-04-25,TECHM,1190.3,0.38795648140338274,1866822,828392.0,2.253549044413756,1775248,55.61
2024-04-25,OFSS,7143.05,-2.931863890851769,306128,149540.0,2.0471312023538855,150846,27.82
2024-04-26,LTTS,4778.1,-7.809409880664113,471248,56616.0,8.323583439310442,117567,27.61
2024-04-26,BAJFINANCE,6731.2,-7.727316344295327,3114198,387906.0,8.028228488345114,1547951,53.56
2024-04-26,LAURUSLABS,436.95,2.5945057525240696,4369403,698714.0,6.2534928454274565,2387988,51.08
2024-04-26,BIOCON,306.4,5.057431853248757,19218967,3375392.0,5.693847410908126,8787012,42.37
2024-04-26,BAJAJFINSV,1597.35,-3.515448038416239,2635033,484629.0,5.437216922635666,1646559,49.48
2024-04-26,IDFC,127.25,2.3321270607157265,6405618,1625942.0,3.939634993130136,5684406,49.77
2024-04-26,MOTHERSON,131.1,3.06603773584905,18119717,4670815.0,3.8793480366916695,17965362,47.24
2024-04-26,ASHOKLEY,185.0,4.10804727068093,23747710,7201767.0,3.297483798073445,18551224,49.42
2024-04-26,TECHM,1278.75,7.430899773166432,6101272,1866822.0,3.268266604957516,1866822,29.86
2024-04-26,GNFC,719.45,1.4524430656419753,722918,226386.0,3.1932981721484546,636007,31.84
2024-04-26,GMRINFRA,90.75,6.576629477392829,31744816,11046035.0,2.8738652376169367,15931845,26.19
2024-04-26,DIXON,8580.15,6.014159685669805,212594,99431.0,2.138105822127908,188584,17.86
2024-04-29,APOLLOHOSP,5968.35,-4.637618636755824,1020931,133861.0,7.626799441211406,315558,36.66
2024-04-29,SBICARD,724.1,-3.511226597374911,3254433,751340.0,4.331505044320814,1929089,43.03
2024-04-29,LUPIN,1637.45,1.3304867106036697,800614,245507.0,3.261063839320264,754219,61.82
2024-04-29,BALRAMCHIN,401.7,2.7891504605936484,2631141,1000180.0,2.6306674798536265,1011618,35.2
2024-04-29,HCLTECH,1387.4,-5.865590121111363,5965961,2329378.0,2.5611819979410813,3556402,51.91
2024-04-29,TRENT,4314.1,0.21487392127484115,742336,294762.0,2.5184250344345607,534208,31.59
2024-04-29,IEX,155.3,-2.234812716399108,10312021,4255708.0,2.4231035118010915,8992956,59.73
2024-04-30,HDFCAMC,3894.65,3.2830794118037097,948385,130755.0,7.25314519521242,816955,55.24
2024-04-30,ESCORTS,3358.55,2.165878291024694,311499,50765.0,6.13609770511179,211815,52.91
2024-04-30,RECLTD,507.15,9.535637149028073,15910862,3815077.0,4.1705218531631205,8235849,21.82
2024-04-30,PFC,441.55,6.269554753309269,17285381,4876684.0,3.5444947837505976,6047393,32.28
2024-04-30,AMBUJACEM,619.9,-1.5484793139045503,3273717,990844.0,3.3039681322185936,2428478,59.36
2024-04-30,BSOFT,650.1,-3.6460649177412217,2759604,878058.0,3.1428493334153327,932894,38.27
2024-04-30,PAGEIND,34784.05,-0.9203253468310545,54799,22564.0,2.4286030845594753,33129,82.92
2024-05-02,INDIAMART,2861.05,8.213245584174897,479818,30983.0,15.486492592712132,202395,14.84
2024-05-02,HINDPETRO,533.5,7.6907549454985915,6076997,2364617.0,2.5699709508981794,5929441,28.01
2024-05-02,CHOLAFIN,1301.6,9.075672504818568,1873685,819961.0,2.285090388445304,1148506,25.51
2024-05-02,FEDERALBNK,168.0,3.3210332103321067,24520880,11086630.0,2.2117523539614834,17598216,32.32
2024-05-03,COFORGE,4482.55,-10.091862727400358,2234844,202813.0,11.01923446721857,324915,44.76
2024-05-03,TORNTPHARM,2734.7,2.423220973782765,356590,50659.0,7.03902564203794,207571,37.94
2024-05-03,MRF,128560.4,-3.960460758266272,10556,2773.0,3.8067075369635774,5231,32.67
2024-05-03,NAVINFLUOR,3435.65,0.21293041842286178,322203,99417.0,3.2409245903618094,302273,64.68
2024-05-03,SHREECEM,25746.55,3.7029951021460277,146003,48950.0,2.9826966292134833,133688,65.81
2024-05-03,COALINDIA,474.6,4.560475875743566,12248569,4618630.0,2.651991824415465,5192250,23.98
2024-05-03,NMDC,268.95,4.0425531914893575,13682907,6765675.0,2.0224008690928845,12909473,35.11
2024-05-06,BRITANNIA,5061.6,6.681279770686675,860828,119362.0,7.211909988103416,431859,30.33
2024-05-06,ALKEM,5148.95,4.994902120717778,232544,36384.0,6.391380826737027,222431,49.34
2024-05-06,SIEMENS,6107.65,3.0296640547903517,359725,61549.0,5.844530374173423,274645,46.7
2024-05-06,TITAN,3280.15,-7.1804521916296435,3910192,763666.0,5.120290807761508,1033927,56.74
2024-05-06,DEEPAKNTR,2564.05,4.712800931125318,410105,105683.0,3.8805200457973372,370460,19.42
2024-05-06,CANBK,591.8,-5.410373211859669,4840830,1530808.0,3.1622711665995995,4085221,37.07
2024-05-06,PNB,127.1,-6.406480117820336,67418857,30987323.0,2.1756915561889616,30987323,46.69
2024-05-07,SRF,2416.85,-6.59877879115783,767389,100476.0,7.637535331820534,484007,33.73
2024-05-07,MARICO,583.5,10.032057326041873,7301946,1361115.0,5.364679692751898,2146646,20.84
2024-05-07,HINDUNILVR,2379.4,5.460508820140071,4222785,1087912.0,3.8815501621454676,3965183,51.01
2024-05-07,GODREJCP,1322.35,5.775306963164406,1275236,360533.0,3.5370853708259715,984434,15.59
2024-05-07,DABUR,558.45,5.209118311981931,5395494,1845008.0,2.924374311656101,3363545,36.65
2024-05-07,LUPIN,1610.6,-4.110975500848402,1749811,664901.0,2.6316865217528624,800614,34.02
2024-05-07,RELIANCE,2802.95,-1.271552103696672,5307006,2453033.0,2.1634466393236456,4922394,73.11
2024-05-07,GUJGASLTD,538.4,-1.7876687340386843,1029180,503359.0,2.044624214526809,915586,16.7
2024-05-08,BHARATFORG,1405.15,13.323117867655956,2085172,348044.0,5.9911160657847855,1525123,16.83
2024-05-08,CROMPTON,340.0,5.5245189323401656,6720147,1485816.0,4.5228662230047325,6409012,51.6
2024-05-08,DELTACORP,118.95,-1.0399334442595674,1640056,504888.0,3.248356071049421,1112512,26.2
2024-05-08,VOLTAS,1318.8,-5.067664843075158,2847373,955210.0,2.9808869253881345,2706965,31.18
2024-05-08,SUNTV,649.55,2.5173611111111,807928,301965.0,2.6755683605715896,794195,56.81
2024-05-08,PIDILITIND,2815.05,-4.5826624862299745,506554,204107.0,2.4818061115003407,498857,38.01
2024-05-08,BANKBARODA,262.5,1.3317892298783975,16102708,6659146.0,2.41813409707491,14666705,51.27
2024-05-08,NAVINFLUOR,3411.4,1.0156643273814865,335168,151563.0,2.211410436584127,322203,30.35
2024-05-09,PEL,815.8,-8.86443612802324,2277886,499166.0,4.563383724051718,1669689,40.74
2024-05-09,LT,3275.45,-6.062778725784019,7485198,1934299.0,3.8697212788715705,2435550,61.76
2024-05-09,MUTHOOTFIN,1598.4,-3.670222382932554,769435,246180.0,3.125497603379641,480207,27.05
2024-05-09,TATAMOTORS,1030.3,1.798241280505872,6631725,2646500.0,2.5058473455507273,6294473,34.56
2024-05-09,MANAPPURAM,165.8,-7.888888888888883,8123501,3376933.0,2.4055854824481266,4329025,29.18
2024-05-09,ASIANPAINT,2710.1,-4.684697358702925,1582592,763914.0,2.0716886979424385,1026807,44.61
2024-05-09,IBULHSGFIN,152.5,-5.191171899285045,3372131,1666096.0,2.0239716078785377,3273367,49.02
2024-05-10,POLYCAB,6155.65,6.067890066339272,584735,124815.0,4.684813524015543,316989,17.08
2024-05-10,INTELLECT,874.95,-14.622365339578447,771194,204272.0,3.7753289731338606,269572,19.96
2024-05-10,ASTRAL,2158.65,4.179435824425082,425311,139064.0,3.058383190473451,368512,40.31
2024-05-10,ADANIENT,2797.25,1.1060307592214378,1390402,526262.0,2.6420338158559806,914004,59.05
2024-05-13,TATAMOTORS,959.75,-8.302679978980565,26093189,4319917.0,6.040206096552318,6631725,44.24
2024-05-13,CUMMINSIND,3512.35,2.9471246849170445,662603,134369.0,4.931219254441128,353215,46.42
2024-05-13,EICHERMOT,4657.45,-0.00858765310176467,826357,199920.0,4.13343837535014,619683,47.53
2024-05-13,ABB,7984.25,11.22681396142567,481895,126686.0,3.803853622341853,307392,14.63
2024-05-13,UPL,534.1,6.415620641562074,5923212,1609898.0,3.6792467597326044,2867253,21.91
2024-05-13,AUROPHARMA,1177.6,4.4388275464502644,1641689,451875.0,3.633060027662517,1594042,46.84
2024-05-13,BEL,224.75,-1.034786437692644,19890656,7518963.0,2.6453988402390065,19833724,60.51
2024-05-13,LALPATHLAB,2494.3,6.235359257208573,350739,138284.0,2.536367186370079,325174,18.74
2024-05-13,CIPLA,1414.65,5.606360344891952,3408129,1416518.0,2.4059906051317386,2619267,43.08
2024-05-15,CANBK,119.0,-78.99567558026652,30804638,3748948.0,8.2168752407342,5222727,52.98
2024-05-15,APOLLOTYRE,474.1,-0.010545186122525472,4212724,530929.0,7.9346277939234815,1214615,35.41
2024-05-15,OBEROIRLTY,1574.15,3.613625143985525,1076522,164416.0,6.547550116776956,348372,20.03
2024-05-15,CUMMINSIND,3683.2,3.121762746031302,751679,187840.0,4.001698253833049,662603,57.07
2024-05-15,BERGEPAINT,485.1,-1.9108280254777046,1208307,420627.0,2.8726329978817335,871473,36.95
2024-05-15,SIEMENS,7119.3,6.889174154899449,528359,206469.0,2.559023388499,359725,18.92
2024-05-16,LICHSGFIN,653.15,3.5103011093502343,6742570,1042819.0,6.465714567916388,2463693,55.51
2024-05-16,JINDALSTEL,1005.25,1.1775954909164155,1924725,414515.0,4.643318094640724,1729347,51.37
2024-05-16,HAL,4603.7,10.074479658565147,2569626,641846.0,4.003493049734671,1435004,25.62
2024-05-16,MARUTI,12497.65,-2.1120362175244543,448373,115783.0,3.8725287822910097,443944,49.05
2024-05-16,BANDHANBNK,179.6,-5.4239073196419225,14596623,4016225.0,3.6344136595932746,9389466,36.43
2024-05-16,INDUSINDBK,1408.75,-0.5892315291793034,2919418,996509.0,2.9296453920636942,2883559,51.52
2024-05-17,WHIRLPOOL,1559.55,3.25752309067435,1088566,95885.0,11.352828909631329,604907,84.37
2024-05-17,BATAINDIA,1353.05,1.3900337204945639,524642,73337.0,7.153851398339174,483954,65.14
2024-05-17,CROMPTON,391.9,15.570628133293999,9934281,1757776.0,5.651619432737732,6720147,19.45
2024-05-17,IRCTC,1093.7,5.112926477654978,2388074,560241.0,4.262583423919349,1829025,34.85
2024-05-17,PIIND,3576.8,-0.8729872793282155,682502,207285.0,3.292577851750006,553272,57.82
2024-05-17,NAUKRI,6222.0,6.055311714322239,331577,117924.0,2.8117855567992946,182351,21.49
2024-05-21,PIDILITIND,3015.25,0.02487974788522143,542764,8656.0,62.703789279112755,506554,74.5
2024-05-21,NAUKRI,6405.15,3.303872393271284,367306,8487.0,43.278661482267,331577,54.05
2024-05-21,CUB,145.0,-5.290659699542779,6187926,183894.0,33.64941759926914,2687521,45.25
2024-05-21,TATASTEEL,174.35,3.841572364502673,44272957,2313458.0,19.137134540588157,32236497,52.19
2024-05-21,BALKRISIND,3052.7,9.112679832007856,588856,57542.0,10.233499009419207,357065,17.33
2024-05-21,JSWSTEEL,923.45,3.665244723843746,2133732,224933.0,9.486078076582805,1796856,35.93
2024-05-21,NESTLEIND,2460.8,-1.7409359527232036,793630,92002.0,8.626225516836591,793164,61.64
2024-05-21,ASTRAL,2078.2,-5.267236467236476,857137,145712.0,5.8824050181179315,425311,42.73
2024-05-21,BEL,274.15,5.931221020092722,49252270,11061799.0,4.452464739234549,30577318,38.77
2024-05-21,VEDL,491.7,7.21761883994766,9505210,2220049.0,4.281531623851546,8474893,27.48
2024-05-21,GAIL,204.2,-2.17964071856288,17800217,4690622.0,3.794852153936088,15037842,51.39
2024-05-21,IEX,160.45,1.326176191979788,12382637,3751122.0,3.3010488595145664,10312021,27.59
2024-05-21,HINDCOPPER,399.15,2.807469414037341,9870150,3401922.0,2.901345180753703,9298440,41.69
2024-05-22,GRANULES,426.8,4.3265705206550935,1704518,339619.0,5.0189123694492945,556662,41.82
2024-05-22,METROPOLIS,1956.05,2.801208776770461,481124,117827.0,4.083308579527612,292095,18.27
2024-05-23,SUNPHARMA,1495.1,-2.871435067888004,6919073,1561803.0,4.430182936004092,6782070,59.55
2024-05-23,RAMCOCEM,788.4,1.8407285409804302,878209,262007.0,3.351853194761972,695750,42.38
2024-05-23,BAJAJ-AUTO,8963.45,1.793187251222257,444179,177444.0,2.5032066454768827,331186,60.72
2024-05-24,ABFRL,290.05,3.533821167231853,7064826,1148573.0,6.150959494955915,6695281,45.28
2024-05-24,ADANIPORTS,1416.1,-1.887968961097447,10783788,2628657.0,4.102394492701026,3865087,56.46
2024-05-24,TATACHEM,1084.25,-0.42246406759424254,1458450,443271.0,3.2901994490954745,1204034,45.8
2024-05-24,INDIGO,4256.5,-3.272355414157482,1508725,468082.0,3.223206617643917,763216,35.16
2024-05-24,INDUSTOWER,346.7,0.8435136707387949,8872738,3113086.0,2.850142270403066,8218436,39.66
2024-05-24,ZYDUSLIFE,1076.0,-0.9253717600478759,1970963,847419.0,2.325842351894399,1556546,72.05
2024-05-27,WIPRO,452.45,-2.415615227003125,13336057,1544473.0,8.63469740163797,2870178,65.08
2024-05-27,CUMMINSIND,3805.25,2.461057931795848,1459505,176778.0,8.256146126780482,751679,58.05
2024-05-27,INDHOTEL,581.1,1.9742037378257435,4145581,1049591.0,3.9497108873837523,3239005,46.46
2024-05-27,GLENMARK,1119.45,8.055019305019309,1347873,369554.0,3.647296470881116,553448,22.61
2024-05-27,ALKEM,5337.3,-2.0975301055643607,261179,79348.0,3.2915637445178203,232544,65.95
2024-05-27,BERGEPAINT,486.35,-0.2768095140455128,1477454,535398.0,2.7595433677376455,1208307,59.08
2024-05-27,NTPC,369.65,-1.4135218029070573,12663913,5565728.0,2.275338104916374,11695904,57.85
2024-05-27,DIVISLAB,4255.25,3.2226372986609833,603890,271082.0,2.2277023188555494,419035,23.82
2024-05-27,IBULHSGFIN,168.65,2.0883777239709547,3582788,1662807.0,2.154662567573988,3372131,36.27
2024-05-28,DEEPAKNTR,2299.45,-1.925701612215307,492100,60790.0,8.095081427866425,410105,51.56
2024-05-28,COROMANDEL,1291.1,3.582173372377541,295745,63568.0,4.652419456330229,218227,27.55
2024-05-28,SUNTV,660.7,3.7775858006754213,1353861,359409.0,3.76690900895637,1122746,20.96
2024-05-28,MCDOWELL-N,1190.15,2.802971408827852,2772035,750574.0,3.6932201221998096,1199111,63.83
2024-05-28,ABFRL,285.75,-0.12233484795526833,7593641,2450972.0,3.098216136292051,7064826,39.15
2024-05-28,NATIONALUM,191.4,-1.5178801131978332,18339155,8045703.0,2.279372604233589,9652332,24.03
2024-05-29,ICICIPRULI,556.2,-4.523216891253954,4474886,973994.0,4.594367111091033,1711449,67.01
2024-05-29,NTPC,364.6,-0.2189381499726203,13097045,4875842.0,2.686109394028765,12663913,72.17
2024-05-30,ALKEM,4946.8,-5.9981567520831485,750440,111409.0,6.735901049286862,261179,50.35
2024-05-30,CHAMBLFERT,398.65,-1.2998266897746968,982974,261305.0,3.761787948948547,838797,50.6
2024-05-30,MOTHERSON,151.7,2.7081922816519977,40583484,13127101.0,3.0915800830663223,14097329,36.52
2024-05-30,GMRINFRA,81.05,-6.839080459770118,49947283,22571582.0,2.2128392684216815,27606407,51.23
2024-05-31,BERGEPAINT,460.0,-3.675007852580884,37728289,1127064.0,33.47484171262679,1477454,78.71
2024-05-31,IGL,441.95,-3.219095587430196,28331243,1364683.0,20.760310636242995,2716560,67.28
2024-05-31,ICICIGI,1580.75,-0.34044699429436626,1855312,89441.0,20.743417448373787,856462,72.81
2024-05-31,BOSCHLTD,30393.75,-0.7076038006752571,687962,40038.0,17.182726409910586,49583,79.22
2024-05-31,INDUSTOWER,348.15,1.2799999999999934,79580817,5095350.0,15.618321999470105,8872738,71.92
2024-05-31,CANBK,118.0,2.564102564102567,196416068,19069982.0,10.299751095727306,41244366,68.77
2024-05-31,ASTRAL,2096.85,-0.22364445290382207,1233571,129088.0,9.556047037679722,857137,71.68
2024-05-31,DABUR,545.1,-1.09770479905651,9009144,996517.0,9.04063252307788,5395494,80.49
2024-05-31,AUBANK,653.1,2.2705919198246165,19498171,2226789.0,8.756182557036162,2641092,78.82
2024-05-31,JINDALSTEL,1028.15,-0.295771916214115,2062537,266614.0,7.736041618219598,1924725,63.55
2024-05-31,POLYCAB,6741.65,0.4103304985031392,796159,114697.0,6.941410847711797,584735,71.17
2024-05-31,TRENT,4559.15,-1.982220215636336,1932534,279514.0,6.913907711241655,930240,64.31
2024-05-31,MUTHOOTFIN,1683.45,0.5645161290322608,1019413,152415.0,6.688403372371486,769435,43.68
2024-05-31,UPL,508.8,0.5334914048606972,6125621,926650.0,6.610501268008417,5923212,71.63
2024-05-31,HEROMOTOCO,5119.6,-0.3193146417445412,1173042,193381.0,6.06596304704185,823868,61.57
2024-05-31,PIIND,3539.7,-0.4933586337760962,734172,127303.0,5.76712253442574,682502,58.6
2024-05-31,SRF,2211.35,-0.5285412262156448,1006175,176655.0,5.695706320228695,767389,71.48
2024-05-31,TORNTPHARM,2696.05,1.4296194578732528,665304,132134.0,5.035070458776697,356590,66.4
2024-05-31,AUROPHARMA,1185.7,-1.2328196584756315,1743486,367783.0,4.740529061974044,1641689,58.63
2024-05-31,VEDL,450.0,2.0871143375680554,20834719,4547005.0,4.582075234137636,9542060,59.31
2024-05-31,TCS,3670.95,-1.743797007574746,8218394,1998660.0,4.1119520078452565,1998660,75.01
2024-05-31,SIEMENS,6967.95,-0.2390957313537517,574302,140189.0,4.096626696816441,528359,62.07
2024-05-31,IDFCFIRSTB,76.4,-1.4829142488716849,32123624,7935843.0,4.047915766478747,26753339,56.75
2024-05-31,INFY,1406.9,-1.439630109636061,22566239,5848165.0,3.8586871266457083,6121260,60.8
2024-05-31,TVSMOTOR,2179.25,-2.3130197010108215,1730172,448429.0,3.858296408127039,1172332,61.48
2024-05-31,DLF,815.65,1.6956548843588333,8544273,2239895.0,3.814586398023122,3097423,69.98
2024-05-31,IPCALAB,1152.15,-7.783736193372818,945615,254274.0,3.718881993440147,331620,39.04
2024-05-31,LUPIN,1582.55,0.1994428263897596,2095761,569016.0,3.6831319330212158,1749811,72.33
2024-05-31,MGL,1298.0,1.3349988289483885,326551,88760.0,3.679033348355115,208935,42.58
2024-05-31,BHARTIARTL,1372.75,-0.3195004175289613,15327654,4361455.0,3.5143441810129876,7293605,61.74
2024-05-31,PIDILITIND,2969.5,-0.9770574896625377,930773,265691.0,3.503216142059761,542764,75.22
2024-05-31,GAIL,204.3,2.45737211634905,27876736,7961042.0,3.501644131509418,20042892,61.39
2024-05-31,COLPAL,2657.35,0.4536261742302531,564801,166212.0,3.3980759511948597,318151,66.06
2024-05-31,TATACOMM,1778.3,0.8850059567708577,373029,122883.0,3.0356436610434314,300215,62.91
2024-05-31,LTIM,4701.9,-1.4927249300776217,573098,208416.0,2.7497792875786886,397693,59.38
2024-05-31,GRASIM,2316.25,-1.2344362954118977,1036338,378190.0,2.74025754250509,721162,63.01
2024-05-31,M&M,2506.25,0.5113294565871266,5802619,2141186.0,2.710002307132589,3497675,66.17
2024-05-31,PERSISTENT,3410.5,-3.0295275870402802,546834,218066.0,2.507653646143828,434283,60.83
2024-05-31,HCLTECH,1324.1,-0.5818973608139055,6799942,2806445.0,2.422973548385947,5744795,65.9
2024-05-31,ULTRACEMCO,9915.5,0.4726994533304249,444308,183493.0,2.421389371801649,399479,56.17
2024-05-31,HDFCBANK,1531.55,1.102419381456913,24561027,10163087.0,2.4166896337697397,17883266,66.31
2024-05-31,SHRIRAMFIN,2354.05,2.2299908802710022,1761994,745048.0,2.364940245460695,1616181,68.21
2024-05-31,NTPC,359.0,-0.1946066166249621,18697345,8001825.0,2.336635080122347,13097045,61.27
2024-05-31,GNFC,633.65,-1.0694769711163188,657052,295019.0,2.227151471600134,514217,56.38
2024-05-31,DRREDDY,5791.85,-1.3943392211108685,668659,301381.0,2.2186501471559255,456618,64.96
2024-05-31,RELIANCE,2860.8,0.38951468575640824,9187285,4420496.0,2.0783380417039172,5307006,59.14
2024-06-03,RBLBANK,261.25,6.328856328856333,8245819,1612848.0,5.112582834836265,3515300,42.17
2024-06-03,MCX,3647.3,0.43923058917483226,500655,107380.0,4.662460420934997,303309,55.17
2024-06-03,AMBUJACEM,670.8,5.796072864916017,6380356,1658197.0,3.8477671832719516,2257003,57.02
2024-06-03,BANKBARODA,296.95,12.098905247263124,30912498,8200718.0,3.769486769329222,16102708,41.32
2024-06-03,INDIACEM,215.65,5.452322738386311,1709530,533586.0,3.2038509256239855,1516837,39.96
2024-06-03,SBIN,905.65,9.068465105076166,28051367,10255254.0,2.73531664842236,20178148,43.65
2024-06-03,LAURUSLABS,427.35,2.005012531328329,1850734,735642.0,2.5158079609375212,1259589,60.01
2024-06-03,TATAPOWER,456.55,4.533485975958789,13618125,5982269.0,2.27641468479602,9132894,54.4
2024-06-03,INDUSINDBK,1529.7,4.6413790744604535,4397953,1971468.0,2.230801108615509,4148396,53.21
2024-06-03,ACC,2682.8,5.3565818410304775,489331,225251.0,2.172381032714616,326829,48.07
2024-06-03,MGL,1378.6,6.209553158705694,683218,326551.0,2.0922244917332975,326551,51.13
2024-06-04,BEL,255.55,-19.80229091479679,114584485,26345386.0,4.349318890222372,49252270,42.75
2024-06-04,IDFC,107.25,-7.900386431945043,7118380,1899903.0,3.7467070687292985,5536705,35.01
2024-06-04,IRCTC,912.05,-13.48826179748637,3936747,1167991.0,3.3705285400315583,2388074,34.34
2024-06-04,HINDALCO,649.05,-6.7389898699619355,12816579,4048519.0,3.1657450539320675,8294256,52.85
2024-06-04,HAL,4333.35,-17.830155584841606,5363800,1752126.0,3.0613095176945038,2569626,34.63
2024-06-04,SAIL,133.05,-20.018034265103687,40376051,13326948.0,3.029654726648592,23260294,35.25
2024-06-04,BHEL,246.55,-20.83801573286241,42686872,14324607.0,2.9799681066293826,17360979,34.78
2024-06-04,RECLTD,452.2,-25.194375516956164,34087238,12313057.0,2.7683814019540396,16171152,32.81
2024-06-04,ITC,415.2,-3.5203903799233256,27825848,10120207.0,2.749533482862554,17470452,60.47
2024-06-04,ABB,7666.75,-12.159142988084326,541943,205394.0,2.638553219665618,481895,40.25
2024-06-04,ONGC,236.3,-16.825061598028864,34711632,13535522.0,2.5644841772633518,13872002,47.69
2024-06-04,JINDALSTEL,960.15,-9.201380679937591,2673319,1075186.0,2.4863781708467187,2062537,44.82
2024-06-04,PFC,426.75,-23.080389329488096,34455794,14281798.0,2.4125669611067178,17372661,31.66
2024-06-04,NTPC,331.25,-15.45431342521695,46766973,20138093.0,2.322313885430959,20138093,55.65
2024-06-04,ADANIPORTS,1248.95,-21.14965750181508,19371505,8468980.0,2.287348063166993,10783788,37.17
2024-06-04,MCX,3219.0,-11.742933128615693,1137024,500655.0,2.2710728945081944,500655,42.38
2024-06-04,IDFCFIRSTB,72.55,-7.106274007682455,42318419,18910748.0,2.2377972040027183,32123624,45.04
2024-06-04,NATIONALUM,158.55,-19.18960244648317,26784659,12142679.0,2.2058278078503104,18339155,38.96
2024-06-04,RAIN,153.1,-5.813595816671803,1683512,800529.0,2.10299939165227,1231068,43.0
2024-06-04,COALINDIA,441.9,-13.750365960769015,21695635,10388378.0,2.0884525957757796,10872682,45.16
2024-06-04,ABBOTINDIA,26292.25,1.3514946042368103,13745,6761.0,2.0329832864960804,7525,43.56
2024-06-04,ADANIENT,2941.25,-19.31280433440779,4800614,2368641.0,2.0267376947371933,2835771,23.64
2024-06-05,GODREJCP,1426.8,5.8103748748563095,3429003,1045949.0,3.278365388752224,1275236,62.25
2024-06-05,MPHASIS,2362.1,3.80575697648868,609766,262106.0,2.326409925755229,416443,63.33
2024-06-05,FEDERALBNK,166.05,7.371483996120275,16365634,7737380.0,2.1151389746916913,8486443,41.25
2024-06-05,TATACONSUM,1142.4,5.096596136154562,3452665,1691927.0,2.0406701943996404,3291210,56.7
2024-06-06,RAIN,157.05,-1.3505025125628,1778880,667873.0,2.6635003960333776,1683512,53.79
2024-06-06,IEX,162.55,3.568015291494121,13034627,6159018.0,2.116348255517357,12382637,38.55
2024-06-06,SUNTV,718.95,-3.915803541597054,2308829,1112341.0,2.07564856460384,1353861,48.95
2024-06-07,BALRAMCHIN,400.4,3.636598938786063,1900318,374252.0,5.0776428716479804,930724,38.99
2024-06-07,LTTS,4799.85,2.5061398825413854,447925,98675.0,4.539397010387636,168326,60.71
2024-06-07,BSOFT,678.15,4.8550444530344,2080142,887412.0,2.3440543963795846,1841746,27.67
2024-06-10,MPHASIS,2394.6,-3.1291085984748848,28828847,409072.0,70.47377234325498,609766,84.91
2024-06-10,SYNGENE,710.3,2.172036823935545,1148054,214889.0,5.34254429030802,1096919,48.32
2024-06-10,CHAMBLFERT,425.55,4.327040941407216,1562721,368570.0,4.239957131616789,1061258,25.74
2024-06-10,ZEEL,164.41,5.222399999999998,16688049,6692039.0,2.4937166385312457,14678444,46.07
2024-06-11,CANFINHOME,790.7,2.243486131764404,632429,202006.0,3.1307436412779817,599085,49.83
2024-06-11,INDIGO,4369.5,-4.316121403232172,1839375,738562.0,2.490481503245496,1508725,41.98
2024-06-11,PVRINOX,1381.45,2.610859392408831,533670,243128.0,2.1950166167615413,463802,53.39
2024-06-12,BALRAMCHIN,419.55,3.4903798717316317,3700278,1195315.0,3.0956509372006544,1900318,46.48
2024-06-13,DELTACORP,135.28,11.40574816766861,5136166,753792.0,6.813770907624384,1313106,32.31
2024-06-13,MARICO,611.25,-2.8991262907069104,7754708,1762824.0,4.399025654291069,5787032,58.86
2024-06-13,HDFCLIFE,593.5,3.631918980268894,12390750,3124534.0,3.9656313549476496,6852388,50.88
2024-06-13,CHOLAFIN,1436.1,5.669401420109632,1833309,519852.0,3.526597954802521,1688502,38.26
2024-06-13,INTELLECT,1064.8,2.1292921542298147,390856,119469.0,3.2716102085059724,331960,26.7
2024-06-13,OFSS,9658.0,10.467410512590284,253496,101116.0,2.5069820799873415,150363,10.67
2024-06-13,INDIGO,4302.65,0.05232071435215329,2858847,1347212.0,2.1220468641906396,1839375,63.39
2024-06-14,ICICIGI,1730.9,4.101762194021774,3009549,132715.0,22.676781072222433,1855312,54.42
2024-06-18,GNFC,703.2,2.837086867505132,1114076,189652.0,5.874317170396305,700534,41.52
2024-06-18,MARUTI,12560.95,-2.2128888612088558,534932,117837.0,4.539592827380194,457010,64.97
2024-06-18,AUROPHARMA,1242.7,-1.2946783161239044,2543181,767032.0,3.31561264719073,1743486,57.2
2024-06-18,IBULHSGFIN,174.77,1.3982362497099075,5479536,1796229.0,3.050577626794802,4375532,38.47
2024-06-19,INDUSTOWER,334.0,-3.061964881729796,501173024,5222857.0,95.95763851087632,79580817,60.23
2024-06-19,DELTACORP,147.41,11.46313799621928,12775344,1682097.0,7.594891376656638,5136166,20.35
2024-06-19,CHAMBLFERT,467.65,6.684156495950713,3466414,746856.0,4.641341838319569,1562721,15.46
2024-06-19,HDFCBANK,1657.85,3.1129493718124115,24850893,9280334.0,2.67780157481401,24561027,55.14
2024-06-19,BHARATFORG,1703.4,0.39488418695114313,2012227,859652.0,2.34074602280923,1748529,61.16
2024-06-20,INDIACEM,233.15,6.65599268069534,7781653,924369.0,8.418340511202777,2703316,42.32
2024-06-20,TATACHEM,1154.0,4.259836472873478,2297711,411712.0,5.580869637027825,1458450,38.29
2024-06-20,ATUL,6507.1,4.372443660277494,54382,10057.0,5.407377945709456,40700,36.73
2024-06-20,AARTIIND,712.5,3.9690646432219534,1463688,284947.0,5.136702614872239,1118819,38.98
2024-06-20,RAIN,173.15,4.125323230500941,2810013,585715.0,4.797577320027658,1778880,44.04
2024-06-20,CUB,166.26,5.864374403056338,7080119,2099047.0,3.373015944854975,6187926,21.73
2024-06-20,CHAMBLFERT,557.85,19.28792900673582,9945374,3466414.0,2.8690669954598613,3466414,16.37
2024-06-20,BANDHANBNK,208.18,4.702509681637577,16634481,6863245.0,2.4237049675481495,9385117,41.89
2024-06-20,IBULHSGFIN,178.61,2.8148745107068933,6014667,2562551.0,2.347140408132365,5479536,32.96
2024-06-20,GNFC,765.55,9.842886864193973,3502491,1702545.0,2.0572090605534656,1702545,13.61
2024-06-21,WIPRO,490.55,0.03058727569331854,33855194,2591614.0,13.063362831038882,13336057,71.15
2024-06-21,BHARTIARTL,1416.05,2.5268797741012823,28983950,5288816.0,5.480234139361248,15327654,65.98
2024-06-21,ICICIBANK,1158.65,0.15992392807746683,45343258,8378463.0,5.41188258514718,16453850,65.47
2024-06-21,AXISBANK,1237.45,-0.16538926986687813,22949642,4493794.0,5.106963514571429,10802930,78.3
2024-06-21,JKCEMENT,4259.9,-1.425430984611833,454275,94825.0,4.790667018191405,216815,66.29
2024-06-21,GRASIM,2466.15,-1.3066271810469061,2051123,436883.0,4.694902296495858,1196151,71.53
2024-06-21,PVRINOX,1436.85,3.837398373983733,637902,138478.0,4.6065223356778695,533670,33.44
2024-06-21,TECHM,1399.8,0.4809417845093709,3163990,786121.0,4.024812974084142,3055808,46.28
2024-06-21,BPCL,307.6,-50.88223552894211,14501989,4268237.0,3.3976531762411506,10973070,48.33
2024-06-21,ESCORTS,4334.5,3.482028815966967,171914,56709.0,3.0315117529845352,170311,25.7
2024-06-21,KOTAKBANK,1775.65,0.532200990799722,14426663,5543240.0,2.6025687143259177,8563358,75.8
2024-06-21,BAJAJFINSV,1578.9,-0.44766708701134356,1988937,913612.0,2.1770040235898827,1737899,59.45
2024-06-21,BSOFT,681.35,-0.959372047387168,2400995,1184452.0,2.027093541992415,2080142,41.24
2024-06-24,INTELLECT,1066.0,2.082834570265741,778075,145510.0,5.347226994708268,390856,73.91
2024-06-24,M&MFIN,305.35,-0.2287207972553467,4655909,1854088.0,2.5111585857844934,3215913,42.0
2024-06-25,ABBOTINDIA,26855.6,0.07881659583109703,19285,3512.0,5.49117312072893,13745,73.17
2024-06-25,EXIDEIND,579.65,1.0107170863465984,7846185,1597239.0,4.912342486002408,4020091,19.0
2024-06-26,VEDL,442.1,-2.6318687369232436,80827375,3567938.0,22.653805923757645,20834719,49.83
2024-06-26,INDIACEM,262.62,14.491237248234375,12029664,798415.0,15.066931357752548,7781653,13.06
2024-06-26,PEL,907.35,3.061108587005912,1668382,564859.0,2.9536255950600063,1418256,34.56
2024-06-26,ZEEL,155.61,4.625832044644675,25137398,9208912.0,2.729681638829864,16688049,58.24
2024-06-26,GRANULES,502.2,2.9520295202951985,1637529,700116.0,2.338939547160756,1627085,31.89
2024-06-27,SIEMENS,7832.2,3.094601887562352,785521,87223.0,9.005892941082054,581847,63.33
2024-06-27,PNB,119.2,-4.149244129945318,76965885,10293954.0,7.476804831263089,60239470,56.56
2024-06-27,COLPAL,2840.75,1.3865591205967345,1157111,198329.0,5.8343005813572395,564801,65.72
2024-06-27,IPCALAB,1088.15,-1.7294319515939551,1144981,200138.0,5.720957539297885,945615,65.23
2024-06-27,DRREDDY,6235.9,2.7322674442549806,1373241,250975.0,5.471624663811137,668659,56.43
2024-06-27,ESCORTS,4146.0,-2.468859901904276,267529,51426.0,5.202212888422199,171914,60.51
2024-06-27,MANAPPURAM,210.97,7.489682580119217,11489599,2576634.0,4.459150581727944,6646282,23.17
2024-06-27,GRASIM,2637.6,3.344108139876576,2261254,582291.0,3.883374463970764,2051123,46.62
2024-06-27,OFSS,9854.8,3.8210722600899576,271166,70325.0,3.8558976182012086,253496,54.09
2024-06-27,GODREJCP,1362.0,-3.694537740852042,3821786,1067201.0,3.581130452463969,3429003,63.35
2024-06-27,TATAMOTORS,972.1,2.1274360455954193,12033117,3396035.0,3.5432841534318698,11783546,62.07
2024-06-27,LTIM,5377.05,3.854176726219221,650642,217496.0,2.9915124875859784,573098,49.05
2024-06-27,TVSMOTOR,2344.15,-1.3716209109077484,2153288,729535.0,2.9515897112544294,1730172,74.43
2024-06-27,MARUTI,12178.75,-0.15985899616748303,756423,257820.0,2.9339190132650685,582325,61.46
2024-06-27,DIXON,11760.8,3.182561929452845,414458,146158.0,2.8356846700146416,267040,54.16
2024-06-27,AUROPHARMA,1188.25,-0.8097165991902873,3659991,1373890.0,2.6639621803783418,2543181,74.44
2024-06-27,ULTRACEMCO,11716.7,5.147580116843611,731770,300705.0,2.4335145740842354,562823,31.28
2024-06-27,INDIACEM,293.23,11.655624095651516,28441901,12029664.0,2.3643138328718076,12029664,19.6
2024-06-27,OBEROIRLTY,1759.3,-2.070693014194269,1154273,496133.0,2.326539456153894,827857,69.48
2024-06-27,ABBOTINDIA,27377.45,-0.9482788250894048,22773,10646.0,2.139113281983844,19285,57.32
2024-06-28,POLYCAB,6739.5,-3.5733447794827775,3512232,653467.0,5.374765672941403,796159,39.67
2024-06-28,BATAINDIA,1513.75,5.044932514485969,1226246,329759.0,3.718612683808478,611061,58.13
2024-07-01,TORNTPHARM,2781.2,-0.3618385698420221,307321,63409.0,4.846646375120251,261338,81.71
2024-07-01,IDFC,120.13,-1.6617550753110684,10405066,2594404.0,4.010580464723304,7118380,75.33
2024-07-01,PVRINOX,1497.8,4.935720040634746,1004091,367923.0,2.729079182328911,637902,35.38
2024-07-01,MFSL,995.7,2.469898116702686,1750990,706394.0,2.4787724697548392,1572381,83.58
2024-07-02,TATACOMM,1889.5,1.8131853328663465,858110,109407.0,7.843282422514099,633870,67.0
2024-07-02,ICICIPRULI,620.35,0.59185989946489,2884848,623257.0,4.628665221569914,2077994,51.47
2024-07-02,ATUL,6566.1,-0.34830514262298534,68805,23800.0,2.890966386554622,54382,61.04
2024-07-02,GUJGASLTD,650.85,0.6028286575469475,1184098,500206.0,2.3672207050695113,881403,35.68
2024-07-02,CANFINHOME,889.8,-3.643943906004666,1123751,492410.0,2.282144960500396,971437,51.58
2024-07-03,HDFCBANK,1768.65,2.1986594244770705,38698242,10299873.0,3.757157199899455,24850893,62.81
2024-07-04,LUPIN,1759.3,7.8928001962467835,2409901,589730.0,4.086448035541689,1801642,34.01
2024-07-04,COFORGE,5898.7,3.8338995581686035,492258,130738.0,3.7652251067019535,464369,44.06
2024-07-05,UBL,2072.6,3.0119284294234547,358030,45624.0,7.847404874627389,268146,39.45
2024-07-05,DIVISLAB,4629.7,1.884882428670451,704092,139639.0,5.0422303224743805,623063,54.76
2024-07-05,ONGC,288.2,4.024544306081927,17662284,6699249.0,2.6364573103641917,17233689,44.4
2024-07-08,TITAN,3156.2,-3.460932601281603,3195485,1089682.0,2.932493149377525,1552483,60.02
2024-07-08,HINDCOPPER,342.25,3.461305925030226,7086686,2461963.0,2.8784697414217844,3981685,48.23
2024-07-09,ATUL,6790.6,-0.4967396878892173,171640,19730.0,8.699442473390775,68805,85.32
2024-07-09,CROMPTON,427.65,1.6761768901569076,5546876,697923.0,7.947690504539899,3552462,57.26
2024-07-09,RAIN,171.79,5.038214613268101,2990116,590786.0,5.061250605126053,2810013,36.61
2024-07-10,MCX,3717.95,-4.134543485547801,881391,209525.0,4.206614962414986,237561,53.22
2024-07-10,M&M,2732.0,-6.614253973679713,7342210,1764054.0,4.162123154960109,5009179,50.7
2024-07-10,ASIANPAINT,2996.45,3.148020654044744,917674,402536.0,2.279731502275573,875452,39.9
2024-07-11,CHOLAFIN,1404.8,-1.1435206361493262,2171993,567851.0,3.824934709985542,1833309,84.83
2024-07-11,GLENMARK,1384.4,0.3297459868826454,1666225,513697.0,3.243594959674672,576043,62.93
2024-07-11,COALINDIA,500.05,1.895058583800308,7916138,2738287.0,2.89090880539549,7868869,39.29
2024-07-12,ABBOTINDIA,27472.7,-1.2916693613871701,28927,2423.0,11.938505984316963,22773,72.22
2024-07-12,BSOFT,732.35,5.222701149425291,4154306,391192.0,10.619608785455736,2400995,40.59
2024-07-12,SUNTV,808.3,-0.42500769941485006,3205057,517794.0,6.189830318620919,2070903,76.09
2024-07-12,INDIAMART,2812.0,1.8397798058815074,233704,59879.0,3.9029375908081296,162262,37.54
2024-07-12,ABFRL,323.2,-0.06184291898577262,6701519,1794131.0,3.7352450852251033,4334228,78.1
2024-07-12,BANKBARODA,250.6,-2.3763147643163207,12308195,4177536.0,2.9462810134969515,11056800,62.99
2024-07-12,TCS,4183.95,6.63277008945638,5960225,2951068.0,2.01968406014365,2951068,44.12
2024-07-12,COFORGE,5977.65,7.444055001348065,701199,349563.0,2.0059302614979275,492258,32.28
2024-07-15,ESCORTS,3978.05,1.5949024415159945,483005,77996.0,6.192689368685573,267529,74.88
2024-07-15,SBILIFE,1613.45,3.2376747608535776,1529692,366611.0,4.172520737239199,1203539,61.22
2024-07-15,BALKRISIND,3156.1,1.063114412885453,548512,144712.0,3.790369838023108,333499,74.38
2024-07-15,PAGEIND,40541.55,1.979519351219744,19846,6390.0,3.105790297339593,17190,48.88
2024-07-15,HDFCAMC,4196.4,0.6584391753319139,649789,210275.0,3.090186660325764,407592,40.73
2024-07-16,IBULHSGFIN,167.93,0.5930274350065947,8605037,2277573.0,3.778160787821071,6014667,55.67
2024-07-18,MOTHERSON,204.31,1.5608689168365137,45676900,4131534.0,11.055675688497299,29073395,81.96
2024-07-18,LTIM,5756.9,3.4976224077952534,748674,103852.0,7.209047490659785,650642,28.88
2024-07-18,MUTHOOTFIN,1848.15,0.7358351729212657,982938,176965.0,5.554420365609019,631681,60.35
2024-07-18,JINDALSTEL,989.95,-1.9900004950249899,3187775,827507.0,3.8522634853844138,2125375,66.91
2024-07-18,BALKRISIND,3169.9,1.78858133710103,863461,261346.0,3.3038998109785496,548512,83.97
2024-07-18,HINDUNILVR,2738.4,1.8579478881883715,3498161,1654565.0,2.114248155859697,2163350,62.81
2024-07-18,HAL,5015.75,-5.885277892445672,2683420,1336927.0,2.007155214907022,2133846,33.75
2024-07-19,MPHASIS,2873.55,1.422394776316957,2953067,360962.0,8.181102165878956,996047,65.43
2024-07-19,MRF,128123.55,-3.1574249145035744,9343,1723.0,5.422518862449216,8406,50.95
2024-07-19,DALBHARAT,1818.7,-5.120379789759234,843484,160732.0,5.247766468407038,620159,42.75
2024-07-19,APOLLOTYRE,525.6,-4.4276752432039315,6043173,1252612.0,4.8244572142051965,3258581,46.08
2024-07-19,TATASTEEL,157.77,-5.163500841548451,37584389,15702720.0,2.393495458111716,29758311,48.19
2024-07-19,INFY,1792.95,1.985154005858769,13869085,5970209.0,2.3230484895922405,10631638,46.51
2024-07-22,CANFINHOME,845.25,-0.4768632991875609,1648016,175796.0,9.374593278572892,1123751,41.23
2024-07-22,AUBANK,655.4,3.4324942791762014,3641538,574675.0,6.336691173271849,3614961,55.77
2024-07-22,INDHOTEL,620.35,7.3455615158331975,9376764,1583178.0,5.922747789572619,3050790,35.91
2024-07-22,ICICIGI,1896.3,0.7919634314871832,986901,318068.0,3.102798772589509,954378,62.06
2024-07-22,WIPRO,505.8,-9.224694903086867,15852606,5202882.0,3.0468893970687785,9612457,41.71
2024-07-22,ASHOKLEY,230.7,3.014065639651708,8329961,3507020.0,2.3752248347599956,7167099,44.0
2024-07-23,DABUR,652.3,2.458179533495638,3500198,695364.0,5.033619802002979,3063945,48.64
2024-07-23,DLF,809.35,-2.710662339223459,4784231,1369073.0,3.4945039453703344,4714351,41.87
2024-07-23,LAURUSLABS,430.45,-2.5028312570781455,3176647,1031723.0,3.0789727475301025,2936904,65.54
2024-07-23,TATACONSUM,1256.9,4.32436918990705,2372115,808673.0,2.933342649006459,1989412,46.15
2024-07-23,SRF,2361.05,-0.2745454161474942,701134,239164.0,2.931603418574702,484721,47.79
2024-07-23,OBEROIRLTY,1687.1,-3.262614678899088,1619831,694395.0,2.3327227298583657,1154273,35.89
2024-07-23,ITC,492.2,5.4978030221841125,24918734,10812745.0,2.3045705785163713,23772391,46.11
2024-07-23,FEDERALBNK,197.96,2.6071632198206607,15611966,7077671.0,2.20580555383261,12090419,32.32
2024-07-24,BANDHANBNK,188.1,-3.795008183306064,11223644,2262102.0,4.961599432739991,10680692,34.14
2024-07-24,GRASIM,2806.9,-0.5720763004551846,2567928,573244.0,4.479642176804293,2261254,89.14
2024-07-24,INDUSTOWER,426.15,-1.933034173282714,42330460,17181460.0,2.46372892641254,38008666,58.95
2024-07-24,BAJFINANCE,6607.15,-1.783086322486669,1681737,775268.0,2.1692330910085285,826903,54.24
2024-07-24,GODREJPROP,3124.65,-0.8598397715554821,659202,328803.0,2.00485397031049,441390,58.1
2024-07-25,RBLBANK,230.2,-3.2569867619247748,11166064,995902.0,11.21201082034176,3438628,42.97
2024-07-25,AXISBANK,1175.9,-5.111962880774655,18448741,3089860.0,5.9707368618642915,15562273,55.94
2024-07-25,IOC,176.85,4.77516440547426,42022660,7449864.0,5.640728475043303,30206452,55.37
2024-07-25,WHIRLPOOL,2036.95,1.4392071910560043,626499,126434.0,4.955146558678837,498295,85.65
2024-07-25,SYNGENE,786.8,5.504525645323493,1644203,392538.0,4.1886467042681215,1277030,47.37
2024-07-25,GRANULES,550.9,2.407286922576435,1961010,561957.0,3.489608635536171,1637529,53.54
2024-07-25,NESTLEIND,2480.65,-2.3904147320374594,1937926,749907.0,2.584221776833661,803319,55.86
2024-07-25,CANBK,111.89,-0.506846878890266,24221105,9602474.0,2.5223817320411386,22797542,31.48
2024-07-26,PEL,992.1,5.68871844039629,1893150,356373.0,5.3122711316513875,1668382,48.0
2024-07-26,UBL,2037.0,-3.425388171150883,424789,82749.0,5.1334638485057225,358030,41.36
2024-07-26,ASHOKLEY,246.38,6.001806995654601,14371426,4464343.0,3.2191581157630584,8524000,31.38
2024-07-26,COALINDIA,509.85,3.2085020242915028,12602046,4265836.0,2.9541796731051075,7916138,61.66
2024-07-26,TATAPOWER,444.7,5.043108539033888,12833330,5863383.0,2.188724495739064,11137469,38.56
2024-07-26,BAJAJFINSV,1586.45,0.9224211966029454,2006776,922872.0,2.174490070128902,1881402,72.47
2024-07-29,IEX,187.04,5.8756934223932955,14718270,1895465.0,7.764991703882688,10978454,36.11
2024-07-29,JUBLFOOD,590.85,1.6341274619420314,1678234,252088.0,6.657333946875694,1275231,42.14
2024-07-29,BANDHANBNK,218.87,13.698701298701302,31282224,5250396.0,5.958069448475887,11223644,23.41
2024-07-29,PNB,127.0,5.877448937057104,51453365,10152666.0,5.067965891914498,23899144,35.71
2024-07-29,POWERGRID,342.35,-0.5374782103428141,20675613,6612565.0,3.126716032280968,8923638,64.92
2024-07-29,CUB,169.22,5.888242287716661,3697420,1541424.0,2.3987040554707852,2461340,22.28
2024-07-29,VEDL,448.95,1.0011248593925735,30280624,12807774.0,2.3642378449213735,26536022,66.65
2024-07-30,EXIDEIND,531.7,-3.6600833484326754,4129048,1628223.0,2.535922904909217,2617658,37.33
2024-07-30,AARTIIND,742.8,3.7720033528918693,1073217,447639.0,2.3975055792725835,693873,36.67
2024-07-30,TATAMOTORS,1161.85,3.3674377224199206,14139055,6495060.0,2.176893669958399,10908542,49.45
2024-07-31,GRANULES,630.1,6.987010781899987,4465723,1119649.0,3.988502646811635,1961010,31.5
2024-07-31,GAIL,240.97,3.088770053475935,28147748,8936211.0,3.149852661267734,12108001,32.12
2024-07-31,DIVISLAB,4923.2,0.22087188412876635,759356,303837.0,2.499221622119755,704092,65.05
2024-07-31,DIXON,12106.45,1.0778678088224887,525822,261322.0,2.012161241686502,327814,29.12
2024-08-01,ACC,2487.9,-3.9661860922934395,626606,239016.0,2.621606921712354,406830,53.74
2024-08-01,BANKBARODA,251.25,-0.9461856889414569,14286623,6063171.0,2.3562955753680708,13309443,42.32
2024-08-01,TATASTEEL,163.06,-1.3730115526522773,52940254,22539158.0,2.348812409052725,37584389,44.74
2024-08-01,ADANIENT,3217.25,1.5097494793967283,2371836,1023959.0,2.3163388377854974,1023959,38.57
2024-08-02,CUMMINSIND,3510.85,-7.972477064220186,2478254,185892.0,13.331687216233082,744974,51.62
2024-08-02,WHIRLPOOL,2131.15,-0.07736309077269743,1374091,163303.0,8.414364708547915,626499,96.75
2024-08-02,EICHERMOT,4726.7,-4.872403799710199,1362006,337625.0,4.0340792299148465,562323,64.23
2024-08-02,NAUKRI,7220.5,4.5774826380088225,480985,130463.0,3.6867540988632794,317287,33.52
2024-08-05,LICHSGFIN,686.15,-8.342238845845584,3559962,978930.0,3.6365848426343046,2203193,28.73
2024-08-05,ADANIPORTS,1493.85,-5.928841309823683,3147117,927027.0,3.3948493409577067,2130588,44.03
2024-08-05,SBIN,811.65,-4.2696231644748535,12248505,5063625.0,2.4189202399466785,11585088,44.26
2024-08-05,NTPC,413.25,-1.5368120085775527,27608997,11756581.0,2.348386575995181,21050158,64.98
2024-08-05,MGL,1793.3,-2.8469268900506517,482662,228143.0,2.115611699679587,410525,47.46
2024-08-05,HINDALCO,614.3,-5.207931486767996,7729748,3708221.0,2.08448957060542,5301200,57.46
2024-08-07,GUJGASLTD,636.95,-1.1714507370054235,725047,145029.0,4.999324273076419,622531,39.87
2024-08-07,SHREECEM,25098.6,-3.841755311506876,248640,67669.0,3.6743560566877003,67669,76.37
2024-08-07,INDUSINDBK,1345.15,-2.59594496741491,4303657,1391875.0,3.0919852716659184,2728614,49.3
2024-08-07,ZYDUSLIFE,1272.85,3.677608536287355,1603162,788404.0,2.0334270247233652,1201803,62.16
2024-08-07,PIIND,4422.2,3.6918928424878326,466956,231076.0,2.020789696896259,396783,52.4
2024-08-08,VOLTAS,1436.0,-2.299632603075245,1217934,519553.0,2.3441958760703914,911754,45.58
2024-08-08,COROMANDEL,1640.8,0.9195190208198817,454693,202273.0,2.247917418538312,364402,33.76
2024-08-09,TRENT,6275.35,11.184245495295972,1868018,355391.0,5.2562332754628,756692,27.16
2024-08-09,PAGEIND,40205.85,-1.2965827073206693,30274,12924.0,2.3424636335499844,26489,50.41
2024-08-09,ABB,7972.1,0.37520617453382754,436843,187920.0,2.324622179650915,285403,33.89
2024-08-12,JUBLFOOD,651.35,8.757722491233936,5598387,276555.0,20.243304225199328,1678234,26.49
2024-08-12,ADANIENT,3151.75,-1.1231196373390278,2470218,215129.0,11.482496548582478,2371836,23.97
2024-08-12,VOLTAS,1582.55,10.756902404031218,3155886,525779.0,6.002305151023529,1217934,22.51
2024-08-12,INDIGO,4251.65,-0.8985595077152624,1489644,370702.0,4.018440688207779,1148406,85.79
2024-08-12,BRITANNIA,5645.75,-1.6471264568053965,470181,159158.0,2.954177609670893,307477,75.57
2024-08-12,ASTRAL,1937.9,-4.600388903930875,740916,303735.0,2.4393500913625363,500574,41.91
2024-08-13,AARTIIND,621.15,-15.449533791601445,6497243,745822.0,8.711519638734176,1073217,31.16
2024-08-13,CHOLAFIN,1314.9,-2.509731232622792,2406035,359188.0,6.698539483501676,1564489,75.5
2024-08-13,HINDCOPPER,312.95,3.369116432700244,6717215,1053911.0,6.373607448826324,3211368,32.06
2024-08-13,ZYDUSLIFE,1175.45,-5.9940818937939895,2993942,981719.0,3.049693445884209,1603162,51.36
2024-08-13,BALRAMCHIN,511.4,3.281833787741089,1750045,678886.0,2.577818661748806,1520463,18.61
2024-08-16,PVRINOX,1500.05,4.686300509456338,455585,117543.0,3.875900734199399,384687,43.48
2024-08-16,GLENMARK,1565.8,5.00268240343347,1037512,403224.0,2.573041287224967,610568,20.2
2024-08-20,SBILIFE,1761.3,5.369268044629236,2003273,369415.0,5.422825277804096,1525817,50.69
2024-08-20,BALRAMCHIN,570.85,7.3026315789473735,2960749,1041600.0,2.842500960061444,1750045,35.54
2024-08-20,BHARTIARTL,1449.15,-1.3948899397815806,7697126,3167188.0,2.4302712690247628,5264352,76.61
2024-08-21,JKCEMENT,4300.1,-0.05345853477127353,156478,19671.0,7.954755731787911,116293,82.68
2024-08-21,IPCALAB,1406.35,1.592862818753157,671750,247398.0,2.715260430561282,590920,50.1
2024-08-22,M&MFIN,313.7,1.93338748984565,3137894,718039.0,4.370088532795572,2862957,36.4
2024-08-23,GMRINFRA,95.85,0.8841174613198496,63004032,13187499.0,4.777557291189178,18360732,66.04
2024-08-26,INDHOTEL,661.6,3.069013865088027,5101833,1676417.0,3.0432959102657633,3279353,51.24
2024-08-26,ZYDUSLIFE,1108.45,-5.959955883600577,3360360,1236993.0,2.7165553887532106,2993942,45.98
2024-08-26,PERSISTENT,4993.4,2.2713773681515543,277926,116032.0,2.395253033645891,248857,31.63
2024-08-26,NATIONALUM,181.98,5.093555093555089,13926815,5948365.0,2.341284537851998,12867188,44.08
2024-08-27,ZEEL,150.83,11.560650887573983,28481036,3342926.0,8.519792541025437,16196623,27.93
2024-08-27,DELTACORP,135.55,5.347011735447287,2616749,376929.0,6.942286213053387,1775516,40.06
2024-08-27,GRASIM,2699.9,-1.3410801724767896,1223903,282963.0,4.325311083074466,1054650,84.37
2024-08-27,ABCAPITAL,222.77,0.42827517807231863,6226365,1808187.0,3.4434298001257613,4148599,65.58
2024-08-28,LTIM,6127.55,6.537368187705922,775777,103840.0,7.470887904468413,423590,21.67
2024-08-28,BIOCON,356.7,1.1197732104890117,2442344,490865.0,4.975592067065283,2202398,36.8
2024-08-28,LTTS,5678.6,3.484345956190559,124164,26510.0,4.683666540927952,108775,21.92
2024-08-28,MPHASIS,3089.45,1.8276203032300535,686902,202193.0,3.397259054467761,581350,57.9
2024-08-28,ABFRL,314.85,-2.190121155638383,7339268,2239681.0,3.2769255978864846,5273919,46.21
2024-08-28,WIPRO,534.6,3.3742627864256107,5722914,1962543.0,2.9160706287709366,5610453,33.3
2024-08-29,MANAPPURAM,216.52,0.777286478938802,10031248,1537451.0,6.524596881461588,6827944,68.71
2024-08-29,TATAMOTORS,1121.65,4.383230189381615,25627686,4380617.0,5.8502457530525955,14139055,63.03
2024-08-29,INDIGO,4759.85,-2.0576766772637014,2824420,500898.0,5.638712871682459,1489644,40.59
2024-08-29,SYNGENE,853.8,1.197107976768983,1054088,213446.0,4.938429391977362,768889,73.52
2024-08-29,DALBHARAT,1845.65,1.1703119004549765,1236957,320123.0,3.8640053979251725,712538,83.01
2024-08-29,RELIANCE,3041.85,1.5100447173463258,7984285,3480824.0,2.293791642438687,5550149,41.65
2024-08-29,HDFCBANK,1638.55,0.08857125404679284,18760652,8541633.0,2.1963776715763834,15122063,76.49
2024-08-29,BAJAJ-AUTO,10807.85,1.4178806859502227,299551,139956.0,2.1403226728400355,239394,43.19
2024-08-29,HCLTECH,1751.85,1.884323475529958,2763465,1368577.0,2.0192250783112677,2579395,54.05
2024-08-30,ZYDUSLIFE,1127.9,-0.3665915816439083,22662350,1323913.0,17.11770335361916,3360360,69.02
2024-08-30,DIXON,13170.95,-0.23443595240078252,2410236,199591.0,12.075875164711835,525822,52.16
2024-08-30,OFSS,10988.7,1.6742615252943558,2120660,190366.0,11.139909437609656,271504,69.95
2024-08-30,IDEA,15.64,-4.049079754601228,2747107638,329058125.0,8.348396314480913,329058125,65.19
2024-08-30,HDFCBANK,1636.9,-0.10069878856305046,154380134,18760652.0,8.228932235404185,18760652,69.33
2024-08-30,SRF,2564.6,0.9545928710610743,1442269,209536.0,6.883156116371411,868954,66.13
2024-08-30,LTIM,6156.05,0.3905676684985538,1192408,186735.0,6.385562428039735,775777,70.11
2024-08-30,BANDHANBNK,200.3,3.284690352188936,68412939,11464405.0,5.967421684771255,11464405,62.26
2024-08-30,BHARTIARTL,1589.05,1.4783830385081973,27288246,4589981.0,5.945176243648939,7697126,72.15
2024-08-30,TORNTPHARM,3485.15,1.4732643286602294,483230,85369.0,5.6604856563858075,408584,48.65
2024-08-30,UPL,598.35,3.556593977154737,3470426,639888.0,5.423489735703749,2083535,45.56
2024-08-30,PERSISTENT,5170.85,1.829478431256719,772232,145914.0,5.292377701934016,277926,55.75
2024-08-30,ICICIGI,2141.75,0.15900109897818837,1957462,372058.0,5.261174333034097,958619,69.51
2024-08-30,COALINDIA,524.95,-0.4928442801630005,20627713,4233733.0,4.872228125864337,9101722,66.71
2024-08-30,AUBANK,688.7,7.550558288436014,6439493,1387350.0,4.641577828233683,2743606,39.2
2024-08-30,TATACONSUM,1200.15,0.14184988944053115,2014417,435989.0,4.620339045251142,1857171,78.98
2024-08-30,MARUTI,12403.0,-0.4079076265878629,1670252,382443.0,4.367322712142725,748350,73.54
2024-08-30,MARICO,647.15,-2.058267120696182,4864016,1200472.0,4.051752977162316,3393754,62.22
2024-08-30,HAVELLS,1899.35,0.32219727980984597,1064991,284246.0,3.7467229090295024,971637,68.17
2024-08-30,ADANIENT,3019.35,-0.026488750558753105,2564687,747068.0,3.4330034213752967,2470218,73.09
2024-08-30,TITAN,3565.15,0.9042794067700746,1199891,388122.0,3.091530498142337,948684,56.68
2024-08-30,DRREDDY,7031.35,1.445647547665261,493512,160855.0,3.0680550806627087,382334,72.25
2024-08-30,BALRAMCHIN,598.65,3.429509329647551,4051377,1336266.0,3.031864164769589,2960749,26.07
2024-08-30,PIDILITIND,3123.3,1.377866497882087,352157,119747.0,2.9408419417605454,277327,73.65
2024-08-30,HEROMOTOCO,5455.4,1.5052563029118922,647340,233097.0,2.7771271187531372,517490,41.23
2024-08-30,M&M,2805.4,1.7333913548012831,3272785,1235775.0,2.648366409742874,2805305,66.86
2024-08-30,HINDUNILVR,2778.0,-0.26029979355533617,2662420,1015486.0,2.621818518423691,1637562,66.07
2024-08-30,NESTLEIND,2500.75,-0.15172386257012963,1403145,549879.0,2.551734108776658,1351347,73.68
2024-08-30,SHRIRAMFIN,3204.5,0.12498047180128104,1226249,483610.0,2.5356154752796676,1168324,55.61
2024-08-30,SIEMENS,6893.1,0.34646907254014503,557905,226570.0,2.4623957275897075,354645,79.3
2024-08-30,ASHOKLEY,256.45,1.0441292356185883,9326479,4061503.0,2.29631222727153,7079927,58.97
2024-08-30,DEEPAKNTR,2911.05,0.9922114867560708,314302,138783.0,2.264701008048536,266603,67.71
2024-08-30,INFY,1943.7,0.5353402125843814,8968520,3992413.0,2.2463908418292395,7707641,66.6
2024-08-30,ICICIBANK,1229.2,0.5974302316065108,13086144,5998619.0,2.1815261145940426,11848714,61.69
2024-08-30,IRCTC,932.8,1.0562808081902388,1354071,625013.0,2.166468537454421,1067222,45.37
2024-08-30,TCS,4553.75,0.9297841216365933,2308090,1117184.0,2.065989129812099,2117237,63.46
2024-09-02,GUJGASLTD,680.0,12.035587774940266,8969755,439185.0,20.42363696392181,1417562,19.78
2024-09-03,MUTHOOTFIN,1978.55,0.689567430025443,601282,91939.0,6.5400102241703735,533408,54.29
2024-09-03,TATACHEM,1108.3,2.227551538071287,698294,163295.0,4.276273002847607,509833,39.76
2024-09-03,SBICARD,766.05,2.915295224020949,2471455,1074112.0,2.300928581004588,1399145,27.4
2024-09-03,PIDILITIND,3173.55,0.35892732907470637,386625,179308.0,2.156206081156446,352157,63.97
2024-09-03,VEDL,464.55,0.2806260118726414,13696312,6401636.0,2.1395018398421906,8369411,58.73
2024-09-03,HAL,4832.35,3.0791382252559805,1315867,628783.0,2.0927203820713984,1111817,33.22
2024-09-04,ATUL,7916.9,-0.12867252841519253,46986,10385.0,4.524410207029369,46792,72.53
2024-09-04,SYNGENE,879.65,1.2197226856912748,1580879,395504.0,3.997125187103038,1054088,59.91
2024-09-04,BIOCON,379.4,4.835589941972921,4283378,1170444.0,3.6596180594714482,2442344,35.23
2024-09-04,HINDPETRO,445.1,4.508100493073503,8862779,2450251.0,3.6170902491214165,8815361,33.02
2024-09-04,CUB,168.3,-0.5847953216374155,1890002,706768.0,2.674147669390804,1811615,46.6
2024-09-04,GNFC,695.9,1.3545004369356182,1318228,537244.0,2.453685848515758,914480,62.75
2024-09-05,GMRINFRA,95.77,2.515521301648463,84418804,3728137.0,22.64369683839408,63004032,68.2
2024-09-05,MFSL,1117.25,-1.4162181240624685,11907918,871023.0,13.671186639158782,1274777,48.17
2024-09-05,TITAN,3722.85,3.191784239266017,1486339,217653.0,6.828938723564573,1199891,43.23
2024-09-05,PVRINOX,1580.15,3.473904786850906,631313,124898.0,5.054628576918765,455585,41.24
2024-09-05,POLYCAB,6648.8,-1.0160710430918334,334247,92201.0,3.6251992928493184,257018,47.71
2024-09-05,ACC,2419.8,3.0337868046241296,327091,101023.0,3.2377874345446087,300173,24.76
2024-09-05,LAURUSLABS,489.0,2.817493692178296,2880848,940532.0,3.062998388146283,2766751,30.13
2024-09-05,COFORGE,6551.25,3.4772788299031703,316916,139517.0,2.271522466796161,270437,38.25
2024-09-05,IOC,181.34,2.4346156018753895,17464029,8033531.0,2.1738920282998846,13121398,37.83
2024-09-06,SBICARD,800.65,4.292041161912196,5400193,676630.0,7.981013256875988,2471455,33.05
2024-09-06,SBIN,782.5,-4.427480916030534,25389094,3868041.0,6.563812017504468,10875917,63.13
2024-09-06,INTELLECT,996.3,0.8400809716599145,157288,37746.0,4.167011074021088,124660,32.68
2024-09-06,M&MFIN,327.2,-0.577332117897306,4174565,1307787.0,3.192083267382227,4020775,62.6
2024-09-06,IDFC,111.16,-2.1737217284167905,11377182,4530860.0,2.5110424952437285,4530860,63.64
2024-09-06,AXISBANK,1158.75,-1.846596925161997,6643149,2856338.0,2.325757315835871,6022324,67.28
2024-09-06,GODREJPROP,2856.45,-0.45478306325144385,511226,249004.0,2.053083484602657,505949,63.62
2024-09-09,ATUL,7951.2,0.8197500808338201,74117,20405.0,3.6322960058809115,46986,64.46
2024-09-09,DABUR,662.35,2.7855369335816333,2898288,897410.0,3.2296141117215096,2511101,46.64
2024-09-09,POLYCAB,6664.0,0.65400939477699,374993,122755.0,3.054808358111686,334247,71.09
2024-09-09,GRANULES,666.85,-3.088213922395001,3143958,1071637.0,2.93379008003643,2688600,42.34
2024-09-10,TATACOMM,1997.3,3.710050107744635,523614,88337.0,5.927459614883911,487856,48.88
2024-09-10,METROPOLIS,2171.8,0.8427553223597191,128240,22584.0,5.6783563584838825,89857,56.0
2024-09-10,TATAPOWER,445.35,6.581309082206534,13332941,2508027.0,5.316107442224506,10067706,33.58
2024-09-10,DIVISLAB,5426.45,4.889339905286553,530079,120010.0,4.416956920256645,436153,32.55
2024-09-10,ATUL,7999.3,0.6049401348224214,179678,74117.0,2.424248148198119,74117,64.26
2024-09-10,COFORGE,6807.0,4.872318299117976,484603,201862.0,2.400664810613191,316916,38.05
2024-09-10,BOSCHLTD,33534.0,1.2937349157395945,57909,28055.0,2.064124042060239,28055,63.82
2024-09-11,ONGC,285.3,-3.4844384303112346,23994635,7327285.0,3.2746965622328053,15197207,53.53
2024-09-11,BERGEPAINT,618.0,2.700457000415455,1595348,521476.0,3.059293236889138,1519784,31.72
2024-09-11,NAUKRI,7669.75,2.582021480064737,206880,69851.0,2.9617328313123648,177876,45.9
2024-09-11,BAJAJ-AUTO,11420.75,3.940752201315101,609400,292548.0,2.0830769651475998,382224,47.48
2024-09-12,GRANULES,564.9,-16.521353627900112,10069845,660449.0,15.246968350319252,3143958,26.4
2024-09-12,APOLLOHOSP,7061.8,2.3412195210318494,421593,113976.0,3.6989629395662247,362723,50.72
2024-09-12,AUROPHARMA,1561.45,3.585644155499532,1767531,479918.0,3.682985426677057,1721993,43.45
2024-09-12,TATACOMM,2021.45,1.9569767735101984,1154267,430299.0,2.6824766034780465,523614,77.37
2024-09-12,LUPIN,2247.5,1.7244500769439626,1654152,691903.0,2.390728180106171,1345762,78.48
2024-09-12,INTELLECT,999.5,0.9239157873479049,189320,93462.0,2.0256360873938073,157288,73.25
2024-09-13,PVRINOX,1655.15,3.7614017490518132,861525,99931.0,8.621198627052665,631313,57.3
2024-09-13,RAIN,184.74,5.5295327316348715,4964684,708750.0,7.004845149911817,2613837,35.71
2024-09-13,BHARATFORG,1616.25,1.5870521684475174,1216644,244880.0,4.968327344005227,835188,68.5
2024-09-13,OBEROIRLTY,1814.45,2.656294200848659,643822,318012.0,2.024521087254569,555623,58.51
2024-09-16,JUBLFOOD,664.25,-2.179515499595016,1845887,604214.0,3.055021896215579,1600362,67.35
2024-09-16,LICHSGFIN,680.75,-5.882759574173919,4051659,1467964.0,2.7600533800556417,2337558,34.11
2024-09-17,RECLTD,544.85,-2.826823613340471,5775425,1427449.0,4.045976423676082,5464290,51.21
2024-09-18,MPHASIS,3004.4,-5.456605198565048,951511,171241.0,5.5565606367633915,686902,45.74
2024-09-18,IDFCFIRSTB,72.79,-0.6686681222707354,26925614,6308573.0,4.268098982131141,22855290,47.76
2024-09-18,BAJFINANCE,7631.1,3.6060009503767616,1506232,643597.0,2.3403340910538737,1191716,50.63
2024-09-18,MOTHERSON,204.16,4.692067073483415,43750510,20525308.0,2.131539755700621,20525308,46.61
2024-09-19,INDUSTOWER,389.8,-8.978400467016927,33745828,1592980.0,21.184087684716694,10317035,40.23
2024-09-19,NAUKRI,7902.1,2.0738740949809817,254643,44274.0,5.751524596828839,206880,28.52
2024-09-19,NTPC,423.95,2.3662924061330464,21545955,3953419.0,5.4499548365604555,13667001,36.15
2024-09-19,DRREDDY,6502.55,-0.9934833582021376,774925,155045.0,4.998065077880615,493512,83.11
2024-09-19,BEL,272.7,-3.588474456425679,24208270,5053778.0,4.790133242892743,15710586,54.33
2024-09-19,ESCORTS,3816.75,0.4870664121634964,184889,49960.0,3.7007405924739794,124090,35.97
2024-09-19,AARTIIND,566.25,0.8908685968819599,1688890,468885.0,3.6019279780756475,1675592,58.16
2024-09-19,PETRONET,322.85,-2.9022556390977376,3355468,1004216.0,3.3413807388051975,3275109,63.03
2024-09-19,HAL,4231.8,-4.638716437754205,1941316,586830.0,3.308140347289675,1315867,41.52
2024-09-19,JINDALSTEL,1002.8,-2.1515343708835397,2773695,923894.0,3.002178821379942,1903294,56.83
2024-09-19,CHAMBLFERT,478.85,-8.134292565947238,2723363,925179.0,2.943606588562862,1923585,28.18
2024-09-19,GAIL,210.92,-3.2210700192713637,14277837,5249100.0,2.720054295022004,9697515,62.53
2024-09-19,ABBOTINDIA,27971.6,0.6786511920037551,24722,9814.0,2.519054412064398,12267,70.86
2024-09-19,NAVINFLUOR,3245.25,0.9943049201755148,241603,97945.0,2.4667211189953546,178228,67.79
2024-09-19,RECLTD,529.7,-2.9942312975002126,8436718,3702859.0,2.278433502328876,5775425,33.26
2024-09-20,M&MFIN,320.75,-0.8960296616715518,9635138,656828.0,14.669194979507573,4174565,59.56
2024-09-20,GRASIM,2678.25,-2.2161777323426795,1928502,203895.0,9.458309423968219,1223903,69.98
2024-09-20,KOTAKBANK,1904.5,1.738828494350808,13242294,1502194.0,8.815302151386572,5747737,70.25
2024-09-20,PAGEIND,43053.0,0.08787591363053737,41043,5933.0,6.917748188100455,22769,69.97
2024-09-20,JSWSTEEL,981.55,3.4953606073386734,2504172,405973.0,6.16832153862449,1877756,31.16
2024-09-20,ICICIBANK,1338.45,3.5952012383900964,44237266,8351796.0,5.296736893477762,13086144,60.39
2024-09-20,M&M,2950.85,5.4816800714924,7265204,1629743.0,4.457883236804822,3272785,58.15
2024-09-20,HDFCLIFE,711.1,1.3684960798289412,4066485,940767.0,4.322520879240025,3741354,51.53
2024-09-20,UPL,587.1,-1.2945527908540573,3901553,951868.0,4.098838284299924,3470426,68.24
2024-09-20,GLENMARK,1636.75,-0.7910049702994274,1865812,494904.0,3.7700483326059193,854060,63.82
2024-09-20,POWERGRID,340.85,1.776649746192907,16808561,5167522.0,3.2527313865330423,15902391,53.81
2024-09-20,EICHERMOT,4963.15,2.019568747559046,594147,202015.0,2.941103383412123,382866,44.58
2024-09-20,MRF,135934.4,-0.3030489718924364,6918,2515.0,2.750695825049702,6631,50.95
2024-09-20,LT,3793.9,2.9915574015256476,2502587,916050.0,2.7319327547622945,2266937,46.33
2024-09-20,BAJAJFINSV,1916.8,1.3965298349555577,2673248,978641.0,2.7315920751327605,2051811,63.26
2024-09-20,COLPAL,3660.25,1.669374887157477,786998,288407.0,2.728775653850288,664128,67.3
2024-09-20,ULTRACEMCO,11798.3,1.4689314125994346,319425,118076.0,2.705249161556963,316257,52.47
2024-09-20,BRITANNIA,6210.55,1.2397098378025948,427334,159898.0,2.6725412450437154,303039,64.4
2024-09-20,ABCAPITAL,228.29,-0.544567395660887,14894873,5872608.0,2.536330196055994,6226365,71.32
2024-09-20,ESCORTS,4079.25,6.87757909215956,450288,184889.0,2.4354504594648683,184889,26.46
2024-09-20,ADANIPORTS,1438.7,2.1658855276239173,2078564,855328.0,2.4301367428635565,1823409,47.16
2024-09-20,PIIND,4716.0,1.0163755341594245,376473,180425.0,2.086589995843148,310021,62.09
2024-09-20,COROMANDEL,1659.15,-0.9107740086000954,492053,241171.0,2.040266035302752,241723,58.89
2024-09-23,BHARATFORG,1582.2,-0.5749835045715816,1334943,518638.0,2.573939819295925,1216644,57.01
2024-09-23,GODREJPROP,3192.35,6.839022757697453,965271,452233.0,2.134455026501825,511226,34.14
2024-09-24,HINDALCO,717.85,3.9533705017739584,7066693,1413962.0,4.9977955560333305,5653837,46.49
2024-09-24,IEX,211.61,-11.597109077996404,31823195,6592061.0,4.827503113214517,12920034,26.11
2024-09-24,HINDCOPPER,341.85,3.3716359237980145,8485692,2140470.0,3.9644059482263243,8296140,43.15
2024-09-24,SAIL,133.88,3.238741517581731,16895584,4962944.0,3.404347097206819,10386290,40.57
2024-09-24,TATASTEEL,160.53,4.247029027858947,57201568,17948429.0,3.1869958089368158,35277431,41.63
2024-09-24,NATIONALUM,191.48,6.236129604971138,21749630,7497010.0,2.901107241420246,13926815,40.94
2024-09-24,NMDC,223.93,3.9649008774780725,6656536,2929092.0,2.272559550877883,6520581,28.2
2024-09-24,PNB,107.83,-3.3001524526948316,34186258,15284998.0,2.236588974365584,15284998,43.22
2024-09-25,DELTACORP,133.75,3.3137648694577413,6229470,764351.0,8.150012232599945,2616749,28.25
2024-09-25,DABUR,627.0,-4.398871693222539,3682988,973576.0,3.7829486347239456,2898288,51.93
2024-09-25,APOLLOTYRE,544.55,3.007661023361388,1551622,659954.0,2.3511062892262187,1295774,22.06
2024-09-26,JUBLFOOD,687.9,-2.390918765519691,2384936,435532.0,5.475914513744111,1845887,60.42
2024-09-26,CROMPTON,419.25,-5.050390669233385,5420033,1262583.0,4.29281322495234,2314516,49.02
2024-09-26,CUB,165.78,-0.760251421730027,2231724,606255.0,3.6811638666897593,1890002,63.91
2024-09-26,VOLTAS,1857.55,-2.7893345893188872,1601972,483842.0,3.3109403482955178,1597619,58.12
2024-09-26,NMDC,234.29,3.759964570416289,13152313,5080351.0,2.588859116230355,6656536,48.31
2024-09-26,INDIAMART,2889.5,-1.25249901748031,242044,106999.0,2.262114599201862,238800,66.37
2024-09-27,DIVISLAB,5457.9,1.4611566560704823,5641544,301145.0,18.73364658221123,530079,81.92
2024-09-27,LTIM,6136.1,-0.45343564701778566,4004557,240729.0,16.63512497455645,1192408,76.11
2024-09-27,BEL,293.45,1.0154905335628188,163333467,10765955.0,15.171293861064811,24208270,78.3
2024-09-27,GODREJCP,1388.65,-2.365886240596208,3585998,296274.0,12.10365404996726,1697290,68.87
2024-09-27,TRENT,7833.7,-0.14913197542508755,8900806,756236.0,11.769878715110098,930866,79.62
2024-09-27,COLPAL,3764.05,1.7750919316461198,2435738,283442.0,8.593426521122487,786998,71.63
2024-09-27,BHEL,287.55,2.458578300374144,23639783,2972473.0,7.952900833750214,8931796,51.6
2024-09-27,UBL,2180.9,1.1173961424332302,718963,91172.0,7.885787303119379,420163,79.73
2024-09-27,TATACHEM,1067.2,1.209161174071791,1148744,145835.0,7.877011691294957,698294,50.26
2024-09-27,EXIDEIND,497.3,5.416004239533654,4388518,587786.0,7.466183270782223,2093590,32.04
2024-09-27,BERGEPAINT,617.55,0.5945593744909557,6410928,896443.0,7.15151772059127,1595348,71.84
2024-09-27,DEEPAKNTR,2896.5,2.7328024969408995,437643,68071.0,6.4292136151958985,314302,59.7
2024-09-27,MARICO,692.45,-0.16580161476354918,10960321,2098200.0,5.223677914402821,4864016,76.98
2024-09-27,CANBK,113.1,2.659526186802208,80244758,17939622.0,4.473046199078219,28019734,67.64
2024-09-27,IOC,180.01,5.047852474323049,24465737,5490198.0,4.456257679595526,17464029,46.96
2024-09-27,BATAINDIA,1449.55,1.6514726507713855,432921,101769.0,4.253957491967102,273529,59.16
2024-09-27,BANKBARODA,249.6,1.815215174383026,12240952,2887496.0,4.239296608549415,11792491,56.83
2024-09-27,NTPC,436.9,0.5292222733547985,36949849,10465570.0,3.5306102773188655,21545955,68.57
2024-09-27,BPCL,367.3,6.432917994784117,14454821,4414779.0,3.2741890364160926,8184059,35.47
2024-09-27,SRF,2461.55,0.13424183870640422,2378146,810440.0,2.934388727111199,1442269,79.17
2024-09-27,LTTS,5356.55,-1.8937902361743173,130647,48472.0,2.6953086317874235,124164,42.66
2024-09-27,POWERGRID,354.25,-3.0647147352578985,21672197,8228850.0,2.6336847797687404,16808561,65.38
2024-09-27,PIDILITIND,3363.45,2.2433997537731893,566007,230065.0,2.4602047247517005,506438,64.94
2024-09-27,AXISBANK,1273.15,-0.30929449534099274,10457303,4437039.0,2.356820167683899,9013219,78.2
2024-09-27,APOLLOHOSP,7234.0,0.922870874809038,504598,244299.0,2.065493514095432,421593,65.31
2024-09-30,WHIRLPOOL,2289.6,4.004179063798865,382609,58828.0,6.503858706738288,231139,43.63
2024-10-01,BALRAMCHIN,680.55,4.87748497457235,2442479,370499.0,6.592403758174786,2268094,41.2
2024-10-01,POLYCAB,7326.55,5.339170692431567,547114,117262.0,4.665739966911702,404070,44.79
2024-10-01,PNB,105.21,-1.8654976214905326,79785521,18216231.0,4.37991377030737,34186258,66.38
2024-10-01,INTELLECT,925.6,-3.793784429892942,433783,120682.0,3.594429989559338,315152,46.73
2024-10-01,MANAPPURAM,197.47,-1.9269927986093844,3762506,1136535.0,3.3105060556868025,3569419,31.91
2024-10-01,TATACHEM,1132.6,3.8035010539822203,1523262,681745.0,2.2343574210298573,1148744,40.29
2024-10-03,DABUR,580.2,-6.268174474959605,10076430,522518.0,19.284369150919204,3682988,53.8
2024-10-03,LTTS,5099.95,-4.5962605108826775,161551,21064.0,7.669530953285226,130647,50.33
2024-10-03,IRCTC,886.4,-4.805885195725716,2148327,401877.0,5.345732649542024,1612597,50.49
2024-10-03,MGL,1946.75,1.647347535505428,439793,96395.0,4.562404689039888,348861,49.65
2024-10-03,ALKEM,6159.3,0.1308677098150812,226282,52706.0,4.293287291769438,222788,67.49
2024-10-03,LT,3497.65,-4.265772546872859,3826671,1045848.0,3.6589169745507952,2624665,71.99
2024-10-03,PETRONET,364.45,5.913978494623646,6355344,1854895.0,3.4262553945102012,4637770,29.99
2024-10-03,ADANIPORTS,1425.2,-2.8824531516183955,2560505,808352.0,3.16756190372511,2078564,64.53
2024-10-03,EICHERMOT,4782.5,-3.8239168250329234,671769,231913.0,2.8966422753360095,594147,50.22
2024-10-03,MARUTI,12647.35,-3.9393133829560965,566985,205631.0,2.757293404204619,518204,65.66
2024-10-03,PFC,467.55,-5.373406193078326,9550766,3580953.0,2.6671017463786875,8229658,49.74
2024-10-03,HDFCBANK,1682.0,-2.56053759703395,17610464,6953201.0,2.53271320647857,17465531,72.66
2024-10-03,RELIANCE,2813.95,-3.9492772174150583,13301627,5833186.0,2.280336509070686,9772452,70.46
2024-10-03,HEROMOTOCO,5662.75,-1.5191040155823439,710592,324603.0,2.1891110063677783,598595,58.26
2024-10-04,PERSISTENT,5141.3,-2.0751392790819447,552623,197080.0,2.8040541911913945,340587,49.28
2024-10-04,BANKBARODA,250.59,2.2565902228025796,15184256,7192357.0,2.1111655052717766,12240952,36.98
2024-10-07,IDFC,110.56,1.23615053566524,13701297,3379778.0,4.0539044280423155,10407103,57.24
2024-10-07,ACC,2349.05,-3.4802259887005573,431475,173411.0,2.4881639573037466,332463,51.74
2024-10-07,HDFCBANK,1617.8,-2.4040056706783783,28014374,13673903.0,2.0487474571086253,17610464,59.32
2024-10-08,DIXON,14519.0,7.470530542756157,473707,56430.0,8.394595073542442,209898,38.79
2024-10-08,SBILIFE,1728.05,-3.350205542660594,1945867,402308.0,4.836759398271971,1680223,67.37
2024-10-08,MFSL,1154.1,0.21273824512654174,1616647,430637.0,3.7540829050917592,696074,78.57
2024-10-08,BALKRISIND,3004.35,6.756804775779977,282438,95762.0,2.949374490925419,261768,42.08
2024-10-08,SHRIRAMFIN,3329.3,0.9077545577159221,1248249,611359.0,2.041761060195401,1092297,68.42
2024-10-09,IDFCFIRSTB,72.39,-1.0118966224531587,65162519,13787594.0,4.726170425383863,26925614,53.95
2024-10-09,IDFC,107.97,-1.8276050190943853,44980792,10829688.0,4.153470718639355,13701297,68.91
2024-10-09,ASHOKLEY,221.82,-0.2921742257383043,8965296,2822855.0,3.1759675930928086,8742759,35.83
2024-10-09,ITC,491.7,-3.1991337730091542,14972422,5630193.0,2.659308837192615,11668997,62.51
2024-10-10,TATACHEM,1151.2,4.148007418464752,4032323,537408.0,7.5032805615100635,1523262,32.47
2024-10-11,BANDHANBNK,210.26,12.019179541822059,32928310,2580329.0,12.761283541749908,18803252,25.36
2024-10-11,CUMMINSIND,3614.15,-4.454549059521764,731361,83007.0,8.81083523076367,448117,39.5
2024-10-11,IPCALAB,1655.05,4.087921763466558,1202694,410213.0,2.931876854219637,580656,65.01
2024-10-11,HDFCAMC,4449.4,0.8831298393587915,525831,205379.0,2.560295843294592,485262,73.24
2024-10-11,TCS,4149.2,-1.8498367791077215,2942450,1219923.0,2.411996494860741,2801478,51.09
2024-10-14,JKCEMENT,4293.7,1.2963727514007624,260918,23281.0,11.207336454619647,181474,63.55
2024-10-14,RAMCOCEM,869.85,0.9633799547327571,1176881,121443.0,9.690809680261522,1000255,88.15
2024-10-14,INDIAMART,3030.0,0.617652918908146,416921,55915.0,7.456335509255119,242044,70.56
2024-10-14,OBEROIRLTY,1997.8,4.0981684599953025,1457740,377883.0,3.8576490606880967,728661,44.77
2024-10-15,JINDALSTEL,968.7,-2.4618637668025913,5187590,980380.0,5.2914074134519264,2773695,73.37
2024-10-15,GUJGASLTD,585.9,-0.5769557101645982,1568069,341639.0,4.589841909149716,728322,84.68
2024-10-15,INDIGO,4756.45,1.6563545239850823,1091628,320802.0,3.4028092094188938,927847,61.51
2024-10-15,HDFCAMC,4555.1,1.6298345623096615,632518,254272.0,2.487564497860559,525831,40.37
2024-10-16,AMBUJACEM,589.05,-0.22020835097824482,15912197,923385.0,17.23246208244665,3640365,78.81
2024-10-16,COFORGE,7204.25,-3.556918051660317,472607,53587.0,8.819433817903596,415359,54.1
2024-10-16,ZYDUSLIFE,1020.1,-3.5958985021027323,1824340,352234.0,5.179341006262882,1532190,47.98
2024-10-16,PVRINOX,1626.85,0.37636896498534067,835736,273525.0,3.055428205831277,492775,47.71
2024-10-16,SIEMENS,7986.3,1.4771189509596507,456661,175496.0,2.6021162875507136,380553,46.96
2024-10-17,ADANIENT,3013.75,-2.3380537282478397,1687179,148609.0,11.35314146518717,1514900,63.54
2024-10-17,TVSMOTOR,2679.25,-3.4208676531550233,1296980,150019.0,8.645438244489032,837791,46.12
2024-10-17,BAJAJ-AUTO,10119.45,-12.89064685653291,1240947,181928.0,6.821088562508245,484264,33.82
2024-10-17,HAVELLS,1805.55,-6.896818439643171,1240417,384845.0,3.223159973495823,973028,39.47
2024-10-17,HEROMOTOCO,5217.45,-3.3483383350005558,815618,270382.0,3.016539562544844,710592,41.88
2024-10-17,SUNTV,765.1,-1.468126207340628,566454,191737.0,2.9543280639626155,298428,73.78
2024-10-17,MPHASIS,3080.2,5.799714908891061,1214848,425745.0,2.853463927938085,951511,22.68
2024-10-17,WIPRO,528.75,-0.6389175984214934,6065092,2468932.0,2.4565650248771536,5611000,51.06
2024-10-18,MANAPPURAM,153.27,-13.567924209101676,27369992,1911436.0,14.319073199416565,4245528,33.88
2024-10-18,MGL,1582.25,-10.206571704216556,889185,116441.0,7.636356609785213,439793,17.1
2024-10-18,IGL,451.7,-10.474680408284614,4139956,969792.0,4.268911271695374,1991830,22.58
2024-10-18,LTTS,5132.1,-2.105865522174528,216974,91011.0,2.3840414894902815,211184,56.51
2024-10-21,TATACHEM,1189.0,9.273044756915734,5726654,494892.0,11.571522675654487,4032323,29.88
2024-10-21,INDIAMART,2508.6,-16.74493470288569,1478055,134075.0,11.024090993846727,416921,28.48
2024-10-21,TATACONSUM,1017.05,-6.970043448433574,5229804,487717.0,10.723029953846185,2623139,45.54
2024-10-21,RBLBANK,176.14,-14.186884926434768,17273656,2414632.0,7.153742682114707,6197005,27.05
2024-10-21,BAJFINANCE,6780.9,-1.719677370263286,1498759,354993.0,4.221939587541163,927432,67.82
2024-10-21,COFORGE,6825.25,-5.341589925662927,482099,150234.0,3.2089873131248585,472607,51.46
2024-10-21,KOTAKBANK,1789.2,-4.3745490499986595,7787912,2491471.0,3.125828877799501,5412015,59.1
2024-10-22,WHIRLPOOL,2348.65,-0.03830520738014049,410997,36521.0,11.253717039511514,382609,66.54
2024-10-22,CUB,168.51,11.870145389364666,10861418,1974168.0,5.501769859505371,3221468,11.9
2024-10-22,BATAINDIA,1395.95,-2.435700307520262,442119,101029.0,4.376159320591118,432921,71.66
2024-10-22,SHRIRAMFIN,3254.5,-1.7746657411040405,2493150,734557.0,3.394086503838368,1248249,63.31
2024-10-22,MARUTI,11923.3,-2.0745899687086817,583415,178587.0,3.266839131627722,566985,64.47
2024-10-23,COFORGE,7557.8,11.140031616484691,1058419,227970.0,4.642799491161118,482099,29.2
2024-10-23,PERSISTENT,5718.75,10.867162963824594,568126,138367.0,4.1059356638504845,552623,21.11
2024-10-23,BHEL,223.7,-3.9089347079037897,27289396,9228289.0,2.9571457937652363,23639783,48.78
2024-10-23,M&MFIN,267.55,-5.006213385407409,5845221,2555973.0,2.2868868333116197,4011452,35.19
2024-10-23,MFSL,1271.9,8.667606476141659,1927592,853647.0,2.2580668590178377,1616647,32.17
2024-10-23,TECHM,1735.95,2.3223600836992775,2648611,1220070.0,2.170868064947093,2378978,63.08
2024-10-24,SBILIFE,1635.3,-4.702797202797206,2587585,252305.0,10.255781692792453,1945867,59.89
2024-10-24,HINDUNILVR,2505.1,-5.798518407099622,5365070,952540.0,5.632382892057026,2151532,58.21
2024-10-24,NESTLEIND,2258.65,-2.9435145994027025,1801572,461857.0,3.9007138573194733,1327292,60.96
2024-10-24,ESCORTS,3494.55,-5.583324327245208,370092,118644.0,3.119348639627794,260100,23.19
2024-10-24,WHIRLPOOL,2240.05,-2.1983059727558465,459133,196042.0,2.342013446098285,410997,84.5
2024-10-25,INDUSINDBK,1041.6,-18.62817858677396,21006000,1121458.0,18.730973429232304,3389549,36.89
2024-10-25,DIXON,13937.2,-7.4266205256620506,816259,85956.0,9.496242263483643,473707,19.56
2024-10-25,LAURUSLABS,465.8,4.1359266711379385,4584517,555781.0,8.248783243759682,2551506,23.06
2024-10-25,ATUL,7404.55,-3.145826384392515,133170,17553.0,7.5867373098615625,114750,36.63
2024-10-25,INDHOTEL,691.25,3.63568215892054,2714608,669901.0,4.052252497010753,2523574,45.59
2024-10-25,AUBANK,604.5,-6.373422132734451,2660770,957511.0,2.7788401386511485,1675850,38.28
2024-10-25,INDIACEM,354.75,-1.1011987733481987,1286502,481585.0,2.671391343168911,987199,58.2
2024-10-28,INDIGO,4015.45,-8.031194887886226,3573704,803582.0,4.447217583270905,1214176,39.1
2024-10-28,CHOLAFIN,1280.35,-6.693630666083671,3374219,764812.0,4.41182800479072,1502590,59.21
2024-10-28,BHARATFORG,1365.5,-2.478217397514644,1045096,271901.0,3.843663686415276,907238,61.46
2024-10-28,DRREDDY,1311.5,-79.86860484749873,430032,144063.0,2.9850273838528976,287189,51.85
2024-10-28,DLF,822.9,5.907335907335905,3671794,1260476.0,2.9130217473398936,3081515,29.6
2024-10-28,TORNTPHARM,3316.7,-3.38348602473164,569839,198336.0,2.8730991852210392,461418,66.06
2024-10-28,ABB,7338.95,-2.4289883203818285,260075,103227.0,2.5194474313890747,253109,52.25
2024-10-28,IDFCFIRSTB,67.13,2.4885496183206035,77119706,31043672.0,2.4842327286540073,65162519,39.5
2024-10-28,INFY,1865.35,0.1772240272817569,5571125,2597591.0,2.1447275571866395,5119815,79.37
2024-10-28,CANBK,100.69,6.844227504244485,24024099,11961668.0,2.0084238251722084,14592104,42.96
2024-10-29,RAMCOCEM,864.9,0.9277087344652466,1550161,117422.0,13.201623205191531,1176881,75.75
2024-10-29,MCX,6824.75,3.9502543637859135,344102,110475.0,3.1147499434261143,227121,40.85
2024-10-29,MARUTI,11046.0,-3.8077199399124817,1061152,413208.0,2.568081934522081,583415,46.77
2024-10-29,SBIN,832.7,5.132251751783358,13842511,5834489.0,2.3725318532608424,9963814,48.96
2024-10-30,TORNTPHARM,3137.8,-2.4209724317012085,1804226,233996.0,7.710499324774783,569839,52.91
2024-10-30,MARICO,651.15,3.4967813716919656,3356254,609577.0,5.505873745236451,2338120,24.32
2024-10-30,IDEA,7.68,-3.5175879396984957,457376084,111473064.0,4.103018860233356,207409190,49.73
2024-10-30,CIPLA,1418.25,-4.013400561740717,2738182,1057714.0,2.588773524790255,1803133,54.07
2024-10-31,ICICIBANK,1292.25,-1.516594901497549,17937069,8189838.0,2.190161636896847,14032225,76.34
2024-10-31,CIPLA,1551.75,9.413008989952406,5902413,2738182.0,2.155595573997638,2738182,33.83
2024-11-04,SUNPHARMA,1808.9,-2.663581575548859,2910167,41351.0,70.37718555778578,1714451,57.83
2024-11-04,PIIND,4463.65,-0.8903691368304273,143878,5176.0,27.797140649149924,123371,50.61
2024-11-04,ABBOTINDIA,29460.45,0.5630557594169778,11970,517.0,23.152804642166345,7087,50.79
2024-11-04,MRF,120876.75,-1.9894137936906038,4510,408.0,11.053921568627452,3468,46.15
2024-11-04,MOTHERSON,185.11,1.5804203479119927,9535548,910862.0,10.468707663729521,9042656,50.73
2024-11-04,IOC,138.93,-4.179598593006416,19681499,2317250.0,8.493472434998381,9793583,42.19
2024-11-04,COALINDIA,443.3,-2.389078498293508,8689971,1701961.0,5.105857889810636,6224089,55.28
2024-11-04,PNB,103.65,2.644087938205587,68228593,14431891.0,4.727626684541894,55823823,51.58
2024-11-05,ASTRAL,1769.75,1.0823623486406242,729353,161254.0,4.52300718121721,591470,62.53
2024-11-05,ABB,7132.85,-3.0974683630287263,423430,131311.0,3.2246346459931003,260075,19.45
2024-11-06,SYNGENE,903.85,4.160184384903489,1553688,168588.0,9.215887251761691,1303340,60.27
2024-11-06,TITAN,3177.05,-1.6469313520625282,1616332,288887.0,5.595031967516711,1062986,35.74
2024-11-06,BEL,301.85,5.412956172516151,24740582,5571023.0,4.440940559749977,15518145,46.85
2024-11-06,ABFRL,300.2,-0.6946741647370237,2757407,682660.0,4.039209855564995,1813377,44.15
2024-11-06,INFY,1823.7,3.9619199635161326,6633255,1886454.0,3.5162558959826216,5571125,63.65
2024-11-06,ASIANPAINT,2897.3,0.3463443355383922,1233701,562187.0,2.1944673213717145,759259,67.89
2024-11-06,AUROPHARMA,1394.85,-0.15032749919468386,997264,479520.0,2.079713046379713,704657,70.47
2024-11-07,HINDALCO,648.1,-8.486303304151372,10878823,1817949.0,5.984118916427248,5110556,40.79
2024-11-07,VOLTAS,1766.95,1.6744828379894776,2058725,367190.0,5.606702252239985,1634032,58.66
2024-11-07,CHAMBLFERT,515.65,2.4334525228446564,3305190,782116.0,4.225958809179201,1498693,29.2
2024-11-07,TRENT,6505.5,-6.469027884608471,1743237,437164.0,3.987604194306942,1148358,39.37
2024-11-07,APOLLOHOSP,7424.85,6.55487148577087,634794,178039.0,3.5654772268997244,237927,25.36
2024-11-07,ALKEM,5723.8,-2.2207796644914417,215382,106529.0,2.0218156558308067,182109,46.84
2024-11-08,AARTIIND,474.4,-7.89243762741481,4130160,272685.0,15.146267671489081,1078237,46.99
2024-11-08,AUROPHARMA,1327.55,-1.70664889678661,1821791,378921.0,4.80783857321183,997264,71.7
2024-11-08,INDHOTEL,732.9,7.1804621234279065,3956154,1359123.0,2.9108138115534796,2714608,15.01
2024-11-08,PAGEIND,48002.9,6.5213773269631545,51830,19470.0,2.662044170518747,30271,29.49
2024-11-11,UPL,515.15,-7.612984218077483,2849194,202939.0,14.0396572369037,1054759,28.74
2024-11-11,BIOCON,348.7,8.52785558667911,5999086,1287569.0,4.6592345730597735,2735148,27.18
2024-11-11,ASIANPAINT,2543.1,-8.173102962682119,3630421,1214532.0,2.989152200189044,1233701,41.0
2024-11-12,MARICO,595.55,-3.49214065791607,4191144,392332.0,10.682646330148955,3356254,75.35
2024-11-12,GODREJCP,1176.2,-3.65728795511323,2105702,267325.0,7.876936313476106,1647399,70.34
2024-11-12,DABUR,510.5,-2.34337637494022,3538729,883350.0,4.006032716363842,3164550,74.1
2024-11-12,BRITANNIA,5027.55,-7.490822776075727,871706,236296.0,3.689042556793175,284998,35.71
2024-11-12,MOTHERSON,166.04,-5.022308660336347,13909007,6543064.0,2.1257635566456328,9535548,45.69
2024-11-12,NMDC,224.76,-3.507491521057835,10299415,5095191.0,2.021399197792585,7845259,32.6
2024-11-13,BALKRISIND,2652.7,-3.2655665967727296,514929,33459.0,15.389850264502824,134437,75.33
2024-11-13,GRASIM,2502.9,-0.725844835792469,1051320,274721.0,3.826864346009224,632996,72.54
2024-11-13,GLENMARK,1539.4,-2.387368821533868,446395,150145.0,2.973092677078824,411584,44.98
2024-11-14,PIIND,4265.25,-4.06868864073411,573182,89861.0,6.378540189848766,217051,35.55
2024-11-14,IPCALAB,1536.55,2.106522244742004,415126,131052.0,3.1676433782010194,378934,33.49
2024-11-18,IGL,325.05,-19.898965007392803,16013172,1415135.0,11.315649743664032,4139956,33.66
2024-11-18,MUTHOOTFIN,1885.65,6.182954641439322,1232216,179574.0,6.861884237139007,523820,34.35
2024-11-18,METROPOLIS,2021.2,-0.5412853065643145,118281,24248.0,4.877969317057077,112033,51.87
2024-11-18,DRREDDY,1193.55,-2.702372218146253,1962941,796310.0,2.465046275947809,1557923,58.29
2024-11-18,NATIONALUM,239.93,9.123573020421158,14992770,6286045.0,2.3850879209423415,9358782,13.97
2024-11-19,SHREECEM,24106.35,0.7156868274768562,52847,3189.0,16.57165255566008,33380,86.31
2024-11-19,SBILIFE,1522.9,-2.5406373992064393,2754645,309848.0,8.89031073300457,2587585,65.6
2024-11-19,HDFCLIFE,680.4,-1.4627081824764696,3308244,975131.0,3.392614940966906,2210832,51.38
2024-11-19,ICICIPRULI,685.2,-1.1540680900173108,938203,320138.0,2.930620544890016,705812,39.98
2024-11-19,GMRINFRA,80.53,3.2303550826817027,19491090,8477778.0,2.299080018372739,14233411,45.27
2024-11-19,AXISBANK,1133.95,0.6881548570413781,14909037,7028188.0,2.12132017527135,7190862,77.55
2024-11-21,ADANIENT,2183.65,-22.606769448874708,4465938,95009.0,47.00542053910682,642077,20.49
2024-11-21,ACC,2027.2,-7.251681383538444,852967,34989.0,24.378147417759866,154341,24.42
2024-11-21,AMBUJACEM,484.15,-11.90064598307706,14740741,703414.0,20.955996042160095,2970574,38.51
2024-11-21,ADANIPORTS,1114.65,-13.569573139999225,17056419,1308877.0,13.031338315212201,1780346,36.35
2024-11-21,GODREJCP,1178.7,-0.5568210579600025,3815393,722197.0,5.283036346038546,2105702,87.25
2024-11-21,UPL,555.75,1.6367959034381943,3961831,917375.0,4.318660307943862,2849194,39.57
2024-11-21,PETRONET,321.85,2.516324255454701,2387890,570592.0,4.184934243732825,2149675,60.32
2024-11-21,COALINDIA,406.0,-1.5160703456640388,9382905,2923716.0,3.2092395431019978,8689971,66.35
2024-11-21,ITC,457.15,-2.182518455119299,12726681,4478830.0,2.841519102086929,11584087,65.07
2024-11-21,INDHOTEL,786.8,4.350132625994689,4998346,1790742.0,2.791215038235547,3956154,33.42
2024-11-21,RECLTD,490.95,-4.965156794425093,7283858,2843030.0,2.562005325304341,5952629,28.23
2024-11-21,HDFCAMC,4214.1,0.5715785831056341,602924,247413.0,2.4369131775614052,449218,69.02
2024-11-21,PFC,453.35,-3.8290199406024508,10727108,5286597.0,2.0291140028263928,6060647,35.84
2024-11-22,PAGEIND,44765.45,0.7148851346638859,67929,12778.0,5.316090154953827,51830,69.46
2024-11-22,NAUKRI,7999.95,6.448136148017052,251115,84970.0,2.9553371778274684,226272,25.44
2024-11-22,GODREJPROP,2857.15,5.632579118603959,354981,143977.0,2.465539634802781,318931,27.35
2024-11-25,ALKEM,5478.3,-1.8814869209345675,3896271,48456.0,80.4084323922734,318497,64.2
2024-11-25,OBEROIRLTY,1946.85,0.25748641759147206,11977719,247105.0,48.47218388943971,1279705,67.74
2024-11-25,HDFCBANK,1785.6,2.2914757103574703,174212666,8137880.0,21.407622869838335,19018449,81.46
2024-11-25,JINDALSTEL,877.25,-0.1934125945730753,3529021,187647.0,18.806700879843536,1232029,62.47
2024-11-25,ZYDUSLIFE,964.35,1.6121384542437247,1907894,127948.0,14.911479663613344,967421,71.82
2024-11-25,VOLTAS,1644.25,-0.5534051046328832,17110798,1173316.0,14.583281912119157,2058725,61.56
2024-11-25,MARICO,607.8,1.4437119252274018,5658220,401483.0,14.093299093610439,4191144,73.51
2024-11-25,BOSCHLTD,35042.6,2.112767374127802,28762,3030.0,9.492409240924092,24030,54.54
2024-11-25,MOTHERSON,165.2,-0.01815650910851609,38729879,4585887.0,8.445449920593333,20519335,74.12
2024-11-25,ICICIPRULI,687.65,0.06548311990685853,1149463,163485.0,7.030999785913081,938203,72.64
2024-11-25,SIEMENS,7348.5,7.286769644056419,676402,111614.0,6.060189581952085,161358,46.07
2024-11-25,BEL,292.35,4.094712479971515,27064245,4827736.0,5.6059910898193275,24740582,54.82
2024-11-25,DRREDDY,1209.3,-0.42406027419820425,2199702,394661.0,5.5736492838157305,1962941,67.06
2024-11-25,TATAPOWER,412.35,-0.3383685800604175,11389573,2060246.0,5.528258761332385,5789647,56.29
2024-11-25,ASTRAL,1782.7,1.1977747502270741,745881,140159.0,5.321677523384157,729353,71.28
2024-11-25,INDIAMART,2309.4,1.340588454703038,425326,88281.0,4.817865678911657,331948,61.49
2024-11-25,TATACOMM,1784.1,2.6436153381468697,332826,74382.0,4.474550294426071,323383,65.72
2024-11-25,HEROMOTOCO,4858.3,1.3391460336663779,775682,182334.0,4.254181885989448,718136,66.04
2024-11-25,HAVELLS,1708.15,2.5423220074438793,1586682,402916.0,3.9379970018564663,1283303,67.74
2024-11-25,ASHOKLEY,234.91,4.889265940346485,10489370,2704605.0,3.878337132409354,5134141,56.91
2024-11-25,GAIL,199.19,3.416229686932134,12347998,3236085.0,3.815721156891738,10807708,58.73
2024-11-25,PIDILITIND,2986.2,1.0028580609155817,506353,132853.0,3.811377989206115,241399,67.17
2024-11-25,GRANULES,575.05,2.779267202859688,2045671,540690.0,3.7834452273946253,1915914,63.84
2024-11-25,SUNTV,759.4,2.39331220926313,458720,122552.0,3.743064168679418,344054,52.26
2024-11-25,PETRONET,333.85,3.167490729295426,3406572,914698.0,3.7242587170847647,2387890,71.71
2024-11-25,ONGC,257.9,5.008143322475563,16101579,4539503.0,3.5469915979788977,12620107,50.36
2024-11-25,MRF,124492.35,-0.08399078629501046,8867,2566.0,3.455572876071707,4510,60.71
2024-11-25,LTIM,6115.25,-0.3007972349479078,332353,97410.0,3.411898162406324,282670,62.38
2024-11-25,NESTLEIND,2256.95,0.4294041738975497,1531246,479378.0,3.194235029559137,932658,75.44
2024-11-25,HCLTECH,1891.7,-0.3529287821323243,4705865,1525701.0,3.0843953041913195,2649137,72.05
2024-11-25,HAL,4289.95,4.344071898524802,1114115,384803.0,2.895286679157907,852309,49.54
2024-11-25,HINDUNILVR,2471.45,1.0714650853695866,3218470,1156911.0,2.7819512477623602,1710209,73.68
2024-11-25,DLF,823.3,2.4769728653223773,5038386,1818011.0,2.77137267046239,3671794,64.39
2024-11-25,SRF,2223.55,2.7874725528718445,512767,189423.0,2.706994398779451,438677,64.74
2024-11-25,UPL,568.55,0.379590395480222,4002581,1520898.0,2.631722179922651,3961831,68.15
2024-11-25,ICICIGI,1836.9,-0.032653061224484844,829771,329052.0,2.5217017371114596,713787,71.47
2024-11-25,GODREJPROP,2943.05,3.0064924837687936,874680,354981.0,2.4640192010276607,354981,48.44
2024-11-25,TECHM,1732.6,-0.8498097227388559,2918224,1191701.0,2.448788748184318,1845411,74.57
2024-11-25,INFY,1889.7,-0.6597450387698753,9070318,3723656.0,2.4358635706413265,6633255,71.06
2024-11-25,VEDL,443.8,-0.34804086673403195,7567803,3147394.0,2.4044663616947863,6697348,59.9
2024-11-25,OFSS,11958.25,3.8367024417352678,163575,69145.0,2.3656808156772002,144356,64.15
2024-11-25,WIPRO,582.45,1.8892679086853965,6359322,2731667.0,2.3280004480780416,4437323,54.59
2024-11-25,INDHOTEL,798.05,-0.12514861397910018,5096790,2191212.0,2.326014096308344,4998346,66.75
2024-11-25,GLENMARK,1490.4,0.8253281017453691,504689,226044.0,2.2327024827024826,446395,61.79
2024-11-25,JSWSTEEL,953.3,-2.460735662761556,2037305,941653.0,2.1635411345792983,1956267,44.64
2024-11-25,TATACONSUM,955.7,1.1108760050782902,1620973,770904.0,2.1026911262621546,1531085,65.66
2024-11-25,PFC,481.5,0.7427555183596635,11111226,5471910.0,2.0305937049403227,10727108,49.11
2024-11-27,GRANULES,582.95,-2.074584243238688,2416776,1140820.0,2.1184551462982766,2045671,40.72
2024-11-28,ICICIPRULI,691.85,1.623090481786144,1774333,335193.0,5.293466749007289,1149463,51.51
2024-11-28,HDFCLIFE,657.7,-3.3575784292116535,6405601,1608105.0,3.9833226064218445,3308244,47.01
2024-11-28,BAJFINANCE,6509.4,-2.920121696593691,967881,312257.0,3.0996294718773316,716612,61.38
2024-11-28,BAJAJFINSV,1575.05,-1.5624511734008313,2403464,891911.0,2.6947352370359825,1740553,69.5
2024-11-28,POLYCAB,7149.2,1.4934696195343529,365100,159254.0,2.2925640800231077,245234,58.83
2024-11-29,ZEEL,129.16,4.914304280724553,10869944,2768867.0,3.925773249491579,7181451,23.29
2024-11-29,SBILIFE,1437.75,0.6404871902562013,5893308,2686886.0,2.1933598969215664,2754645,65.36
2024-12-02,BERGEPAINT,489.6,-0.8304638444399364,2314642,199016.0,11.630431724082486,938113,72.43
2024-12-02,CANFINHOME,814.55,-1.1408459251168264,1692956,165881.0,10.205846359739814,574125,46.34
2024-12-02,CIPLA,1507.7,-1.7080644109785543,3790695,1531545.0,2.4750790868045014,3146768,71.13
2024-12-02,CHOLAFIN,1249.2,1.2358685522103814,3591887,1503012.0,2.38979262973283,2173265,85.28
2024-12-02,PVRINOX,1572.5,2.107074445634885,480641,211118.0,2.2766462357544124,298142,47.77
2024-12-02,DALBHARAT,1879.75,3.2631087428241874,660730,300985.0,2.1952256756981243,300985,57.49
2024-12-03,DEEPAKNTR,2627.0,-4.78606766821914,1058871,44803.0,23.63393076356494,283966,52.93
2024-12-03,GRANULES,534.15,-10.234434081169647,4359493,996255.0,4.375880673120838,2416776,22.19
2024-12-03,M&MFIN,285.3,2.8478731074261123,971433,273427.0,3.5528056848811564,923598,29.26
2024-12-03,WIPRO,291.65,-50.106919852878285,9273590,2944370.0,3.1496007634910015,6359322,60.04
2024-12-03,TVSMOTOR,2556.2,2.51864923397769,951819,358385.0,2.6558561323716114,751771,63.28
2024-12-03,ZEEL,138.17,5.869282047352691,12790451,4970071.0,2.573494624121064,10869944,36.11
2024-12-03,MFSL,1142.35,2.4850850042614105,1595404,789538.0,2.0206804485661234,943247,70.72
2024-12-04,BHARATFORG,1377.9,2.0364336492890995,1104991,420789.0,2.6259978278899876,995723,54.66
2024-12-04,GODREJPROP,2900.25,1.317007563186663,1027968,400250.0,2.56831480324797,874680,57.03
2024-12-04,CANBK,108.63,3.339041095890402,23749131,11045207.0,2.150175275121598,18852095,43.98
2024-12-04,NTPC,372.75,1.4423731119880288,14794773,7153578.0,2.0681640711822813,12327416,67.14
2024-12-05,INDUSTOWER,363.55,1.777715565509525,21745488,3842989.0,5.658483019337292,5995131,44.52
2024-12-05,BAJAJ-AUTO,8891.95,-1.19122361556368,1068249,204235.0,5.2304893872255,812294,59.23
2024-12-05,LALPATHLAB,2985.5,0.4931248632546271,180800,46695.0,3.8719348966698792,146899,69.72
2024-12-05,RAIN,166.29,3.607476635514014,1468536,555283.0,2.6446622713103047,1307678,50.38
2024-12-05,COROMANDEL,1769.0,0.6285730538411192,359476,155742.0,2.308150659423919,328351,66.91
2024-12-06,METROPOLIS,2135.5,1.6807923054947236,597114,37760.0,15.813400423728813,118281,62.87
2024-12-06,INDIACEM,360.2,-1.6653016653016712,1904556,238710.0,7.97853462360186,696526,70.96
2024-12-06,IEX,184.96,3.8226213864720755,3350421,997176.0,3.3599093841007,3196893,30.89
2024-12-06,VEDL,501.4,6.116402116402112,9139153,3332932.0,2.7420760459559332,7567803,35.39
2024-12-06,RAIN,181.27,9.008358891093883,3962606,1468536.0,2.6983376641771124,1468536,27.84
2024-12-06,HINDCOPPER,287.8,1.053370786516854,2472192,1094102.0,2.2595626367559882,2089223,39.33
2024-12-09,GODREJCP,1127.85,-8.709377150026317,5116785,602156.0,8.497440862500747,3815393,45.56
2024-12-09,LAURUSLABS,571.9,-3.0267062314540096,3755120,461928.0,8.129232261304793,1713077,44.86
2024-12-09,GODREJPROP,2842.95,0.07920582954905482,1849626,700233.0,2.641443633761905,1027968,67.81
2024-12-10,INTELLECT,852.7,7.5080375717077565,347930,56649.0,6.141855990397006,290594,27.58
2024-12-10,SBICARD,729.5,1.3687209059959733,1183634,193956.0,6.102590278207429,692611,56.49
2024-12-10,ATUL,7497.9,2.921030596697358,44158,10913.0,4.0463667185925045,43008,50.04
2024-12-10,BHARTIARTL,1578.65,-1.4913731240834833,12020509,2996241.0,4.011863197920327,8027890,82.07
2024-12-10,GLENMARK,1542.65,1.882244163392002,605695,204603.0,2.9603427124724466,504689,34.11
2024-12-10,APOLLOTYRE,541.2,-1.4387179020214855,949382,473204.0,2.0062848158510915,514408,56.94
2024-12-11,VEDL,514.35,2.818590704647681,11713822,4246443.0,2.7585021157707756,9139153,36.13
2024-12-12,NATIONALUM,230.78,-7.514126557928906,22138078,4470784.0,4.951721666714384,14992770,37.97
2024-12-12,NTPC,355.6,-2.708618331053345,15721869,6281556.0,2.5028621889226175,14794773,69.76
2024-12-13,M&MFIN,274.75,-1.8399428367273947,1462246,306099.0,4.77703618763864,1192765,52.25
2024-12-13,MGL,1297.4,1.450521953317448,941361,217036.0,4.33734956412761,722338,66.09
2024-12-13,GLENMARK,1518.15,-1.1009413374157107,705987,230475.0,3.0631825577611456,605695,20.87
2024-12-13,ITC,470.0,2.0408163265306074,17512410,6964126.0,2.5146601310774677,14712940,55.15
2024-12-16,COROMANDEL,1819.25,2.3401681995893404,416513,113087.0,3.683120075693935,359476,48.94
2024-12-17,BANDHANBNK,163.87,-3.509391744685867,12007195,2436700.0,4.9276459966347925,6754461,61.74
2024-12-17,LICHSGFIN,604.85,-3.3708762680725335,1287897,401588.0,3.2070106676494317,1181766,53.07
2024-12-17,LTTS,5232.4,-2.3915233369399083,71929,22632.0,3.1781990102509723,57259,45.44
2024-12-17,PVRINOX,1494.6,1.3734866212229118,485356,167229.0,2.9023434930544343,480641,23.54
2024-12-17,ESCORTS,3344.25,-2.568173872509034,182059,83610.0,2.177478770482,83610,52.73
2024-12-18,IPCALAB,1513.2,-2.884831370535574,1878625,201171.0,9.338448384707537,392221,48.88
2024-12-18,NMDC,213.63,-6.1008307327150435,12436904,2962203.0,4.1985319709689035,9133627,34.95
2024-12-18,TATAMOTORS,755.7,-3.084321898044239,9096431,3913494.0,2.3243758646365626,8851215,47.66
2024-12-19,OFSS,12830.4,3.667434250393889,407031,36254.0,11.227202515584487,163575,73.19
2024-12-19,DRREDDY,1325.6,3.936020072134218,2991542,1408149.0,2.124449898412739,2199702,41.63
2024-12-20,JSWSTEEL,917.35,-0.9287758518278548,22344705,744176.0,30.026102696136398,2037305,77.04
2024-12-20,RBLBANK,152.79,-7.0224548165277305,12465786,1607123.0,7.756584903582365,9436191,32.53
2024-12-20,ICICIBANK,1288.4,0.11655917320693138,40910784,7257591.0,5.6369646622412315,17693973,69.94
2024-12-20,APOLLOTYRE,531.95,0.36792452830189537,1846328,369657.0,4.994705903039845,970661,69.17
2024-12-20,PFC,453.3,-5.650952232282231,11244822,2441038.0,4.606573924699247,11111226,60.05
2024-12-20,M&M,2906.35,-3.592456835785254,5562771,1374738.0,4.046422663809395,3924048,69.13
2024-12-20,BSOFT,577.0,-2.1453404562028284,2380111,616246.0,3.8622741567490904,1009329,56.84
2024-12-20,KOTAKBANK,1743.55,-1.0527211849497733,11589230,3015670.0,3.8430033790169347,4992708,78.92
2024-12-20,BAJFINANCE,6848.25,-1.0161088667423113,1810526,504296.0,3.590204958992338,991955,67.06
2024-12-20,CUB,175.42,-2.6147782157330863,2421869,852654.0,2.8403889502658757,1758138,60.29
2024-12-20,LTTS,4828.5,-5.212944513697356,98309,35018.0,2.807384773545034,71929,37.33
2024-12-20,WIPRO,305.2,-2.414068745004,10656680,4533620.0,2.3505895950697235,9273590,47.97
2024-12-20,SHRIRAMFIN,2877.25,-2.3154356719686233,1576067,710222.0,2.219118810738051,1557111,63.05
2024-12-23,INDIACEM,366.25,7.990564646911404,6185759,392995.0,15.74004503874095,1904556,32.01
2024-12-23,INTELLECT,962.05,17.351793120273236,886601,116909.0,7.583684746255635,347930,3.85
2024-12-23,ICICIGI,1862.05,-2.1081407880556284,916726,234685.0,3.9061976692161835,829771,64.77
2024-12-24,TATACHEM,1067.6,3.224558859076617,485855,89392.0,5.435106049758367,403571,12.42
2024-12-26,CUMMINSIND,3364.25,-0.3834537486675299,1106330,165957.0,6.666365383804238,518258,50.12
2024-12-26,PIIND,3746.0,-1.1387778261615424,463213,173771.0,2.6656519212066456,344013,78.68
2024-12-27,BATAINDIA,1381.3,2.2844237106149734,718021,31148.0,23.051913445486065,203488,27.66
2024-12-27,ESCORTS,3258.4,3.4051601028212426,241359,50817.0,4.749571993624181,182059,17.72
2024-12-30,PERSISTENT,6637.7,3.8178803803803714,1438140,61033.0,23.563318204905542,407096,64.36
2024-12-30,AUBANK,577.2,4.5273451647953635,3425442,215427.0,15.90070882479912,1898767,53.05
2024-12-30,TECHM,1740.85,1.7059562410539428,5379514,344420.0,15.619052319842053,1692029,79.33
2024-12-30,SHREECEM,25790.35,-0.9929363891128313,61314,3972.0,15.43655589123867,46760,62.37
2024-12-30,DIVISLAB,6045.0,2.7877674904991423,1486090,98759.0,15.04764122763495,695861,77.04
2024-12-30,PFC,440.45,-2.5660878221435732,23848592,1814050.0,13.146601251343679,11244822,74.67
2024-12-30,JINDALSTEL,918.3,-0.5684586649342213,2329462,184854.0,12.60163155787811,1265957,70.95
2024-12-30,FEDERALBNK,201.05,2.195903014283547,30290457,2411681.0,12.559893700700881,7031665,62.2
2024-12-30,RECLTD,496.5,-2.157848063848653,17816363,1430082.0,12.458280713973044,4572943,71.52
2024-12-30,MPHASIS,2935.25,1.7788103122453645,419184,36332.0,11.537597710007706,366588,50.19
2024-12-30,NAUKRI,8712.75,0.8717850754562894,787720,71205.0,11.062706270627062,231841,70.73
2024-12-30,CUMMINSIND,3220.95,-2.32589874607676,1810154,166201.0,10.891354444317423,1106330,72.56
2024-12-30,BHEL,225.6,-4.163126593033139,23743067,2275431.0,10.43453613842828,5526243,68.34
2024-12-30,PNB,101.76,0.3154574132492186,43588987,4230691.0,10.303041985339984,18040303,55.61
2024-12-30,GUJGASLTD,498.1,-0.9347653142402523,682336,68182.0,10.00756797981872,504992,54.87
2024-12-30,ABB,6701.95,-2.1170164600037946,672437,70085.0,9.594592280801884,221207,74.63
2024-12-30,TVSMOTOR,2353.6,-2.7618831209072656,1847762,195261.0,9.463036653504796,951819,72.56
2024-12-30,DLF,820.7,-1.6949152542372854,3172219,338893.0,9.360532675505247,2455255,69.25
2024-12-30,BOSCHLTD,33797.8,-0.8561249528815889,54145,5796.0,9.341787439613526,15926,68.97
2024-12-30,BANKBARODA,241.0,-1.6286379035879053,14989577,1638851.0,9.146394028499236,6985958,61.55
2024-12-30,COFORGE,9817.95,3.881558760355941,902954,102906.0,8.774551532466523,228042,65.7
2024-12-30,TATAPOWER,389.75,-2.318295739348371,20806455,2404692.0,8.652440728376025,6477907,71.69
2024-12-30,SIEMENS,6433.6,-1.7170791322945256,865873,100435.0,8.62122765968039,537246,71.94
2024-12-30,INDHOTEL,889.65,3.375551940506618,10416639,1240827.0,8.394916454912732,2361786,68.03
2024-12-30,WHIRLPOOL,1786.45,-4.732828498293515,139953,16990.0,8.23737492642731,108126,62.71
2024-12-30,ZYDUSLIFE,956.95,-1.5888523241464347,3335088,419816.0,7.944166015587781,986527,76.74
2024-12-30,IOC,134.61,-1.203669724770632,19541527,2460767.0,7.941234176173526,9308946,66.86
2024-12-30,LALPATHLAB,2954.9,0.21026214942178834,687804,90226.0,7.623124154899918,180800,81.94
2024-12-30,MOTHERSON,153.86,-2.012482486307474,25186486,3414317.0,7.376727468480519,19192338,69.81
2024-12-30,HAL,4081.05,-3.59762363140303,2340178,349580.0,6.694255964300017,1119794,71.1
2024-12-30,COALINDIA,377.9,-0.683311432325893,17207552,2616527.0,6.576485547445144,4993677,77.06
2024-12-30,IRCTC,768.95,-1.321783766442086,1607982,248110.0,6.48092378380557,777091,62.94
2024-12-30,PIDILITIND,2910.55,-0.13210266264067763,965285,152357.0,6.33567870199597,276636,73.55
2024-12-30,TORNTPHARM,3369.5,-1.0454905876479372,781365,127828.0,6.112627906249022,371677,75.11
2024-12-30,SUNPHARMA,1883.9,1.216924110141039,4832702,823568.0,5.8680060420026035,1734656,80.26
2024-12-30,GNFC,553.6,-3.1405826261919225,506219,86719.0,5.837463531636666,399141,55.4
2024-12-30,HCLTECH,1928.95,1.95295983086681,4881138,856004.0,5.702237372722557,2702400,77.95
2024-12-30,SRF,2255.15,-0.41069575393582225,460133,82528.0,5.575477413726251,378833,55.8
2024-12-30,VEDL,439.65,-2.5382398581245944,11836989,2141900.0,5.526396657173538,11713822,65.14
2024-12-30,VOLTAS,1771.0,3.852694540550053,2583973,468827.0,5.511570366041205,735758,65.02
2024-12-30,GAIL,188.74,-1.9532467532467486,15916797,3086581.0,5.1567728175609195,10824484,65.71
2024-12-30,HAVELLS,1650.9,0.06060973392326808,1588524,311187.0,5.104724811769129,801532,71.7
2024-12-30,NTPC,331.4,-1.0746268656716487,25846170,5175922.0,4.993539315314257,15721869,70.51
2024-12-30,ADANIPORTS,1218.5,-0.991305760949057,5045942,1088474.0,4.635794699735593,4236314,60.7
2024-12-30,AUROPHARMA,1298.3,2.2323713532028746,1466764,320057.0,4.582821184976426,1290579,54.69
2024-12-30,ICICIPRULI,647.0,-1.39449820925093,2134611,471368.0,4.528544576636513,974973,77.61
2024-12-30,LUPIN,2311.35,3.7503366549959476,1700501,398076.0,4.271799857313678,803360,56.34
2024-12-30,ONGC,232.65,-1.794005909666526,13649974,3225985.0,4.231257739884097,8832988,70.36
2024-12-30,BHARATFORG,1302.35,-0.9506787846522418,2481709,624188.0,3.9758998891359654,1104991,66.28
2024-12-30,ICICIGI,1806.8,-1.3997653414827194,1293761,340361.0,3.8011434917631575,916726,69.31
2024-12-30,TRENT,6954.35,-2.303218465082953,583328,179159.0,3.2559235092850485,572185,60.71
2024-12-30,AMBUJACEM,544.6,-0.611369650515562,2076621,638921.0,3.2501999464722555,1659823,60.47
2024-12-30,TATAMOTORS,733.65,-2.245169886742175,10451435,3249272.0,3.216546660298061,9470360,59.92
2024-12-30,SUNTV,682.35,-0.5972758394639118,252820,79747.0,3.170275997843179,244000,54.88
2024-12-30,POLYCAB,7283.65,1.8799174738608895,196152,65899.0,2.976555031184085,157034,51.86
2024-12-30,HINDALCO,601.1,-2.6401036605118167,5258884,1800961.0,2.9200432435794,3503986,65.55
2024-12-30,LTIM,5643.5,-0.6076083127861923,606257,209033.0,2.900293255131965,425681,66.75
2024-12-30,HEROMOTOCO,4187.6,-1.1880744227751496,1304736,459534.0,2.8392589014088183,612831,71.72
2024-12-30,INDUSINDBK,963.5,1.0593664778686829,4735589,2058584.0,2.3004108649440584,3530826,57.99
2024-12-31,NAVINFLUOR,3245.8,0.8795648795648852,173212,50297.0,3.443783923494443,142465,77.89
2025-01-02,PETRONET,327.75,-5.710586881472963,4803700,290279.0,16.548561900791995,2462472,22.18
2025-01-02,BAJAJFINSV,1700.65,7.8818827708703365,2757711,187669.0,14.694547314687028,1413653,34.38
2025-01-02,ASHOKLEY,236.08,5.950991831972004,5985756,442687.0,13.52141806739299,4839543,29.35
2025-01-02,EICHERMOT,5308.1,8.654535033672449,933345,108238.0,8.623080618636708,312037,32.59
2025-01-02,MARUTI,11841.3,5.6476004389604135,738040,108226.0,6.819433407868719,377881,52.08
2025-01-02,M&MFIN,275.7,3.822255695725843,1750372,332172.0,5.269474850378719,1462246,50.22
2025-01-02,TATACHEM,1031.45,-0.6692989214175697,1197806,234828.0,5.100780145468172,485855,61.44
2025-01-03,MUTHOOTFIN,2237.25,-0.8706632992157425,1442062,351004.0,4.108391927157525,841290,86.82
2025-01-03,CROMPTON,366.75,-1.4245397124042496,2504398,806756.0,3.104281839862362,1822882,63.03
2025-01-03,MGL,1312.85,1.2923385541239103,961033,457760.0,2.0994254631247817,941361,53.84
2025-01-06,MFSL,1092.3,-1.5768606956208324,901290,160052.0,5.6312323494864165,535157,70.0
2025-01-06,LICHSGFIN,594.3,-2.485847895643628,1510785,356570.0,4.236994138598312,1488329,63.9
2025-01-06,JKCEMENT,4701.75,-0.5246956025007707,136748,34298.0,3.9870546387544463,60496,67.91
2025-01-06,TATASTEEL,132.18,-4.4666088464874285,21328941,8828901.0,2.415809283624315,21081842,47.8
2025-01-06,HINDALCO,574.1,-2.8842087456652212,7581773,3585857.0,2.1143545322638353,5268221,67.68
2025-01-06,BRITANNIA,4791.25,-0.8864111209946084,426308,212654.0,2.0047024744420514,268750,68.77
2025-01-07,SUNTV,666.05,-0.38139395752319294,364338,68047.0,5.354211060002645,252820,53.62
2025-01-07,BIOCON,382.35,6.771851438145769,2653131,631085.0,4.204078689875374,2528809,13.32
2025-01-07,PVRINOX,1222.7,-2.2387463020708402,941162,381045.0,2.4699497434686193,559444,29.71
2025-01-07,ONGC,263.49,3.589400849190122,21968356,9181809.0,2.3925956203183927,13649974,41.48
2025-01-08,UBL,2000.8,-3.5921651769581016,344928,26844.0,12.849351810460439,151117,28.79
2025-01-08,DELTACORP,113.72,3.7401933953658038,1927499,288806.0,6.674026855397741,1507035,16.7
2025-01-08,GNFC,557.3,0.514022905582092,518098,113401.0,4.568725143517253,506219,61.48
2025-01-08,TATACOMM,1704.7,1.0821548222597763,446436,105734.0,4.2222558495848075,345534,51.17
2025-01-08,DIXON,16905.85,-8.378563667057776,271295,86271.0,3.144683613265176,239059,31.68
2025-01-08,SRF,2350.95,1.8410621845827289,490226,183286.0,2.6746505461410037,460133,50.16
2025-01-08,AARTIIND,397.85,-1.8502528678919452,1240499,571250.0,2.1715518599562365,917249,46.38
2025-01-09,NAVINFLUOR,3824.55,9.487139115125318,659280,66793.0,9.870495411195783,173212,18.9
2025-01-09,MANAPPURAM,179.0,-0.5445049449938826,11505228,1841086.0,6.249152945598413,10117773,24.07
2025-01-09,SRF,2673.9,13.736999936196018,2759797,490226.0,5.629642246637265,490226,26.69
2025-01-09,COLPAL,2890.6,3.6150192669594015,951402,292005.0,3.2581702368110137,551952,50.28
2025-01-09,HDFCBANK,1667.8,-1.5640677565956445,15902698,7359145.0,2.160943696584318,10115077,78.69
2025-01-10,MPHASIS,2915.0,1.4989815282299546,864603,100661.0,8.589255024289447,419184,66.71
2025-01-10,DELTACORP,118.93,4.96910856134158,2898247,435527.0,6.654574802480673,1927499,11.2
2025-01-10,SHRIRAMFIN,532.0,-81.06660497891346,2426615,683946.0,3.5479628508683434,1576067,40.45
2025-01-10,TCS,4265.65,5.615459846243355,2978124,1162001.0,2.562927226396535,2249458,37.72
2025-01-13,BIOCON,365.2,1.1774484000554093,5108405,743434.0,6.871363160684068,2653131,21.48
2025-01-13,HINDPETRO,364.4,-6.191273008109155,6258798,1337914.0,4.678027137768197,3823662,46.57
2025-01-13,GUJGASLTD,471.05,-3.0861022528546442,846060,185499.0,4.560994937978102,682336,60.13
2025-01-13,SYNGENE,822.75,-4.309141660851356,1026092,238239.0,4.306985841948632,602990,59.1
2025-01-13,POWERGRID,287.6,-4.037370704037359,12794140,3551048.0,3.6029194761659094,11598553,65.7
2025-01-13,ABCAPITAL,169.84,1.3183797649585445,4125252,1407929.0,2.930014226569664,1574444,27.17
2025-01-13,INDIGO,4001.4,-5.377412031782067,1345420,539362.0,2.4944656835298,798221,62.74
2025-01-13,HINDCOPPER,219.35,-5.983455488405987,4469736,1829572.0,2.4430500685406202,4265922,54.97
2025-01-13,MCX,5566.6,-1.2287410062368587,262694,125725.0,2.0894332869357726,135942,47.54
2025-01-14,GRASIM,2310.6,0.9811419705875846,615697,226505.0,2.7182490452749386,517962,71.15
2025-01-14,HCLTECH,1813.55,-8.8393485473007,8771029,3758232.0,2.333817869679147,4881138,55.45
2025-01-15,ABFRL,265.6,-1.6660496112550907,3072426,786540.0,3.9062552444885195,2200440,31.12
2025-01-15,TATACONSUM,955.55,-0.7890775060997791,2387951,939797.0,2.5409221353122002,1470406,74.84
2025-01-15,BPCL,267.0,-1.1843079200592113,8094033,3483242.0,2.3237067651343204,5335631,60.19
2025-01-16,PAGEIND,45941.7,-0.20744093906666783,93379,10850.0,8.606359447004609,33583,89.29
2025-01-16,WHIRLPOOL,1678.95,-0.31468012468457496,247595,42813.0,5.783173335201925,139953,79.64
2025-01-16,LTTS,5244.4,8.092956149842832,193826,33582.0,5.771722946816747,104273,13.13
2025-01-16,AMBUJACEM,540.15,4.01502021952629,2746616,532164.0,5.161220976992055,2533342,63.83
2025-01-16,GRASIM,2350.7,1.430389851351627,870197,372847.0,2.3339251757423285,615697,62.37
2025-01-17,CONCOR,772.45,-0.46388763610590933,1472739,354506.0,4.154341534416907,998358,65.17
2025-01-17,AXISBANK,991.05,-4.523121387283242,21114886,6288444.0,3.3577282392909917,8568243,62.41
2025-01-17,INFY,1815.45,-5.859628198812518,9959925,4419678.0,2.253540868814425,6160693,60.69
2025-01-20,IDEA,9.94,9.110867178924261,723248372,115855979.0,6.2426503857863045,241815755,41.59
2025-01-20,WIPRO,300.25,6.49051250221671,14224370,3407322.0,4.174648008025071,10656680,36.12
2025-01-20,SBILIFE,1499.7,-2.6484907497565695,2513954,1022409.0,2.4588535507805585,1440188,62.32
2025-01-21,DALBHARAT,1771.2,1.0930053366056958,1022618,41976.0,24.361968744044216,353635,74.38
2025-01-21,BERGEPAINT,475.2,1.4300960512273189,1309946,103294.0,12.681724011075184,822793,54.6
2025-01-21,MCX,5504.95,-8.660339478006932,525714,82743.0,6.353576737609224,262694,25.7
2025-01-21,DIXON,15144.35,-13.753847643291788,672938,131223.0,5.128201610998072,322485,30.98
2025-01-21,RAMCOCEM,871.05,-1.4705050619308864,287662,67633.0,4.253278724882824,282044,50.21
2025-01-21,ICICIBANK,1196.15,-2.984711464374058,12518909,5250077.0,2.3845191222909685,7953292,61.01
2025-01-21,AARTIIND,453.05,0.8683068017366213,2391252,1028008.0,2.3261025206029524,1290003,27.46
2025-01-22,ICICIPRULI,598.05,-5.900401227283456,4576702,285996.0,16.00267835913789,2321540,34.7
2025-01-22,CHAMBLFERT,497.55,0.933157521046764,929474,98303.0,9.455194653265922,726501,47.16
2025-01-22,POLYCAB,6164.35,-6.0262361558924535,394816,120275.0,3.2826106838495117,250229,23.87
2025-01-22,HINDUNILVR,2342.95,0.1046784875026626,2046524,920725.0,2.2227310000271525,1909353,76.99
2025-01-23,ULTRACEMCO,11420.9,6.799766218585619,528472,123057.0,4.294530177072414,251913,34.98
2025-01-24,ABFRL,271.9,-3.820304209409272,5022321,318058.0,15.7905822208528,3072426,64.79
2025-01-24,SYNGENE,796.1,-6.009445100354189,2060337,171586.0,12.007605515601506,1026092,43.79
2025-01-24,ATUL,6547.1,-2.988679468942624,78508,7688.0,10.211758584807493,33209,32.36
2025-01-24,BALKRISIND,2652.2,-2.8106563084026632,180669,22715.0,7.953731014747964,172269,58.18
2025-01-24,DRREDDY,1224.4,-5.041104389638591,3300693,457944.0,7.207634557937215,1880152,46.6
2025-01-24,IEX,169.33,1.1227232009555235,4273782,976183.0,4.378054114853465,3200163,19.61
2025-01-24,LAURUSLABS,602.65,2.990686148850722,2184419,532854.0,4.099470023683786,1701539,28.69
2025-01-24,MPHASIS,3009.3,3.095291114955733,1348895,380783.0,3.5424244254601702,864603,28.53
2025-01-24,GRASIM,2490.75,1.2026897994839774,930222,289812.0,3.209742867790154,870197,61.6
2025-01-27,AUBANK,563.45,-5.246783822416536,4182416,445475.0,9.38866603064145,3425442,42.76
2025-01-27,MFSL,1040.5,0.019225223493227483,926553,151163.0,6.129495974544035,901290,70.25
2025-01-27,IDFCFIRSTB,56.73,-8.89674000321183,39731785,9317099.0,4.264394421482481,19720521,39.06
2025-01-27,JKCEMENT,4786.3,0.6392060388149571,172805,51544.0,3.3525725593667546,136748,33.11
2025-01-27,GODREJPROP,2095.75,-2.7494199535962878,1500661,475721.0,3.1544981196962083,693225,72.64
2025-01-28,M&MFIN,272.0,4.716073147256978,2346224,511035.0,4.591121938810454,1750372,38.86
2025-01-28,MRF,112883.7,1.4626118305949902,4587,1400.0,3.2764285714285712,3927,49.09
2025-01-28,ATUL,6232.05,-1.6219928016669822,107548,40257.0,2.6715353851504084,78508,64.14
2025-01-28,CIPLA,1420.6,1.7548886182938186,2059226,875882.0,2.351031303303413,993669,36.59
2025-01-29,BOSCHLTD,28155.7,-5.508431203760098,104210,14810.0,7.036461850101283,54145,56.85
2025-01-29,INTELLECT,821.9,-3.989252964196014,945136,146166.0,6.466182285894121,569819,63.63
2025-01-29,ACC,2001.9,0.034979012592446804,324429,92703.0,3.4996602051713537,251499,47.16
2025-01-30,VOLTAS,1269.3,-13.893222983515363,3589286,106227.0,33.78882958193303,2583973,31.33
2025-01-30,TATAMOTORS,696.85,-7.3953488372092995,22452528,2998102.0,7.488913986248633,10451435,37.8
2025-01-30,WHIRLPOOL,1260.8,-19.9974618484089,328195,85461.0,3.8402897227975332,247595,99.99
2025-01-30,BAJFINANCE,7901.65,1.8299794449491924,2697408,820923.0,3.2858233963477694,1406781,47.75
2025-01-31,JINDALSTEL,791.55,-5.7734658651270765,7222322,893630.0,8.08200485659613,1286387,31.85
2025-01-31,NESTLEIND,2313.2,4.322727580219627,1410816,263915.0,5.345721160222041,809952,44.93
2025-01-31,BANKBARODA,213.39,-4.046944556859571,18550431,4331419.0,4.282760684200721,13436959,36.46
2025-01-31,CONCOR,780.1,3.153719008264466,1713768,403490.0,4.247361768569234,1472739,35.72
2025-01-31,WHIRLPOOL,1139.8,-9.597081218274111,1274325,328195.0,3.8828288060451865,328195,41.7
2025-01-31,UPL,603.75,6.490872210953339,1686320,623601.0,2.7041650029425868,1469179,19.46
2025-01-31,BHARTIARTL,1626.3,-0.8806948042053966,5512779,2387800.0,2.308727280341737,4774075,66.09
2025-02-03,HINDPETRO,324.9,-5.7851239669421615,14510723,783405.0,18.522632610208003,6258798,55.21
2025-02-03,MOTHERSON,130.61,-8.427399565308828,23103719,4360414.0,5.29851500339188,13037906,50.61
2025-02-03,TVSMOTOR,2653.75,3.860905639700994,1876402,368895.0,5.086547662614023,1066998,61.8
2025-02-03,SBICARD,825.3,0.042426813746276625,2653810,659002.0,4.02701357507261,1518819,54.83
2025-02-03,SIEMENS,5225.9,-9.087113469316755,844472,239766.0,3.522067348998607,319146,48.77
2025-02-03,CUB,173.25,1.0793465577596233,1870007,623778.0,2.9978726405868756,1665347,36.19
2025-02-03,BATAINDIA,1415.3,2.7702138474385407,325979,112484.0,2.898003271576402,290750,32.64
2025-02-03,ABB,5197.35,-5.494135830530041,747332,269992.0,2.7679783104684583,269992,51.72
2025-02-03,CUMMINSIND,2700.7,-3.4585068544567372,647738,238016.0,2.721405283678408,598190,57.12
2025-02-03,BPCL,249.55,-2.3860747115196537,11926847,4678136.0,2.5494870179062774,8094033,55.43
2025-02-03,EICHERMOT,5485.25,1.764329378588729,529422,213358.0,2.4813787155860103,377731,39.79
2025-02-03,LT,3289.2,-4.591733139956496,4171335,1686791.0,2.472941223897922,2138494,68.63
2025-02-03,UPL,630.25,4.346026490066225,4152558,1686320.0,2.462497034963708,1686320,32.66
2025-02-03,BAJFINANCE,8425.8,5.321183485206421,2731187,1125829.0,2.425934133869353,2697408,62.98
2025-02-03,RECLTD,405.5,-5.223793385532318,8479489,3552969.0,2.3865924526783093,6882451,52.39
2025-02-03,PIIND,3619.45,3.9564006088979524,427504,195543.0,2.18624036656899,392956,36.98
2025-02-03,HAL,3528.55,-6.527238771374446,1445900,672178.0,2.1510671280523908,1127395,39.16
2025-02-03,VEDL,421.7,-4.137303932711978,7269862,3562305.0,2.040774723107651,4006370,39.77
2025-02-04,METROPOLIS,1737.9,-0.9235505387378039,354791,42632.0,8.32217583036217,123154,52.6
2025-02-04,TATACHEM,918.5,-2.963393375944214,1149017,289262.0,3.9722362425759346,1004462,20.56
2025-02-04,ASIANPAINT,2354.35,2.7091285854509723,1804067,490594.0,3.677311585547316,1316143,33.57
2025-02-04,ALKEM,5105.9,1.1379730412304732,122996,33803.0,3.6386119575185636,78443,65.83
2025-02-04,INDUSINDBK,1047.15,3.4017971758665,6323597,1905418.0,3.318745283187206,3453470,64.12
2025-02-04,BANDHANBNK,151.01,2.338031986988336,6869606,2959045.0,2.3215618552607347,5302552,59.14
2025-02-04,CHOLAFIN,1394.9,4.279893843681083,2604485,1255676.0,2.074169610632042,1729707,60.65
2025-02-05,IGL,204.82,5.512054399340608,3943152,990883.0,3.979432485974631,2499298,29.08
2025-02-05,ASTRAL,1519.8,1.0035222968033435,1093760,464177.0,2.3563425158937217,553425,77.42
2025-02-05,BHARATFORG,1156.55,-1.3098387234405782,1743262,824107.0,2.115334537869476,1187799,70.82
2025-02-06,TRENT,5277.1,-8.223549769997991,2035651,543547.0,3.745124156696661,1374330,33.81
2025-02-06,JSWSTEEL,948.4,-0.15791135909043058,1673517,630332.0,2.654977059708217,1640560,54.69
2025-02-06,ZYDUSLIFE,1008.2,3.1934493346980597,1624289,671564.0,2.418665979713028,1262057,28.12
2025-02-06,MRF,114128.9,-0.7235947921355818,5306,2565.0,2.068615984405458,4587,22.0
2025-02-06,SBIN,752.25,-1.8014489915801783,13265813,6622567.0,2.003122505215878,8959386,40.51
2025-02-07,SHREECEM,28249.1,1.5331089350185345,54487,4370.0,12.468421052631578,33487,77.14
2025-02-07,APOLLOTYRE,426.15,2.34149855907781,1965854,342136.0,5.745826221151822,1784856,33.02
2025-02-07,SUNTV,631.65,-1.12702512326838,499487,91300.0,5.4708324205914565,364338,40.74
2025-02-07,RAMCOCEM,894.8,0.5110923897781471,808086,300323.0,2.6907229882493184,551187,43.64
2025-02-07,CHAMBLFERT,555.75,6.9058382225641965,1957967,729488.0,2.6840290724453317,964789,19.42
2025-02-07,PIIND,3543.85,-2.6802509989152647,672031,251569.0,2.671358553716873,427504,53.07
2025-02-10,ALKEM,4800.85,-6.804041658982596,321964,60558.0,5.316622081310479,122996,41.2
2025-02-11,PEL,959.35,-5.066547919449798,658072,61134.0,10.764419144829391,321680,54.53
2025-02-11,APOLLOHOSP,6317.35,-6.565354039563685,860243,108542.0,7.925439000571208,370946,49.76
2025-02-11,ESCORTS,3129.7,-5.249613998970667,268294,50242.0,5.340034234305959,131705,32.45
2025-02-11,EICHERMOT,4972.35,-6.8036773594984385,1088128,313785.0,3.467750211131826,529422,47.88
2025-02-11,NATIONALUM,183.31,-4.051295472389431,8739579,2601147.0,3.359894308164821,4760957,19.13
2025-02-11,PFC,375.5,-5.308283949060651,7927320,3815299.0,2.0777716241898734,7139496,56.9
2025-02-12,GUJGASLTD,405.25,-3.7982195845697326,3109099,141436.0,21.98237365310105,846060,74.25
2025-02-12,ASHOKLEY,219.35,7.677580874772954,8890559,1160058.0,7.66389180540973,5713029,24.35
2025-02-12,COFORGE,8004.4,-1.140581097353881,713257,129481.0,5.508584271051351,508843,62.68
2025-02-12,UBL,2057.3,1.680423071220295,517941,173580.0,2.9838748703767717,312649,44.06
2025-02-12,BALRAMCHIN,440.2,-1.0007871359496208,928475,387125.0,2.3983855343881175,453154,68.2
2025-02-12,RAIN,131.6,-3.4270198869890773,1330204,584625.0,2.275311524481505,1192147,45.1
2025-02-12,M&M,2987.2,-3.1999870380271878,2406285,1140752.0,2.1093848619156486,2170953,52.2
2025-02-13,MUTHOOTFIN,2317.8,6.182284627894737,1265634,120983.0,10.461254887050247,332068,30.8
2025-02-13,IPCALAB,1490.9,5.007747570080303,637129,79015.0,8.063393026640512,506106,28.93
2025-02-13,DRREDDY,1223.6,0.6374141547065839,3375296,719920.0,4.688432048005334,3300693,75.9
2025-02-13,KOTAKBANK,1972.8,1.4840916690244044,9318555,2151378.0,4.331435479957497,6104123,73.5
2025-02-13,SBICARD,859.85,5.322146006859389,4123736,1135687.0,3.6310497522644885,2653810,51.32
2025-02-13,CROMPTON,342.25,0.6617647058823529,3137220,1136469.0,2.7604976466582016,2002372,52.69
2025-02-13,BAJAJFINSV,1849.25,3.3851400458433476,2199405,796748.0,2.760477591409078,1571037,54.04
2025-02-13,JKCEMENT,4795.95,0.9748086701125385,212039,90329.0,2.347407809230701,172805,74.48
2025-02-13,GLENMARK,1411.2,0.35913664971730996,572831,274287.0,2.08843656462027,303319,59.9
2025-02-14,DEEPAKNTR,1900.5,-15.089913995308834,849427,58377.0,14.550713465919797,118972,14.4
2025-02-14,UBL,2040.6,0.5097894347986657,641323,167305.0,3.8332566271181374,517941,31.7
2025-02-14,MANAPPURAM,178.15,-8.198495310728639,10010719,3429730.0,2.91880672822642,9963419,25.34
2025-02-17,ASHOKLEY,223.61,4.563946691606275,10010877,2172303.0,4.6084165054322535,8890559,48.14
2025-02-17,MOTHERSON,124.79,-1.1251089454084364,25515379,8024752.0,3.1795847398150126,23103719,55.42
2025-02-17,GNFC,557.1,0.960492932221832,359844,179500.0,2.004701949860724,310330,24.35
2025-02-18,BATAINDIA,1284.75,-0.8909974542929843,360973,43706.0,8.259117741271222,325979,72.2
2025-02-18,CUB,157.76,-1.9210444513521936,2962515,619209.0,4.784353909584648,1870007,77.16
2025-02-18,AUBANK,502.4,-3.7640072789962606,5863350,1817045.0,3.226860094273945,4182416,66.56
2025-02-19,AUROPHARMA,1135.2,-2.419736106932554,1105650,248642.0,4.446754771921075,630851,29.45
2025-02-19,MANAPPURAM,202.76,7.093434743569417,11996338,2753140.0,4.357329449283363,10010719,37.02
2025-02-19,CROMPTON,329.9,-0.4075471698113276,3685467,944524.0,3.901930496207614,3137220,64.5
2025-02-19,GODREJCP,1024.5,0.8812958495396628,2141318,655563.0,3.2663801953435443,1586012,77.66
2025-02-19,TCS,3784.1,-2.3004234224930267,3134639,1516041.0,2.0676479066199396,1843488,71.79
2025-02-19,COLPAL,2460.45,0.42653061224489053,420559,206807.0,2.033582035424333,407872,73.34
2025-02-20,DELTACORP,99.88,4.052505469319721,1178794,553881.0,2.1282441535275627,1004286,34.55
2025-02-21,M&MFIN,270.45,-3.5828877005347635,2996833,377460.0,7.939471732104064,2346224,56.81
2025-02-21,DRREDDY,1151.8,-1.635424228190793,5668447,1061110.0,5.3419975308874665,3375296,83.01
2025-02-21,DIVISLAB,5757.05,-3.7008848669354166,703985,178239.0,3.949668703257985,408464,70.15
2025-02-21,M&M,2669.35,-5.990596770501327,4442713,1519892.0,2.9230451900529775,2406285,49.69
2025-02-21,SAIL,112.76,2.658412235979608,9411744,3764861.0,2.4998914966581767,6952693,21.03
2025-02-24,LTIM,5047.45,-4.738133433990756,850175,86782.0,9.796674425572123,228367,70.89
2025-02-24,TATACOMM,1436.05,-0.9723132089783908,493789,155546.0,3.1745528653903023,173456,66.57
2025-02-24,INFY,1764.1,-2.8044077134986276,5577218,2368505.0,2.3547419152587814,5395441,73.44
2025-02-25,COROMANDEL,1689.6,1.1554810513081457,951624,189838.0,5.01282145829602,644166,64.67
2025-02-25,BATAINDIA,1346.05,0.7296265808575919,551092,122570.0,4.49614098066411,360973,52.66
2025-02-25,CANFINHOME,577.85,-4.519167217448781,1429695,337513.0,4.235970170037895,600151,54.5
2025-02-25,VEDL,409.25,-3.2162705451105644,8960498,2244697.0,3.991851906961162,7269862,54.25
2025-02-25,ATUL,5274.4,-3.3373041326857944,172534,47991.0,3.5951324206622073,107548,73.19
2025-02-25,ICICIGI,1687.75,-1.350206037934355,1194445,393541.0,3.035122134669577,726381,80.19
2025-02-25,CUB,148.66,0.473100838064334,7558366,2729154.0,2.769490472138985,2962515,80.38
2025-02-27,POLYCAB,4679.55,-18.836721243235747,1333617,52233.0,25.532077422319222,350816,26.4
2025-02-27,HAVELLS,1451.25,-6.243943407196853,2269954,232074.0,9.78116462852366,679113,37.6
2025-02-27,GNFC,489.4,-10.020224305938592,1721653,218842.0,7.867105034682556,359844,51.26
2025-02-27,INDIAMART,1961.15,-1.962107578484303,378221,59619.0,6.343967527130613,273431,82.52
2025-02-27,ULTRACEMCO,10447.65,-4.710807495337075,1106730,187990.0,5.887174849726049,266825,64.26
2025-02-27,ABCAPITAL,157.67,3.5123424369747864,4368553,935033.0,4.672084300767994,3870199,42.34
2025-02-27,BANDHANBNK,136.89,1.1452637801093415,11483448,3047946.0,3.76760218192842,6869606,24.5
2025-02-27,MANAPPURAM,208.26,1.6199863374646204,15914857,4789644.0,3.3227640718182814,11996338,40.08
2025-02-27,PVRINOX,916.25,-6.922998780983337,1013784,341104.0,2.972067170129931,341104,56.42
2025-02-27,COLPAL,2497.05,-0.9107142857142784,566910,198801.0,2.8516456154647107,420559,69.66
2025-02-27,SHRIRAMFIN,606.8,5.668262951676091,8488513,3247654.0,2.6137368697527505,7285284,49.64
2025-02-27,INDUSTOWER,338.25,2.005428226779245,5328014,2521612.0,2.112939659233855,5283108,61.41
2025-02-27,GRASIM,2339.95,-1.65384777035264,639576,314410.0,2.034210107820998,457607,61.16
2025-02-28,COFORGE,7362.15,-1.6938175991454183,928797,102232.0,9.085188590656546,713257,62.98
2025-02-28,INDUSINDBK,990.1,-5.407471099646511,28646394,3304382.0,8.669213789446863,6323597,51.46
2025-02-28,TORNTPHARM,2948.1,-1.302310010043525,1334618,181615.0,7.348611072873936,628158,56.14
2025-02-28,DABUR,493.3,-1.9771485345255815,3576412,671433.0,5.326535931358751,2223184,64.66
2025-02-28,DIXON,13935.85,0.8069124657306417,513787,96667.0,5.315019603380678,168723,60.31
2025-02-28,PERSISTENT,5303.9,-3.09413967934957,835279,157814.0,5.292806721837099,287552,51.95
2025-02-28,INDHOTEL,716.1,-1.1389521640091116,6023971,1196307.0,5.035472499951935,2409393,69.51
2025-02-28,VOLTAS,1320.1,0.567554184283687,5145250,1143110.0,4.501097882093587,3589286,64.06
2025-02-28,INDIGO,4477.3,0.7629292883827823,1369328,318449.0,4.299991521405311,788862,64.4
2025-02-28,ADANIENT,2096.0,-0.7082119424903394,1387347,340292.0,4.07693098868031,1073431,58.44
2025-02-28,M&M,2585.1,-5.187874786818517,4754887,1172307.0,4.056008366409141,4442713,62.98
2025-02-28,BALKRISIND,2615.65,-2.6136977120836913,294488,75728.0,3.8887597718149167,175482,61.45
2025-02-28,NAUKRI,6992.65,-5.264690939881461,556417,163528.0,3.402579374785969,330697,56.71
2025-02-28,HDFCLIFE,608.5,-1.600905562742558,3294448,1008785.0,3.2657583132183765,3193980,65.72
2025-02-28,GAIL,156.04,-2.089477316935441,15365800,4740209.0,3.2415870270699036,11393905,61.68
2025-02-28,TATACONSUM,963.7,-4.394841269841265,3235394,1003918.0,3.2227671981177743,1474247,63.66
2025-02-28,GODREJPROP,1936.3,-0.1521206652056231,1352228,437785.0,3.088794728005756,1044776,60.28
2025-02-28,CIPLA,1407.5,-2.334940845852277,2399994,804409.0,2.9835494132959726,2059226,71.85
2025-02-28,POWERGRID,250.85,-2.107317073170734,27120760,9500212.0,2.85475313603528,15950677,70.42
2025-02-28,NMDC,62.48,-4.1570793066421245,14428737,5204241.0,2.7724959316834097,10880149,49.43
2025-02-28,PFC,364.3,-3.6498280878074616,15115739,5493395.0,2.751620628045134,7927320,63.81
2025-02-28,IOC,113.49,-2.516749699364376,15302859,5978084.0,2.559826693636289,13880015,63.33
2025-02-28,OFSS,7763.9,-3.9388784063843656,119225,47661.0,2.501521159858165,77375,49.66
2025-02-28,INFY,1687.7,-4.341665249674087,8716304,3678871.0,2.36928775159553,5577218,71.55
2025-02-28,TITAN,3077.25,-4.5251465979957155,810008,343561.0,2.3576832061846367,780660,61.24
2025-02-28,COALINDIA,369.35,1.5116119279923044,6511982,2824019.0,2.305927120178724,4918958,29.74
2025-02-28,HINDALCO,634.35,0.37977688108236046,8381860,3792394.0,2.2101764742798347,5428527,64.27
2025-02-28,HCLTECH,1575.05,-3.3237171617972066,3421981,1571739.0,2.177194177913763,3411572,69.69
2025-02-28,HINDUNILVR,2190.25,-2.4365798792846087,2604572,1199332.0,2.171685571634877,1647245,70.71
2025-02-28,HINDCOPPER,202.32,-4.866694879390603,3034753,1498045.0,2.02580897102557,1672790,54.94
2025-02-28,IRCTC,670.95,-3.370058327932596,1371087,682356.0,2.0093426305330357,1063889,54.37
2025-03-03,IGL,182.53,-3.667933291112513,4531430,1052089.0,4.3070785836559455,3943152,48.99
2025-03-04,MRF,102659.4,-2.387414691892437,5939,1225.0,4.848163265306122,5306,42.79
2025-03-04,CROMPTON,327.15,-0.21351227695593883,4578435,1055125.0,4.339234687833195,3685467,81.56
2025-03-04,MARICO,587.75,-1.0771690650509094,3005076,1189310.0,2.5267390335572726,1723850,68.75
2025-03-04,BAJAJ-AUTO,7333.3,-4.945040700990305,590515,292627.0,2.0179785187286203,354170,54.73
2025-03-05,JKCEMENT,4464.1,1.3278554566914835,365392,29312.0,12.46561135371179,212039,87.2
2025-03-05,IGL,182.32,0.9579710947449968,5798495,1486140.0,3.901715181611423,4531430,54.79
2025-03-05,COROMANDEL,1703.1,5.671030588819251,1164591,298603.0,3.9001316128772987,951624,50.09
2025-03-05,EXIDEIND,356.4,3.095169221868669,1069945,292314.0,3.6602591733546803,1035276,47.18
2025-03-05,GRANULES,483.7,2.565733672603894,1663445,525135.0,3.167652127548154,1177067,36.28
2025-03-05,TATASTEEL,146.1,4.8514425147122076,28816049,9420679.0,3.058808075299031,23847755,46.4
2025-03-05,PIDILITIND,2692.95,-0.21121671947085663,552961,198149.0,2.7906323019545898,372330,75.4
2025-03-05,NMDC,65.44,5.090733900754769,17216919,6569181.0,2.620862326673599,14428737,48.93
2025-03-06,BERGEPAINT,500.6,3.4297520661157073,741913,85280.0,8.699730300187618,718957,47.37
2025-03-06,NTPC,337.9,3.586756591048433,16754260,5285628.0,3.1697766093262714,14997332,63.72
2025-03-06,MGL,1336.5,4.381443298969065,319861,101681.0,3.145730274092505,263410,39.1
2025-03-06,TITAN,3121.1,1.119372762469415,811030,362824.0,2.2353262187727383,810008,57.95
2025-03-07,SRF,2935.35,2.936947678496283,758048,214573.0,3.532820997982039,710079,53.47
2025-03-10,BSOFT,409.75,-5.685349292208537,1300258,267002.0,4.869843671582984,1258784,46.56
2025-03-10,TATACHEM,814.15,-0.14105237335949677,736684,197923.0,3.7220737357457194,404712,68.04
2025-03-11,INDUSINDBK,655.95,-27.15713492504164,31916680,6885799.0,4.635145463874272,28646394,31.58
2025-03-12,RAMCOCEM,820.1,-4.042590534136776,773712,59914.0,12.91370965049905,312910,24.21
2025-03-12,ZYDUSLIFE,888.25,-1.2891037395121434,1304531,165669.0,7.87432168963415,1268160,55.87
2025-03-12,PEL,900.85,-0.4310583033987264,583679,177595.0,3.2865733832596637,353717,52.99
2025-03-12,BAJFINANCE,8484.45,1.7265255471827057,1578547,489691.0,3.223557304504269,1109873,75.59
2025-03-13,ACC,1854.0,-0.6217838765008528,392682,156850.0,2.503551163532037,291050,68.45
2025-03-13,WHIRLPOOL,941.85,0.20213841161763682,1171423,544545.0,2.1511959525842674,572567,78.41
2025-03-17,SYNGENE,675.15,1.3434404082857898,2438370,271510.0,8.980774188795992,1979636,86.26
2025-03-17,BAJAJFINSV,1871.6,3.5491991479708904,4721820,650323.0,7.260730437028984,1445864,67.5
2025-03-17,OFSS,7481.7,2.0974344978165913,163186,55256.0,2.9532720428550747,119225,74.51
2025-03-17,LT,3173.45,-0.43453706899257566,1805739,866126.0,2.0848456229232237,1740649,64.36
2025-03-18,BALRAMCHIN,503.75,5.6079664570230605,395833,102209.0,3.8727802835366747,293822,43.05
2025-03-18,MPHASIS,2293.4,4.235978547404795,600506,269351.0,2.229455246128657,589038,56.9
2025-03-19,NTPC,341.3,1.1708907662664854,22220972,4961824.0,4.478387786426927,16754260,72.66
2025-03-19,ABFRL,251.25,3.3482785570317906,2572902,864480.0,2.976242365352582,1626319,60.21
2025-03-20,ADANIENT,2339.3,0.8906044465529549,1723208,506321.0,3.403390339330188,1387347,66.61
2025-03-20,OFSS,7578.8,-1.2514902571385784,185360,60493.0,3.0641561833600583,163186,56.78
2025-03-20,ONGC,235.59,1.2985337747774908,12641076,4536477.0,2.7865403042933976,11305423,66.69
2025-03-21,BOSCHLTD,27432.25,-0.6936035346267756,55446,5253.0,10.555111364934323,26323,72.77
2025-03-21,KOTAKBANK,2079.0,2.12954093287156,15594431,1929231.0,8.0832367922763,5359792,82.73
2025-03-21,AUROPHARMA,1200.35,2.2314014393390806,938966,122852.0,7.643066453944583,725426,61.52
2025-03-21,GRASIM,2469.4,0.050645220104126566,1039027,172935.0,6.008193830051754,741321,75.73
2025-03-21,ICICIBANK,1343.1,1.6191268820458398,49106116,8648648.0,5.677895088342131,14561465,81.17
2025-03-21,COLPAL,2401.1,-0.7112434354712099,682748,120747.0,5.654368224469345,679774,66.26
2025-03-21,BALKRISIND,2609.85,0.3691952696856037,308846,64883.0,4.760045004084275,294488,64.96
2025-03-21,IOC,131.51,1.7800479839021615,28568789,6210000.0,4.600449114331723,15302859,66.55
2025-03-21,PETRONET,301.25,1.2434884893295206,3741414,817899.0,4.574420558039562,2266329,71.77
2025-03-21,HINDPETRO,356.95,6.06150646263556,8191246,1822469.0,4.494587287904485,6321725,52.06
2025-03-21,TVSMOTOR,2413.85,2.8570819839781714,1085899,243072.0,4.467396491574513,848277,58.02
2025-03-21,GAIL,175.05,3.911907871304763,20125207,4587964.0,4.386522431300682,15365800,59.43
2025-03-21,UPL,658.85,1.855144160160779,3278521,788159.0,4.159720310241969,2982262,62.67
2025-03-21,NATIONALUM,185.52,-2.6499449021356893,20235934,5598614.0,3.614454220276661,7027586,48.29
2025-03-21,GLENMARK,1514.75,2.431025155531515,518459,158375.0,3.273616416732439,452143,61.24
2025-03-21,BPCL,279.66,2.767059861095811,16079180,5122155.0,3.1391435831207763,9234108,61.43
2025-03-21,MANAPPURAM,234.16,7.659770114942527,47579385,15254847.0,3.1189683515016573,16661776,32.51
2025-03-21,ABFRL,253.26,1.01711140361373,3437012,1144225.0,3.003790338438681,2572902,59.77
2025-03-21,GODREJPROP,2143.95,1.6644142542143778,1996284,673383.0,2.964559544865255,1352228,70.11
2025-03-21,EXIDEIND,358.65,0.8435259384226065,1840301,742462.0,2.478646718619943,1458501,52.35
2025-03-21,NTPC,351.3,2.7944403803950286,25600471,10431773.0,2.454086280443411,22220972,70.32
2025-03-21,IDEA,7.62,4.958677685950417,334994698,144862918.0,2.3124944784006076,192640065,46.6
2025-03-21,HDFCAMC,3994.55,0.6741771258631987,588615,255750.0,2.301524926686217,520508,68.85
2025-03-21,COALINDIA,405.4,2.270433905146317,9971435,4435004.0,2.248348592244787,6511982,60.2
2025-03-24,CHOLAFIN,1529.3,-0.5979850503737436,4341670,1035890.0,4.191246174786898,2595456,80.68
2025-03-24,LTTS,4578.9,-1.959146968139774,165366,40490.0,4.084119535687824,79604,53.05
2025-03-24,MGL,1390.1,0.7318840579710079,383419,143128.0,2.6788538930188364,319861,55.19
2025-03-25,SHREECEM,29544.05,0.34439834729549756,54765,8780.0,6.2374715261958995,54079,69.09
2025-03-25,LT,3469.6,-0.3518244611341672,2886969,1153502.0,2.5027862977264017,2062731,68.15
2025-03-25,RECLTD,442.75,-0.38249521880976234,9111167,3998107.0,2.2788702253341393,7075493,59.23
2025-03-26,SIEMENS,5418.25,5.84380066808618,545159,130458.0,4.178808505419369,462397,19.61
2025-03-26,ASHOKLEY,214.98,2.3519329651494942,10625839,3568287.0,2.9778543598090623,7641208,36.12
2025-03-26,BALKRISIND,2581.05,0.6100413190925427,334921,146780.0,2.281789072080665,308846,69.55
2025-03-27,BRITANNIA,4841.2,-0.17526857331381324,5361823,276645.0,19.381600968750565,406030,79.43
2025-03-27,BPCL,276.06,1.1171751950478046,86353904,4667721.0,18.50022826985589,16079180,80.31
2025-03-27,INDHOTEL,790.55,-2.183865379856482,18849026,1547310.0,12.181803258558402,6023971,74.16
2025-03-27,IRCTC,718.05,1.9305841436581601,5132985,533587.0,9.619771471194014,1371087,70.91
2025-03-27,BHEL,213.98,1.6435493064791844,23365014,3456449.0,6.759831838976939,6952855,62.67
2025-03-27,FEDERALBNK,197.58,2.740367115594618,14687565,2264354.0,6.486426150681386,7170234,58.72
2025-03-27,TATACHEM,847.8,-0.36432013162534055,2182864,342985.0,6.364313308162164,736684,76.87
2025-03-27,BHARATFORG,1159.15,-2.007777495984445,2336984,448818.0,5.206974764826723,1562255,43.58
2025-03-27,BANKBARODA,230.98,4.828900789688657,20258714,3974707.0,5.096907520478868,8114749,52.57
2025-03-27,MUTHOOTFIN,2337.9,1.0524950833135185,785341,157964.0,4.971645438201109,679276,65.67
2025-03-27,IDFCFIRSTB,56.94,-0.10526315789474083,64834247,13646894.0,4.750842719229738,25790546,49.9
2025-03-27,PNB,96.41,3.822959293560195,32519852,9388167.0,3.4639192080839636,19745105,52.44
2025-03-27,HINDUNILVR,2244.65,-0.05788196531533326,2986488,865143.0,3.4520166030355677,2604572,79.58
2025-03-27,CANBK,89.65,2.7624942686841023,32113661,9771936.0,3.286315117086317,20461678,54.99
2025-03-27,TATAMOTORS,668.55,-5.605365337098489,14056504,4561213.0,3.08174689495974,10552949,41.05
2025-03-27,HDFCLIFE,681.9,2.0197486535008977,3889492,1329303.0,2.925963456036735,3294448,65.36
2025-03-27,LUPIN,2018.8,-1.9428793471925503,987727,383838.0,2.5732913364492314,696209,63.86
2025-03-27,SBIN,772.3,1.0863874345549678,10429907,4188367.0,2.490208475045286,9346941,66.65
2025-03-27,IDEA,6.92,-1.7045454545454561,509524304,223528634.0,2.2794587650009976,334994698,53.3
2025-03-27,GLENMARK,1519.85,3.971131481734844,1239156,553518.0,2.2386914246691165,632158,64.57
2025-03-27,HDFCAMC,4073.3,0.04789566114434457,671789,300560.0,2.23512443438914,588615,69.8
2025-03-28,BATAINDIA,1219.9,1.4849631878873706,316247,87320.0,3.621701786532295,87320,78.08
2025-03-28,EXIDEIND,360.45,0.11109568115538876,2056852,846764.0,2.4290735080848975,1994744,59.19
2025-04-01,HAL,4223.7,1.1071347353050307,2026744,926878.0,2.186635134289518,1501265,30.56
2025-04-01,SUNPHARMA,1698.35,-2.095463192482858,2764836,1277401.0,2.16442291809698,2135932,66.74
2025-04-02,BSOFT,391.95,0.9399948493432854,1860357,585870.0,3.1753750832095857,1729080,61.36
2025-04-02,LALPATHLAB,2497.15,4.073935150454281,805909,290880.0,2.7705892464246427,319908,81.51
2025-04-02,SBILIFE,1559.85,0.9448309335058993,1436916,588431.0,2.441944764976692,1394377,76.56
2025-04-03,APOLLOTYRE,423.25,-1.1675423234092235,1339861,142541.0,9.399828821181273,1233935,71.42
2025-04-03,IPCALAB,1497.6,5.766446555316209,355456,38765.0,9.169508577324907,205119,64.9
2025-04-03,NAVINFLUOR,4193.4,-1.2562547830694146,242379,40990.0,5.913125152476214,179252,46.0
2025-04-03,DEEPAKNTR,2004.6,-1.394525197373282,228505,45344.0,5.039365737473536,172396,60.6
2025-04-03,LAURUSLABS,620.65,1.9046055332074583,1244073,348011.0,3.5748094169437175,1106385,33.23
2025-04-03,PERSISTENT,4793.35,-9.857075693464967,886655,257426.0,3.4443102095359444,444833,34.34
2025-04-03,DABUR,465.4,-6.122037317196172,5050333,1510238.0,3.3440643130420504,2854801,40.87
2025-04-03,AUROPHARMA,1176.35,1.5977890054843031,1978469,599127.0,3.3022531116107268,938966,26.37
2025-04-03,RAMCOCEM,941.4,2.7000490918016693,874008,308400.0,2.834007782101167,773712,44.09
2025-04-03,ICICIPRULI,562.85,-0.08875477056891808,2148677,770284.0,2.789460770313287,2143016,76.65
2025-04-03,IDFCFIRSTB,60.35,5.525441510753635,98635458,36355637.0,2.713071923344377,64834247,57.27
2025-04-04,BERGEPAINT,512.05,0.14668492079013165,883044,112647.0,7.8390369916642255,741913,55.57
2025-04-04,INDUSTOWER,360.5,0.6983240223463687,8364130,2034694.0,4.110755720516205,6335323,51.81
2025-04-04,ONGC,226.01,-7.110270847889528,19047896,5211515.0,3.6549632880266105,16167915,49.69
2025-04-04,SAIL,112.6,-5.0109667622743475,17095645,4980778.0,3.4323242272592758,16432590,50.3
2025-04-04,SIEMENS,4928.15,-6.104543159539311,681112,233854.0,2.912552276206522,545159,62.06
2025-04-04,COFORGE,6607.9,-7.677368876966496,1283735,486068.0,2.6410605100520916,706809,54.84
2025-04-04,VEDL,401.45,-8.6575654152446,15654913,6101456.0,2.5657667612451847,7224814,48.49
2025-04-04,MOTHERSON,118.93,-7.763300760043425,23172541,9384512.0,2.469232390560106,15362810,55.78
2025-04-04,JSWSTEEL,1005.75,-3.6684066855035633,2543722,1091693.0,2.3300708166123627,1939733,66.61
2025-04-04,IEX,178.52,-1.9390277396319697,3186385,1433903.0,2.2221761165155525,2652658,44.94
2025-04-04,HINDCOPPER,204.25,-9.125289197366076,5225514,2607196.0,2.0042658856487967,5103421,32.04
2025-04-07,TRENT,4740.95,-14.774800686698375,2527986,285364.0,8.85881190339356,752002,33.07
2025-04-07,JKCEMENT,4799.2,-3.138434213978647,123951,18434.0,6.72404253010741,117588,51.88
2025-04-07,PAGEIND,41304.45,-2.3761634420394464,21685,5256.0,4.12576103500761,17695,51.85
2025-04-07,SHRIRAMFIN,614.0,-6.058751529987763,8677489,2584638.0,3.357332438817351,4769822,57.13
2025-04-07,LICHSGFIN,543.75,-3.221500400462761,1510521,511401.0,2.9536919169106044,812294,51.54
2025-04-07,TORNTPHARM,3233.55,-1.6111364673664939,930987,329497.0,2.825479442908433,341019,70.02
2025-04-07,CANFINHOME,647.35,-2.522210510465291,328651,129647.0,2.534968028569886,320004,50.36
2025-04-07,METROPOLIS,1488.6,-3.9984522120469497,99329,39522.0,2.513258438338141,93668,52.14
2025-04-07,INDIAMART,1925.65,-6.962193501630627,178650,72974.0,2.448132211472579,101496,67.18
2025-04-07,SRF,2715.2,-4.891675569644644,778538,338680.0,2.2987421755049016,758048,56.91
2025-04-07,INFY,1396.75,-3.781903351358805,13350769,6170307.0,2.1637122755804534,9549899,61.48
2025-04-07,JINDALSTEL,791.05,-6.946241618633111,2625778,1258966.0,2.085662361016898,1798122,49.54
2025-04-07,MCX,4989.6,-0.7400334208641645,225777,110565.0,2.0420295753629087,213841,32.49
2025-04-08,COROMANDEL,2063.45,4.812820643063939,574537,153329.0,3.7470863307006503,487568,49.75
2025-04-08,SBILIFE,1488.0,1.8619934282584916,1542587,438959.0,3.514193808533371,1436916,72.0
2025-04-09,DRREDDY,1094.05,-1.2545692495148781,3890569,812494.0,4.788427976083516,3111148,70.59
2025-04-09,LT,3054.15,-3.383315934326653,3393437,1155284.0,2.9373184429110073,2886969,76.23
2025-04-09,AMBUJACEM,547.8,2.0491803278688527,2852609,975652.0,2.9237976245628565,2594968,66.93
2025-04-11,APOLLOTYRE,427.75,4.892103972535554,1802830,226425.0,7.962150822568179,1339861,61.96
2025-04-11,AARTIIND,382.95,7.044025157232701,1143775,155325.0,7.363753420247868,1006716,39.1
2025-04-11,ATUL,5727.35,10.213408767270908,118983,19222.0,6.189938612007075,110399,12.2
2025-04-11,GRANULES,451.3,4.685687775458128,1577621,263443.0,5.988471889554856,793529,50.41
2025-04-11,DEEPAKNTR,1932.85,6.943868094171024,269516,62878.0,4.286332262476542,228505,34.25
2025-04-11,SRF,2947.35,7.395059029296014,824393,203933.0,4.042469830777756,778538,51.05
2025-04-11,MRF,117544.4,3.9173996338184733,7360,1913.0,3.847360167276529,4377,41.14
2025-04-11,ADANIPORTS,1164.55,2.893620781056724,1779798,651695.0,2.7310290856919264,1763184,50.33
2025-04-15,CROMPTON,335.6,0.4489673750374139,2694552,528023.0,5.103095887868521,2453879,76.84
2025-04-15,INTELLECT,751.8,13.805631244323333,429908,122053.0,3.522305883509623,233547,9.93
2025-04-15,CUB,169.14,1.2996346649098565,4308857,1476678.0,2.9179394559951457,3650628,70.95
2025-04-15,BIOCON,328.85,3.8856420786605623,1599476,651014.0,2.456899544403039,1444109,49.86
2025-04-16,MGL,1252.4,-4.803891760413486,831844,108367.0,7.676174481161239,383419,30.53
2025-04-16,ZYDUSLIFE,822.1,-6.912755477551939,4697293,919034.0,5.111119936803209,2016465,45.82
2025-04-16,BANDHANBNK,158.41,2.8169014084507067,7234208,1667372.0,4.338688666956144,5910270,53.32
2025-04-16,METROPOLIS,1666.7,1.3191489361702156,103306,34703.0,2.9768607901334176,99329,79.81
2025-04-16,ICICIGI,1811.8,-0.5925600790080081,1183387,469603.0,2.519973254003914,651616,52.36
2025-04-17,INDIACEM,288.4,2.088495575221231,670446,88056.0,7.613859362224039,364195,12.09
2025-04-17,MFSL,1218.0,0.6861205257501822,2278330,313714.0,7.26244286196982,1256981,79.43
2025-04-17,GNFC,507.1,2.3204196933010492,650941,143279.0,4.543171015989782,570632,37.74
2025-04-17,ADANIPORTS,1259.4,2.1494038445940467,1809658,775211.0,2.334407019508237,1779798,42.27
2025-04-17,WIPRO,236.9,-4.340803553401979,17260178,7995046.0,2.1588591235122347,10669039,31.45
2025-04-21,GLENMARK,1368.8,1.9666269368295488,1685403,264472.0,6.372708642124686,1239156,77.9
2025-04-21,BANDHANBNK,167.94,5.762327602493864,10808964,2748255.0,3.9330280487072704,7234208,55.28
2025-04-21,OFSS,8132.5,2.2955974842767293,192598,86256.0,2.2328649601187163,158979,46.95
2025-04-21,HDFCLIFE,712.2,-1.0902020693007304,3996081,1806651.0,2.2118721324705213,3889492,64.79
2025-04-22,RBLBANK,189.52,-1.3070874342550596,36277527,2988975.0,12.137112889870274,7498499,38.43
2025-04-22,BALRAMCHIN,591.6,4.5137355357300715,655696,146751.0,4.468085396351643,323345,49.95
2025-04-22,WHIRLPOOL,1109.1,1.4127005897681906,465650,116505.0,3.9968241706364536,338191,67.73
2025-04-22,TVSMOTOR,2738.5,0.10600965053370708,774724,226801.0,3.415875591377463,684504,68.62
2025-04-22,UBL,2230.8,0.577096483318313,299971,114697.0,2.6153343156316207,176855,74.4
2025-04-22,NAVINFLUOR,4275.0,1.4499632169724097,274823,120999.0,2.2712832337457334,242379,79.25
2025-04-22,SBIN,822.4,0.6979306967062485,15434003,7176294.0,2.1506926834379976,14120137,61.45
2025-04-23,HAVELLS,1612.0,-3.165735567970208,2020624,395040.0,5.114985824220332,958069,41.13
2025-04-23,HCLTECH,1594.0,7.7099804040813495,4277627,1101800.0,3.8823988019604285,3908703,32.18
2025-04-23,TATACOMM,1584.4,-0.8944767623694222,564043,170102.0,3.3159104537277635,365853,31.56
2025-04-23,DALBHARAT,1889.4,-0.740740740740736,346037,160371.0,2.157728018157896,259866,62.68
2025-04-23,TECHM,1439.6,4.584090083545217,2990094,1404860.0,2.128392864769443,2696566,50.3
2025-04-24,SYNGENE,653.4,-12.7811519722352,7647746,267754.0,28.562583565511627,2328528,37.76
2025-04-24,JKCEMENT,5262.0,3.550062972292184,220916,20735.0,10.654256088738848,132122,63.88
2025-04-24,AARTIIND,442.35,2.194755689037773,2414047,415914.0,5.804197502368278,1689289,47.89
2025-04-24,WHIRLPOOL,1187.05,9.033709929273437,1059385,220774.0,4.7985043528676385,465650,33.29
2025-04-24,DALBHARAT,1974.1,4.482904625807125,1140309,346037.0,3.295338359770776,346037,45.38
2025-04-24,HINDUNILVR,2325.3,-4.0638666556646585,3294172,1438387.0,2.290184769467466,2986488,46.62
2025-04-24,LAURUSLABS,645.5,-0.7991393883510136,2305474,1016333.0,2.2684238335270033,1630901,31.78
2025-04-24,CANFINHOME,708.65,-4.866425023493086,580630,260757.0,2.226709158335155,524194,46.99
2025-04-24,HEROMOTOCO,3954.5,0.35528486232711587,763589,350865.0,2.176304276573611,735624,62.18
2025-04-25,IDEA,7.47,-5.800756620428752,1223174563,109689447.0,11.15125106793546,509524304,65.28
2025-04-25,IEX,190.5,-0.17815971494445787,11961626,1625211.0,7.36004494185678,3186385,18.85
2025-04-25,SBILIFE,1695.1,5.403556771545819,2231982,403155.0,5.536287532090635,1542587,21.62
2025-04-25,NAVINFLUOR,4448.7,2.5022464920163,373034,86584.0,4.308347962672087,274823,31.64
2025-04-25,INDIACEM,287.8,-1.1166466242913589,869125,213169.0,4.0771641279923445,670446,72.08
2025-04-25,SBICARD,867.55,-6.367708164696994,2963210,748129.0,3.9608276112809424,1421951,50.07
2025-04-25,TECHM,1462.0,1.1624688624411814,3300949,1118019.0,2.9524981239138155,2990094,40.2
2025-04-25,MPHASIS,2538.6,2.8564482800534825,893793,349813.0,2.555059417460186,630769,27.83
2025-04-25,MARUTI,11698.0,-1.6478896922818227,421477,169785.0,2.482415996701711,408639,46.51
2025-04-25,NMDC,64.95,-4.5133784181123096,31061936,12670785.0,2.451461057858688,17777157,57.86
2025-04-25,ESCORTS,3333.7,-1.6114275595431444,108451,44451.0,2.43978763132438,86012,44.9
2025-04-28,BAJAJFINSV,2049.7,0.20532877047175843,5436973,1042815.0,5.21374644591802,1593553,86.15
2025-04-28,M&MFIN,261.6,-1.1337868480725624,5027622,1292369.0,3.8902372310075526,3162775,79.16
2025-04-28,SHRIRAMFIN,622.0,-5.067155067155073,13979613,4804118.0,2.9099229036422503,8677489,43.39
2025-04-28,RELIANCE,1368.8,5.259920024607802,17939278,6943157.0,2.5837350358057583,14572975,57.67
2025-04-28,CROMPTON,332.85,-0.5972823652381662,2888446,1220364.0,2.3668725068913865,2694552,69.24
2025-04-29,INDIACEM,315.15,8.522727272727273,2133540,258278.0,8.26063389061399,869125,35.9
2025-04-29,TVSMOTOR,2702.6,-3.2401274569474783,1281136,276238.0,4.637797840992188,774724,43.45
2025-04-29,WHIRLPOOL,1291.5,7.638454806850864,1299350,336197.0,3.8648470985761323,1059385,28.11
2025-04-29,AMBUJACEM,533.95,-2.0185338104413244,3326945,1258143.0,2.6443297780935873,2853012,44.29
2025-04-30,TORNTPHARM,3322.0,-0.02106720438197304,994955,91019.0,10.931289071512541,930987,86.6
2025-04-30,APOLLOTYRE,471.9,3.49819059107358,2244003,324564.0,6.913899877990166,1802830,49.66
2025-04-30,IGL,192.59,4.080198875918726,8072267,1474822.0,5.473383906668059,3054124,36.17
2025-04-30,CONCOR,673.7,-1.943090022560208,1032212,235876.0,4.376078956739982,795236,61.49
2025-04-30,HDFCLIFE,743.7,4.006712817285518,5283400,1471865.0,3.589595513175461,3996081,60.5
2025-04-30,SBIN,788.65,-2.941357454925848,17570656,5082312.0,3.457217109063749,15434003,68.54
2025-04-30,BAJFINANCE,8634.5,-5.0423402617398,1812165,558932.0,3.242192252367014,913091,45.66
2025-04-30,LAURUSLABS,603.85,-2.2026074985828847,2677893,968949.0,2.7637089258567786,2305474,66.62
2025-04-30,MARUTI,12257.0,3.5132167891225405,557699,233971.0,2.383624466280009,421477,57.66
2025-04-30,GUJGASLTD,453.5,-3.1913758138541977,444327,191859.0,2.3159038669022562,391303,68.01
2025-04-30,PIDILITIND,3033.9,0.9617304492512511,326070,141968.0,2.296785191028964,313071,67.03
2025-05-02,ADANIPORTS,1267.1,4.159473900534312,3073393,778843.0,3.9461008187786244,1902931,25.56
2025-05-02,INDUSTOWER,379.3,-7.079862812346883,10345211,3577147.0,2.8920284796794764,8364130,52.41
2025-05-02,JSWSTEEL,973.2,-5.496212856865402,3015274,1077832.0,2.7975361651908646,2543722,38.09
2025-05-05,GUJGASLTD,469.45,3.768788682581789,577394,70477.0,8.19265859784043,444327,72.31
2025-05-05,MARICO,722.65,3.568613400214973,4430079,564247.0,7.85131157099639,3593861,51.96
2025-05-05,HINDPETRO,409.85,6.440721984157904,12344697,2246491.0,5.495101916722569,4790233,43.97
2025-05-05,PETRONET,314.9,0.8002560819462228,3542979,1246912.0,2.8414026009854747,2400697,78.89
2025-05-05,ADANIENT,2455.5,7.030773254293445,935962,344888.0,2.7138143397276795,596876,22.14
2025-05-05,ACC,1882.3,0.9763424708974865,939250,348597.0,2.694372011233602,465228,65.55
2025-05-05,AMBUJACEM,541.4,1.82433703216098,4651645,1872972.0,2.4835635556751514,3530806,57.41
2025-05-06,BANKBARODA,223.91,-10.1232288363505,19400384,2785015.0,6.965989052123597,6909915,36.2
2025-05-06,CUMMINSIND,2790.3,-5.098292633154196,799213,249482.0,3.203489630514426,405255,36.99
2025-05-06,INDHOTEL,753.25,-6.055125966575201,5303148,2031542.0,2.6104052980445394,3809462,38.1
2025-05-06,POLYCAB,5906.0,1.9154443485763588,523352,223897.0,2.3374676748683547,361674,19.78
2025-05-07,MRF,140420.0,4.022520186680495,7417,1838.0,4.0353645266594125,7360,27.42
2025-05-07,ASIANPAINT,2334.1,-3.4698097601323448,988026,379436.0,2.6039332061269884,976688,57.72
2025-05-07,PNB,94.25,-0.2328781623795902,29602763,12348778.0,2.3972220571136673,15240252,33.05
2025-05-07,PEL,1034.6,7.457415870378059,518331,221175.0,2.3435334011529334,227621,11.81
2025-05-08,ALKEM,4939.5,-1.8577389231074906,108672,16047.0,6.772106935875865,57162,70.45
2025-05-08,DABUR,468.7,-2.7795063264882875,3333992,942081.0,3.538965333129529,2513805,42.51
2025-05-08,CANBK,95.37,1.8148820326678794,24140747,9067453.0,2.662351489442515,22241963,30.76
2025-05-08,VOLTAS,1223.1,-1.6800643086816793,2346841,932248.0,2.517399876427732,2177755,31.54
2025-05-08,INTELLECT,842.8,3.531724095571525,556960,222256.0,2.505939097257217,429908,19.56
2025-05-09,M&MFIN,244.25,-4.15930939768491,5110346,658284.0,7.763132629685668,5027622,62.24
2025-05-09,DLF,631.7,-3.5646133882909568,5311915,1503282.0,3.533545269616745,2934377,54.26
2025-05-09,INDHOTEL,718.75,-4.166666666666666,6264617,1867375.0,3.354771805341723,5303148,46.01
2025-05-09,NAUKRI,1375.0,1.4385835485060863,307338,98116.0,3.1323943087773656,221192,46.49
2025-05-09,MCX,5670.5,-5.5624947955699895,512793,229942.0,2.2300971549347226,263568,34.27
2025-05-12,RAMCOCEM,952.3,1.3678215977433508,3400094,48963.0,69.44210934787493,600172,72.17
2025-05-12,BSOFT,420.45,9.364026531408506,2000957,249693.0,8.01366878526831,1565356,34.8
2025-05-12,SUNPHARMA,1686.2,-3.3585511233379135,4686689,674040.0,6.953131861610587,2348194,50.83
2025-05-12,LICHSGFIN,601.5,4.654197477163984,1309865,278194.0,4.708458845266253,1195118,59.92
2025-05-12,SAIL,118.24,8.467113108889084,9483438,2463146.0,3.850132310467995,6846400,37.31
2025-05-12,MANAPPURAM,230.73,0.9229288776135005,5978327,1738610.0,3.438567016179592,5209576,50.4
2025-05-12,AUROPHARMA,1205.9,3.564067330814153,796656,244941.0,3.2524403836025817,666865,33.79
2025-05-12,SRF,3014.5,0.33951336417800543,644543,216182.0,2.9814831947155636,513559,56.92
2025-05-12,HINDCOPPER,225.06,9.614260666277035,3012924,1097396.0,2.745521215677841,2150016,33.97
2025-05-12,VEDL,436.05,6.901201274822269,7851523,3071134.0,2.5565550054149377,7409636,46.68
2025-05-12,CANBK,100.86,3.297828758705448,26533712,12181147.0,2.178260552967631,24140747,53.72
2025-05-12,HAL,4439.7,-1.3663023193814983,1719479,803454.0,2.1401088301259312,1505934,42.74
2025-05-13,SIEMENS,2916.7,0.7182568458855529,415980,152682.0,2.7244861869768537,344128,53.04
2025-05-13,JINDALSTEL,909.7,0.547112462006084,1543368,653474.0,2.3617894514548397,1231010,62.52
2025-05-14,METROPOLIS,1614.5,-5.118711800658199,382574,59786.0,6.399056635332687,118308,72.24
2025-05-14,GUJGASLTD,476.3,2.6840573461248223,840942,145705.0,5.771538382347894,577394,73.98
2025-05-14,LALPATHLAB,2806.4,0.9569033743434745,426806,77445.0,5.511085286332236,254081,83.83
2025-05-14,ABCAPITAL,218.33,6.559617355654266,7078778,1741609.0,4.064504719486406,3396970,27.86
2025-05-14,RECLTD,389.5,-3.0491599253266957,21028230,6769508.0,3.1063158504281256,6769508,54.46
2025-05-14,CONCOR,687.35,-0.29736002320858057,1974784,673679.0,2.9313426721034794,1032212,73.39
2025-05-14,SAIL,122.68,5.758620689655179,11997421,4437937.0,2.703377943400278,9483438,32.28
2025-05-14,JINDALSTEL,943.2,3.6825327030889303,3988005,1543368.0,2.58396247686877,1543368,57.14
2025-05-14,PFC,405.5,-1.6612101370195278,6735768,2985962.0,2.25581169485747,4556245,55.84
2025-05-14,SHREECEM,30620.0,1.575717366064024,54341,24223.0,2.2433637452008424,35150,55.38
2025-05-15,MUTHOOTFIN,2104.1,-6.894110358865444,1928801,172868.0,11.157652081356874,1045775,37.04
2025-05-15,EICHERMOT,5466.0,0.35802809143486647,767861,112232.0,6.841729631477653,455025,39.78
2025-05-15,JUBLFOOD,683.75,-1.4485442490631242,2936523,673143.0,4.3624059078085935,1436338,38.13
2025-05-15,ESCORTS,3543.4,0.513431481008706,191905,50741.0,3.782050018722532,112661,70.18
2025-05-15,HEROMOTOCO,4325.0,6.3385129819040165,896662,346281.0,2.5894057138566655,763589,34.11
2025-05-16,BHARTIARTL,1814.0,-2.8491859468723244,75555296,4735919.0,15.953671504939168,6889377,75.06
2025-05-16,INDUSINDBK,780.2,-0.03843689942344068,11004453,2226100.0,4.943377655990297,8893773,40.5
2025-05-16,ABBOTINDIA,30560.0,0.7583250906693043,14234,3580.0,3.975977653631285,8280,44.4
2025-05-16,CONCOR,730.5,5.831220572256428,6042961,1832214.0,3.298174230739422,1974784,55.41
2025-05-16,PIIND,3769.7,2.1239129845853664,347390,107917.0,3.219047972052596,226461,57.66
2025-05-16,CROMPTON,351.25,7.284667073915707,6831962,2737941.0,2.4952919000080716,2911313,31.87
2025-05-16,ABFRL,278.1,0.2523431867339746,2321781,1053813.0,2.2032191669679535,1713274,48.31
2025-05-16,BHEL,250.35,1.9008466297622872,12608692,6159394.0,2.0470669679517175,8646933,25.1
2025-05-19,ASTRAL,1419.1,4.368610722953583,961143,238033.0,4.037856095583385,658860,43.66
2025-05-19,DIVISLAB,6580.0,4.785412851341667,897706,257965.0,3.4799527067625453,861863,33.1
2025-05-19,GODREJPROP,2231.1,2.527457377877855,856631,265468.0,3.2268710353036902,744851,48.53
2025-05-19,BALKRISIND,2690.6,-0.7048750784219622,271332,87787.0,3.0907993210839875,261720,56.84
2025-05-19,ABFRL,286.05,2.8586839266450874,4844148,2321781.0,2.0863931611120945,2321781,41.88
2025-05-20,GUJGASLTD,458.7,-1.808840843412178,1706183,128397.0,13.288340070250863,840942,46.26
2025-05-20,ABBOTINDIA,30845.0,0.5214274075281082,20971,3393.0,6.1806660772178015,14234,79.83
2025-05-20,ICICIGI,1875.2,-0.5040590014325887,1093177,290901.0,3.75790045410638,759088,69.2
2025-05-20,PVRINOX,970.3,-2.0591500958918028,389689,128391.0,3.0351738050174855,361998,56.87
2025-05-20,SUNTV,631.7,-0.6917151391290641,198222,79027.0,2.5082819795766005,157815,49.59
2025-05-20,LUPIN,1966.9,-3.089278675601095,1023006,411273.0,2.487413469884967,1004654,65.21
2025-05-20,TATASTEEL,158.69,0.7107952021323886,24753673,10130837.0,2.443398605663086,24548816,42.63
2025-05-20,COALINDIA,408.1,1.340948596970458,7571254,3296151.0,2.29699852949698,5556525,40.37
2025-05-20,ASHOKLEY,241.92,0.3442697747728998,7711054,3408497.0,2.262303296731668,5118638,45.3
2025-05-20,ABFRL,277.45,-3.006467400804063,10651528,4844148.0,2.1988444613996103,4844148,66.83
2025-05-20,PIIND,3730.2,-0.7661612130885923,383194,174851.0,2.1915459448330292,347390,43.03
2025-05-20,CIPLA,1454.4,-2.493966210780358,2607101,1269812.0,2.0531393623623027,2093311,72.96
2025-05-21,DIXON,15612.0,-5.758783049619702,619589,129992.0,4.766362545387408,258491,31.17
2025-05-21,BALKRISIND,2665.6,0.7902597648126477,305927,79159.0,3.8647153197993913,271332,60.83
2025-05-22,COLPAL,2487.1,-6.475388260068449,929693,179234.0,5.187034825981677,426452,38.86
2025-05-22,NATIONALUM,184.95,1.760660247592841,12886693,2839713.0,4.53802655409191,8654668,25.81
2025-05-22,BATAINDIA,1261.0,0.19068806610520347,378435,86757.0,4.362011134548221,127986,86.35
2025-05-22,ASTRAL,1442.4,4.6962328518545435,1034186,403709.0,2.5617115298395627,961143,26.07
2025-05-22,MFSL,1414.0,1.2386339228180678,2485158,1114411.0,2.2300192657825524,1608313,83.83
2025-05-22,BAJAJ-AUTO,8733.5,0.5294964028776978,609841,286588.0,2.127936270883638,394100,66.53
2025-05-22,POWERGRID,290.9,-1.7727502954583827,14010210,6615488.0,2.117789345245581,13579253,53.56
2025-05-23,HINDCOPPER,238.13,5.153227943124608,7749050,1464575.0,5.290988853421641,3983078,43.7
2025-05-23,SUNPHARMA,1683.6,-2.042241228835756,5445069,1486439.0,3.6631634396029704,4686689,65.29
2025-05-26,BALKRISIND,2492.0,-6.322832869709039,2058825,176967.0,11.63394870230043,305927,40.74
2025-05-26,GNFC,546.4,6.427736657576938,2169031,396969.0,5.463980814622804,396969,22.59
2025-05-26,ESCORTS,3503.3,-0.207941662393885,228689,53780.0,4.252305689847527,191905,58.95
2025-05-26,GLENMARK,1390.1,-2.1194198000281745,798671,239639.0,3.332808933437379,768512,37.58
2025-05-26,MRF,146625.0,2.0567968260597205,7466,2559.0,2.9175459163735833,7417,48.79
2025-05-26,SAIL,127.79,1.4850698856416809,12067195,4246834.0,2.8414567181104795,11997421,38.91
2025-05-26,ICICIPRULI,650.0,1.214574898785418,880803,436682.0,2.017035279677202,622898,50.52
2025-05-27,INDIGO,5313.5,-1.9649446494464946,22549897,275862.0,81.74339706084926,1211829,78.43
2025-05-27,ASIANPAINT,2327.6,0.017188037126164103,1759035,867360.0,2.028033342556724,988026,70.77
2025-05-28,ITC,420.2,-3.1574095413689767,324148854,15317656.0,21.161779191280964,15317656,75.06
2025-05-28,IRCTC,776.35,-2.1181365441593587,1376677,315737.0,4.360201686846964,865056,53.2
2025-05-28,BOSCHLTD,31630.0,-2.631983992611975,26567,10045.0,2.644798407167745,16883,33.36
2025-05-28,NAUKRI,1433.0,-1.342512908777969,1074031,459651.0,2.336622785548166,570404,49.64
2025-05-29,TATACONSUM,1109.8,-1.0344212591403723,1654246,203942.0,8.111355189220465,1426069,64.72
2025-05-29,CUMMINSIND,3169.4,6.495077450354497,1315068,327309.0,4.017818025168877,799213,32.23
2025-05-29,DEEPAKNTR,2100.4,5.014749262536883,485433,158667.0,3.059445253266275,176015,19.73
2025-05-29,ICICIPRULI,668.45,1.5881458966565418,1033229,364159.0,2.8373018379334303,880803,51.64
2025-05-29,INTELLECT,1147.9,4.539866126314843,949386,460336.0,2.062376177400855,579986,49.29
2025-05-30,COROMANDEL,2289.4,-0.8445580146390056,10803272,392044.0,27.556274295742316,1011971,63.12
2025-05-30,SRF,2861.0,-1.082183729212052,1127543,136761.0,8.244623832817835,650147,78.62
2025-05-30,SBICARD,921.05,0.7437790538692868,1306223,158778.0,8.226725364974996,1170017,55.6
2025-05-30,ALKEM,5098.5,-3.701954858815752,395493,56678.0,6.977892656762765,116853,54.56
2025-05-30,PIDILITIND,3107.2,2.5613942434644805,1144982,169244.0,6.765273805866086,662978,69.22
2025-05-30,INDUSTOWER,384.15,-1.8146964856230088,15246139,2307747.0,6.60650365919661,10345211,64.87
2025-05-30,MANAPPURAM,238.66,2.9550062551227274,8898486,1394029.0,6.383286143975484,5978327,43.61
2025-05-30,CIPLA,1465.7,-0.7583451824768126,4208913,737127.0,5.7098885266717945,2607101,59.78
2025-05-30,IOC,141.97,-1.2038970076548294,20910600,3710356.0,5.635739535505488,19753150,73.85
2025-05-30,ASTRAL,1498.1,-0.24637102144094056,1510227,282398.0,5.347867194526874,1200493,63.01
2025-05-30,DABUR,482.95,0.17631196847126443,5061563,957162.0,5.288094387365984,3333992,80.28
2025-05-30,BAJAJ-AUTO,8607.0,-3.014254324187278,804411,166123.0,4.8422614568723175,609841,56.06
2025-05-30,PFC,405.95,-1.8258766626360365,7260644,1527952.0,4.751879640198122,6735768,72.32
2025-05-30,NAVINFLUOR,4261.2,-1.1781076066790395,221297,50584.0,4.374841847224419,166986,60.06
2025-05-30,ICICIGI,1875.4,1.0888313928417446,1472085,353639.0,4.162677193409098,1093177,90.81
2025-05-30,APOLLOHOSP,6880.5,-0.6138957099523329,684934,173053.0,3.957943520193236,416546,75.17
2025-05-30,ZYDUSLIFE,930.0,0.5677210056772101,1308053,331271.0,3.948588919645849,979389,68.98
2025-05-30,OBEROIRLTY,1746.3,0.31018438738582704,1703642,471568.0,3.6127175720150646,580118,68.34
2025-05-30,HINDUNILVR,2348.3,-0.7774538386783132,2274161,661574.0,3.4375005668300145,2109595,69.15
2025-05-30,TVSMOTOR,2780.8,-0.9898169906714993,1080835,336697.0,3.2101117622075637,1025517,63.93
2025-05-30,NAUKRI,1427.5,-1.4157458563535912,1587521,495114.0,3.20637469350493,1074031,66.45
2025-05-30,TATACOMM,1676.2,-0.7225775882492327,839458,268028.0,3.131978748488964,473176,73.16
2025-05-30,KOTAKBANK,2074.7,-0.33147578785550014,7178219,2298490.0,3.123015109919991,4899386,73.19
2025-05-30,PNB,105.82,3.4307496823379835,30061417,9959468.0,3.0183757807143916,29602763,49.51
2025-05-30,ASIANPAINT,2259.1,-1.5342370221854278,2821800,944630.0,2.987201338090046,1759035,78.16
2025-05-30,CHAMBLFERT,551.0,-5.964672753647929,2396829,822348.0,2.914616439755432,2197139,52.74
2025-05-30,GAIL,189.8,-1.0169491525423668,17797962,6853972.0,2.5967368994212405,11555745,67.54
2025-05-30,GODREJPROP,2243.8,0.19648120032151875,900157,363396.0,2.477069092670255,856631,52.04
2025-05-30,POWERGRID,289.75,-1.1429546229955723,16291615,6643256.0,2.4523539360819453,14010210,74.77
2025-05-30,IEX,200.55,0.370351834242535,6909729,2831752.0,2.4400897394969614,4163756,68.38
2025-05-30,HINDALCO,633.5,-2.5384615384615383,6191728,2552183.0,2.4260517368856385,3863917,68.39
2025-05-30,INFY,1562.7,-1.4442482341069542,9205070,4161862.0,2.2117672330317535,7362230,70.01
2025-05-30,CANBK,114.76,3.6394834281585844,37864898,17796198.0,2.127695926961478,26533712,53.51
2025-05-30,AUROPHARMA,1147.8,-2.1399948844743912,1405168,676087.0,2.0783834033193953,867804,69.48
2025-05-30,MOTHERSON,153.12,0.6772305871523447,22676753,10993311.0,2.062777356157758,16563305,43.93
2025-05-30,M&M,2976.8,-1.0701229644400072,2417696,1200293.0,2.0142548527734476,2350179,65.34
2025-06-02,IPCALAB,1415.8,-0.6316676024705221,622059,169642.0,3.666892632720671,244453,67.51
2025-06-02,MPHASIS,2491.1,-2.645771455369715,750532,324016.0,2.316342402844304,373036,42.11
2025-06-02,CUB,198.64,1.5022994379151753,3099967,1343802.0,2.306862915816467,2543201,70.34
2025-06-03,GLENMARK,1514.0,1.1018363939899833,1142687,399924.0,2.8572603794720997,798671,43.98
2025-06-04,ABFRL,76.77,-10.732558139534888,94941621,1690714.0,56.15474941356137,17530507,38.8
2025-06-04,COFORGE,1724.5,-79.70937757383221,874955,79973.0,10.940629962612382,641314,48.27
2025-06-04,BOSCHLTD,31415.0,0.19135704034444267,32884,5213.0,6.308075963936313,26567,59.03
2025-06-04,CHOLAFIN,1512.7,-3.42207750750175,2510441,455667.0,5.509376364757597,1751506,60.22
2025-06-04,IEX,202.01,0.4175572898543538,11908964,2303550.0,5.169830913155781,6909729,66.8
2025-06-04,PIIND,3970.3,4.149943600640074,598919,123192.0,4.8616712124163906,418147,49.35
2025-06-04,HINDUNILVR,2364.5,0.5186413297623524,2789724,1021256.0,2.7316598384734094,2274161,84.85
2025-06-05,HAVELLS,1488.0,-0.8,1374159,436450.0,3.14849123610952,1302488,71.05
2025-06-05,AXISBANK,1159.0,-1.0247651579846286,7959046,2965270.0,2.6840881268822065,7872496,75.93
2025-06-05,MGL,1307.1,0.468870099923129,890542,345410.0,2.5782171911641236,448834,70.19
2025-06-06,MANAPPURAM,247.56,5.533293545911837,14737822,2872413.0,5.13081579842453,8898486,53.15
2025-06-06,SBICARD,993.1,5.162280933975751,1609839,315974.0,5.094846411413597,1306223,42.87
2025-06-06,SHRIRAMFIN,688.25,5.64893698672192,9344059,2177811.0,4.290573883592286,6001838,46.45
2025-06-06,RBLBANK,217.63,5.191164386872256,11609964,2907405.0,3.9932393319816124,9298931,41.65
2025-06-06,IDFCFIRSTB,71.55,7.110778443113773,49463162,15561444.0,3.1785714744724203,33595926,40.63
2025-06-06,SBILIFE,1780.6,0.3267973856209125,1191517,503550.0,2.3662337404428557,1160757,74.95
2025-06-06,GODREJPROP,2467.0,6.704152249134948,1351121,642712.0,2.102218411979238,900157,34.87
2025-06-09,ADANIENT,2582.1,1.8901428458685223,632847,200106.0,3.1625588438127794,561488,36.98
2025-06-09,BANDHANBNK,186.24,7.31201382886776,15660849,7116124.0,2.2007554955478574,7116124,33.6
2025-06-09,MGL,1416.3,6.520758122743686,1195752,565733.0,2.113633109611778,890542,39.77
2025-06-10,SUNTV,627.05,0.1597316508266113,523988,31790.0,16.482793331236238,198222,51.0
2025-06-10,ZEEL,131.05,2.8488463349552737,10817572,2682249.0,4.033023034028534,8848440,31.32
2025-06-10,IGL,213.67,-0.3730125425467484,4871111,1215493.0,4.007518759877679,2506905,68.02
2025-06-10,BRITANNIA,5667.0,-0.526592943654555,366685,94644.0,3.8743607624360763,352389,80.29
2025-06-10,COFORGE,1830.5,2.0345596432552955,2764271,840558.0,3.288614230070977,1207461,42.2
2025-06-11,IEX,193.68,-7.775820199038133,18260352,6219372.0,2.9360443465996244,11908964,25.66
2025-06-11,RAIN,154.98,4.286387187941576,1869870,646958.0,2.890249444322506,677414,40.37
2025-06-11,ONGC,247.32,1.078960274644428,10373546,4251169.0,2.4401631645319206,8509081,49.77
2025-06-11,BPCL,333.85,4.29553264604811,9119708,4026569.0,2.2648830803594824,6040931,41.95
2025-06-11,ABCAPITAL,246.25,1.4794362482485797,9011893,4125000.0,2.1847013333333334,7078778,42.84
2025-06-11,DELTACORP,94.53,2.7723418134377007,1473368,703031.0,2.095736887847051,1324424,43.02
2025-06-12,TORNTPHARM,3258.8,1.6532534780709964,579874,111087.0,5.21999873972652,339780,64.91
2025-06-12,ZEEL,134.54,1.5013202565069639,11175122,4862284.0,2.2983276994926665,10817572,37.46
2025-06-13,SBILIFE,1755.2,-0.6115515288788196,1215608,585656.0,2.0756348436624914,1191517,68.52
2025-06-16,BAJFINANCE,938.0,-89.94748687171793,3604027,582527.0,6.186884041426406,1040528,51.37
2025-06-16,ULTRACEMCO,11495.0,2.4144689950106915,271765,93695.0,2.9005283099418326,247614,67.75
2025-06-16,TATAMOTORS,686.65,-3.5671652271610106,11527243,4033927.0,2.857573525747987,8769533,36.89
2025-06-16,JKCEMENT,5978.5,-1.709823263460748,252347,117827.0,2.141673809907746,156153,81.34
2025-06-17,NAVINFLUOR,4703.4,4.209686710683743,240183,15743.0,15.256494950136569,221297,27.21
2025-06-17,JINDALSTEL,891.0,-3.4251029698677673,1884389,536575.0,3.511883706844337,1807328,59.32
2025-06-17,ACC,1860.7,-0.6407860308645271,297007,100344.0,2.959887985330463,247542,54.49
2025-06-17,POLYCAB,6041.5,-1.0725397085311938,235002,102788.0,2.2862785539168,209572,71.68
2025-06-17,TITAN,3405.7,-0.9423809662313513,739034,352571.0,2.096128155747353,668769,73.88
2025-06-18,METROPOLIS,1700.0,0.1767825574543312,223190,22518.0,9.911626254551914,179891,95.09
2025-06-18,VEDL,456.5,-0.5338272142934936,7958712,2606202.0,3.053758687929792,7790285,50.2
2025-06-20,INDIACEM,306.15,-4.208385481852329,4664301,58635.0,79.54806855973395,747651,71.85
2025-06-20,SHREECEM,28875.0,-1.4841351074718525,237328,7122.0,33.32322381353552,52363,79.99
2025-06-20,TRENT,5897.5,3.040097842229405,7524664,281318.0,26.7478938425554,908490,72.18
2025-06-20,BERGEPAINT,535.75,-1.6069788797061526,2629470,104159.0,25.244770015073108,358722,71.05
2025-06-20,NESTLEIND,2360.4,1.7896416404329638,9180128,369538.0,24.84217590613144,790084,80.03
2025-06-20,BEL,408.25,2.4338226069501916,96767818,6243979.0,15.49778082213281,30090428,78.96
2025-06-20,ALKEM,4773.5,-0.17774989544123798,658074,43424.0,15.154614959469418,395493,81.27
2025-06-20,ADANIENT,2448.4,1.1484755845658177,2246010,205308.0,10.93971009410252,632847,74.8
2025-06-20,MRF,134430.0,-2.7138514980460267,16460,1652.0,9.963680387409202,9621,66.67
2025-06-20,IOC,138.65,-0.014422730222818066,22257074,2250430.0,9.890142772714547,20910600,66.06
2025-06-20,JSWSTEEL,1005.55,0.9537673811555646,7141151,768326.0,9.294428406691951,1674710,73.64
2025-06-20,INDUSINDBK,840.25,0.3283582089552239,16365251,1878558.0,8.711602729327495,9930945,78.07
2025-06-20,JKCEMENT,5693.5,-2.0725834193326453,356325,55911.0,6.373075065729463,252347,72.42
2025-06-20,GODREJCP,1189.4,-0.3852596314907797,2903607,463282.0,6.267472079640478,1099986,79.98
2025-06-20,TATAPOWER,390.1,1.4432453517097936,10866483,1836965.0,5.91545456772448,3857744,70.94
2025-06-20,TITAN,3519.0,0.38797284190106435,2442549,420469.0,5.809106022084863,739034,83.05
2025-06-20,ULTRACEMCO,11458.0,0.3327495621716287,480739,83920.0,5.728539084842708,271765,76.32
2025-06-20,INTELLECT,1077.8,-5.613451265434813,1108708,203429.0,5.450098068613619,949386,63.13
2025-06-20,M&M,3184.4,2.895179009952175,5748231,1141839.0,5.034186956304698,2417696,69.12
2025-06-20,RELIANCE,1466.2,2.295402218656254,22729686,4737355.0,4.797969753163949,9632471,78.35
2025-06-20,UBL,1943.7,-0.4965700829323254,179274,37960.0,4.722708113804004,146686,69.74
2025-06-20,APOLLOTYRE,439.8,-1.6327443524938516,1400558,297923.0,4.701073767382847,1190809,60.77
2025-06-20,NAUKRI,1505.1,2.436534404138022,1647259,382029.0,4.311868994238657,1587521,68.85
2025-06-20,CANFINHOME,764.45,-1.6215172768804982,374988,99427.0,3.7714906413750793,347783,71.37
2025-06-20,PFC,409.05,4.7905725630844085,10730995,2925361.0,3.668263506623627,7260644,26.31
2025-06-20,ABCAPITAL,260.28,1.799123904881088,16509343,5376825.0,3.0704631450716735,9011893,70.74
2025-06-20,AUROPHARMA,1097.2,1.3579676674364938,1539442,548972.0,2.804226809381899,1405168,62.29
2025-06-20,BAJFINANCE,905.0,0.4997223764575236,9873820,3727527.0,2.648892952351519,3727527,68.95
2025-06-20,POWERGRID,293.1,2.321522080642358,25930974,9827199.0,2.6386943013975803,16291615,78.55
2025-06-20,HDFCBANK,1964.7,1.5191443187102822,13234979,5083169.0,2.603686597868377,10680728,80.45
2025-06-20,LT,3662.0,1.1294910386346715,1863469,773255.0,2.4099022961377554,1803804,72.36
2025-06-20,MARUTI,12791.0,-0.11713259409651725,497895,215572.0,2.309645965153174,300415,76.35
2025-06-20,PERSISTENT,6106.5,3.526320250911249,391004,187659.0,2.083587784225643,350259,58.98
2025-06-23,ZEEL,149.66,12.458671475804014,29771150,5503709.0,5.409288536148986,16437517,18.17
2025-06-23,BHARATFORG,1295.8,1.3690057107095361,1819039,462110.0,3.9363766202852135,1270168,63.22
2025-06-23,IGL,206.0,0.16045120824622577,5093329,1941726.0,2.6230935775696467,4871111,41.62
2025-06-23,LICHSGFIN,591.3,-0.5466319064838955,2268769,966706.0,2.3469069189598493,1740414,58.6
2025-06-24,NTPC,329.95,-0.7967528562838346,56206300,4772017.0,11.778310932253595,20453456,55.75
2025-06-24,PEL,1127.1,0.5172567555515878,671384,82181.0,8.169576909504631,471897,57.22
2025-06-24,AMBUJACEM,554.2,3.4824012697227325,2551681,558108.0,4.572020110802927,2520002,44.62
2025-06-24,IDEA,6.86,4.7328244274809235,307012091,76410495.0,4.017930926896888,305678786,29.65
2025-06-24,BIOCON,349.2,-0.8517887563884157,8855644,2254676.0,3.9276791876083306,3702598,72.63
2025-06-24,GRASIM,2780.9,2.1000844439549247,1051354,455442.0,2.3084256612257983,925351,67.29
2025-06-25,RAMCOCEM,1042.85,2.1550668560513184,1048484,200507.0,5.22916406908487,1024618,83.54
2025-06-25,INDIAMART,2660.6,6.64154875946931,267590,53384.0,5.012550576951896,151092,22.33
2025-06-25,UBL,1937.4,0.45108103904184405,527202,156326.0,3.3724524391336055,179274,84.7
2025-06-25,LALPATHLAB,2767.2,1.092317246922136,185071,59218.0,3.1252490796717214,138083,75.76
2025-06-25,CROMPTON,354.85,1.953742278408278,2157458,1029326.0,2.095990968847576,2119266,71.94
2025-06-26,SHRIRAMFIN,703.2,4.162346319063846,11990658,1738541.0,6.89696590416907,9344059,62.88
2025-06-26,SBIN,797.05,-0.37497656396475226,16405235,3347834.0,4.900253417582831,15831348,66.41
2025-06-26,LUPIN,1928.7,-0.3410323980778127,1194669,322847.0,3.700418464473884,937949,68.91
2025-06-26,HDFCBANK,2021.8,2.1007978992020964,17082370,6856865.0,2.4912799070712346,13234979,68.21
2025-06-27,METROPOLIS,1690.0,-0.13590970868049132,265167,11707.0,22.650294695481335,223190,93.63
2025-06-27,MFSL,1641.1,0.4160802790185373,4971865,353968.0,14.04608608687791,1352898,77.43
2025-06-27,GUJGASLTD,470.7,2.048780487804876,1051221,99113.0,10.606287772542451,683262,47.3
2025-06-27,SBICARD,991.35,1.6456474930790597,6212300,595279.0,10.435946841733037,1609839,62.39
2025-06-27,OFSS,8991.0,-0.9201608904071851,420241,49677.0,8.459468164341647,103399,74.76
2025-06-27,SBILIFE,1850.6,-0.5481513327601056,5297415,644863.0,8.214791358784733,1215608,78.33
2025-06-27,NAUKRI,1508.1,-0.5473489844368361,4395324,539413.0,8.148346443263325,1647259,78.73
2025-06-27,IGL,214.13,2.784044544712707,5761467,754200.0,7.63917661097852,5093329,50.61
2025-06-27,HDFCLIFE,806.95,0.9381449746700856,13946657,2191505.0,6.363963121234038,3483115,80.91
2025-06-27,SIEMENS,3178.4,0.42655376157224556,1252398,224930.0,5.567945583070289,537578,61.0
2025-06-27,BAJAJFINSV,2044.0,-0.467471756914682,4617712,848581.0,5.441686768852944,2165132,73.12
2025-06-27,INDHOTEL,767.4,-1.9860782936330632,9379868,1915305.0,4.897323402800076,5984135,80.95
2025-06-27,TORNTPHARM,3341.4,3.689681923972074,826436,197364.0,4.187369530410814,579874,47.51
2025-06-27,COALINDIA,394.15,0.0,12334615,3001869.0,4.10897843976536,6213343,75.89
2025-06-27,SUNPHARMA,1687.6,1.065995927656004,4448718,1094463.0,4.064749562114023,3434579,83.72
2025-06-27,CHOLAFIN,1654.1,1.6656422864167124,3984323,988241.0,4.03173213821325,3445337,68.26
2025-06-27,TECHM,1674.4,-0.9348006153117948,5157883,1398217.0,3.6889002207811807,2382553,83.41
2025-06-27,FEDERALBNK,208.39,-0.7761165603275992,24895273,6821106.0,3.6497414055726445,11257080,77.89
2025-06-27,SRF,3174.8,1.2856914978465523,1806863,556939.0,3.244274507621122,1127543,80.7
2025-06-27,TVSMOTOR,2939.3,0.3550821127385739,1684416,523635.0,3.2167750436850095,1080835,75.49
2025-06-27,VOLTAS,1305.3,-0.8959076759547456,3522552,1222673.0,2.881025425440817,1953708,77.7
2025-06-27,VEDL,463.75,1.8111964873765092,13649820,4920121.0,2.774285429159161,7958712,57.41
2025-06-27,HCLTECH,1723.3,-0.04640102082245546,5096400,1877946.0,2.7138160522187538,3248094,78.67
2025-06-27,PERSISTENT,6010.5,-0.7431260837255388,826529,311633.0,2.6522512057452197,391004,76.95
2025-06-27,BAJFINANCE,947.0,-0.4729374671571204,15759519,6032970.0,2.612232283601609,9873820,72.84
2025-06-27,LUPIN,1935.2,0.3370145693990771,3004120,1194669.0,2.514604463663157,1194669,83.64
2025-06-27,BOSCHLTD,32260.0,0.1396864814527394,63849,26287.0,2.4289192376459847,55622,76.91
2025-06-27,ICICIBANK,1462.2,1.6051698978528341,18874040,7893044.0,2.3912244756268937,9969784,83.76
2025-06-27,KOTAKBANK,2207.9,0.18149643813240166,7780937,3291248.0,2.364129655376927,7178219,80.64
2025-06-27,NATIONALUM,190.83,-1.4256934759026763,10976155,4938793.0,2.222436737073208,10606974,48.53
2025-06-27,ABBOTINDIA,34940.0,5.7026168507033725,27356,12626.0,2.1666402661175352,19819,51.56
2025-06-30,BALKRISIND,2445.3,-0.75087263576589,558663,82984.0,6.732177287187891,534778,69.53
2025-06-30,BHEL,266.3,0.83301779628928,9391958,3595599.0,2.6120704783820443,8137733,38.34
2025-07-01,LALPATHLAB,2774.0,-0.797482387440553,251865,39066.0,6.447166333896483,185071,86.67
2025-07-01,NMDC,67.95,-2.9285714285714244,25644408,5216119.0,4.916377099525528,16656694,51.05
2025-07-01,GNFC,568.9,2.8752260397829974,722310,191971.0,3.762599559308437,675758,36.71
2025-07-01,APOLLOHOSP,7496.0,3.507318420325877,676153,222857.0,3.0340218166806516,551719,36.11
2025-07-02,APOLLOTYRE,466.8,4.26624972079518,1968659,227902.0,8.638182201121534,1400558,26.78
2025-07-02,TATACOMM,1807.5,4.734036388921083,815154,111086.0,7.338044398033956,265811,23.07
2025-07-02,M&MFIN,261.75,-2.021336327905663,4228714,858902.0,4.92339521854647,3399680,60.13
2025-07-02,TATASTEEL,165.88,3.636136448831684,28420200,7257790.0,3.915820105018194,20066589,44.89
2025-07-02,SAIL,137.48,3.104844757762102,11263148,5480783.0,2.0550253494801747,9773960,39.57
2025-07-07,BATAINDIA,1228.3,-0.8475944462382953,93811,31185.0,3.0082090748757415,76914,51.45
2025-07-07,PETRONET,307.5,2.585487906588824,4741820,1893443.0,2.5043373367986255,3169625,51.72
2025-07-08,GLENMARK,1830.5,-1.5913122950378964,1026885,408711.0,2.5124966051806776,907736,69.64
2025-07-08,ATUL,7626.5,-0.9030665280665281,45514,19901.0,2.2870207527259936,44231,69.96
2025-07-08,CIPLA,1488.3,-1.4697120158887815,1461960,663536.0,2.2032866340334207,1459992,66.52
2025-07-09,CANFINHOME,823.0,0.98159509202454,509645,185038.0,2.754272095461473,374988,85.48
2025-07-09,CONCOR,615.35,2.8411464861703015,1336969,501775.0,2.6644790991978478,1031763,48.73
2025-07-09,GAIL,185.03,-3.945387530498881,15395556,5798559.0,2.655065853430137,12956756,56.37
2025-07-10,PFC,429.45,2.800718132854575,12622396,1977758.0,6.38217415882024,10730995,48.22
2025-07-10,BALRAMCHIN,612.5,1.828761429758936,450273,100989.0,4.4586341086653,258800,42.06
2025-07-11,HINDUNILVR,2519.6,4.61717322703869,4181617,698467.0,5.986849772430194,2165220,57.74
2025-07-11,GLENMARK,2181.1,14.553571428571423,5232003,903242.0,5.792470899271734,1026885,33.37
2025-07-11,TCS,3266.0,-3.4299231224127738,5062574,1719068.0,2.944952730200318,2420793,66.3
2025-07-11,BAJAJ-AUTO,8067.0,-2.631261315630658,358368,136609.0,2.623311787656743,345311,66.42
2025-07-11,PEL,1217.5,4.68615649183147,1046921,429446.0,2.4378408461133647,671384,41.73
2025-07-14,GRASIM,2784.4,0.8110065170166578,2479593,290400.0,8.538543388429751,1051354,85.09
2025-07-14,INDIAMART,2741.6,5.259924748521846,576918,131927.0,4.373009315757957,267590,61.95
2025-07-14,DIVISLAB,6778.5,-0.8266276517922457,463413,142985.0,3.240990313669266,427009,47.83
2025-07-15,BANDHANBNK,180.15,2.8605686879068286,5785904,862469.0,6.708535611135009,5748096,38.41
2025-07-15,HDFCAMC,5283.5,3.7709908671314936,594809,93381.0,6.369700474400574,454673,65.55
2025-07-15,HEROMOTOCO,4454.0,4.758096761295486,594545,131865.0,4.508739999241649,556756,33.85
2025-07-15,HCLTECH,1566.4,-3.2967032967032885,8290891,2081780.0,3.9825971044010413,5096400,56.46
2025-07-15,PVRINOX,989.55,0.8458598726114603,490382,145763.0,3.364241954405439,291477,70.54
2025-07-16,GRANULES,499.7,1.61667513980681,1091622,196211.0,5.563510710408693,609285,41.87
2025-07-16,ICICIPRULI,650.6,-2.8375149342891275,3003391,844172.0,3.5577950938908183,1679384,56.69
2025-07-16,ASHOKLEY,124.6,-50.33878039059386,6151603,2987485.0,2.05912431359488,5234140,44.95
2025-07-17,LTIM,5194.5,-2.487328702834616,266884,87813.0,3.0392310933460878,213968,53.17
2025-07-17,LTTS,4411.6,1.4907518174289174,124052,41152.0,3.014482892690513,90005,29.13
2025-07-17,UPL,692.65,3.1573460421475805,2960053,1294388.0,2.2868359410006893,2703796,52.07
2025-07-18,AXISBANK,1099.3,-5.216416623555785,24478491,3421327.0,7.154677410256313,7857177,64.33
2025-07-18,NMDC,71.44,2.702702702702696,26526971,11003511.0,2.4107733431629232,25644408,45.06
2025-07-21,AUBANK,752.9,-5.283683482199019,5127904,701073.0,7.314365265813974,3129581,44.25
2025-07-21,UPL,713.75,3.9164300793477436,3878172,795315.0,4.876271665943682,2960053,48.03
2025-07-22,AARTIIND,422.95,-4.288300520479744,1562260,272191.0,5.73957257954892,993793,41.84
2025-07-22,INDIACEM,370.95,8.006987916727326,1167690,232445.0,5.023510938071372,954463,20.82
2025-07-22,HAVELLS,1578.6,3.0686863410812224,2158813,450763.0,4.789241796686951,1397362,42.44
2025-07-22,TATACHEM,962.65,2.366014461931093,550850,150611.0,3.657435379885931,470263,47.1
2025-07-22,LT,3464.6,-1.0905561265273573,2168191,1008566.0,2.149776018624463,1605858,83.83
2025-07-22,CANBK,108.05,-3.5526198339730466,21862540,10594066.0,2.06365903327391,19785890,51.65
2025-07-23,OBEROIRLTY,1769.6,-3.0993319461176285,1853583,167649.0,11.056331979313924,821514,45.18
2025-07-23,SYNGENE,680.75,0.7026627218934911,2218582,624952.0,3.5500038402949348,1183888,52.96
2025-07-23,COLPAL,2285.3,-3.958814877075008,1155584,465450.0,2.4827242453539586,699562,53.71
2025-07-23,RECLTD,400.0,1.7035341978133711,12516718,5361271.0,2.3346549726734573,6392892,70.08
2025-07-23,RAIN,155.51,1.9938348527579146,912923,430399.0,2.1211085527615072,906382,63.49
2025-07-24,IEX,132.32,-29.575815636808773,55882920,3860902.0,14.474058134601707,6000929,43.75
2025-07-24,PERSISTENT,5174.0,-7.697796806707697,1408275,238369.0,5.907962025263352,826529,39.68
2025-07-24,NESTLEIND,2322.1,-5.317023445463817,1073901,182752.0,5.8762749518473125,752365,39.98
2025-07-24,COFORGE,1676.0,-9.390712007352546,4600353,865883.0,5.312903706389894,2482451,40.07
2025-07-24,TATACONSUM,1072.8,0.9599096555618339,2551299,658953.0,3.8717465433801803,1366989,40.73
2025-07-24,ASHOKLEY,124.8,0.16051364365971338,7626089,2668138.0,2.858206359641068,6374233,73.08
2025-07-24,JINDALSTEL,1000.45,2.358297524043387,1700554,807532.0,2.1058657737402355,1666738,46.85
2025-07-24,DABUR,512.55,-0.2529921183224809,2710762,1315821.0,2.0601297592909673,2328974,72.96
2025-07-24,ACC,1890.0,-3.076923076923077,588976,289930.0,2.03144207222433,435347,53.25
2025-07-25,DELTACORP,88.61,-0.48292902066487736,2661913,328459.0,8.104247409874596,1147260,27.87
2025-07-25,BANDHANBNK,178.19,-3.236491990225364,8121663,3441936.0,2.359620574002538,7003442,56.73
2025-07-25,MPHASIS,2625.0,-1.0740531373657434,654538,301719.0,2.1693628840079677,543934,33.88
2025-07-28,KOTAKBANK,1966.6,-7.436693965922997,8395322,1190858.0,7.049809465108351,4913234,60.73
2025-07-29,UBL,1975.6,-1.180472188875557,335352,29862.0,11.230058268032952,295294,89.11
2025-07-29,TATACHEM,1000.0,7.026274950500346,1645126,207616.0,7.923888332305795,979066,17.1
2025-07-29,ESCORTS,3489.8,2.3581861911186746,129995,36390.0,3.5722726023632867,68410,66.77
2025-07-29,INDUSINDBK,808.2,0.7667851131475708,8160572,2697527.0,3.02520493770776,3052937,48.67
2025-07-29,COROMANDEL,2495.4,3.4191222180778316,625497,221203.0,2.827705772525689,593945,50.88
2025-07-29,BSOFT,409.75,6.3595068137573,1218456,569900.0,2.138017195999298,945674,27.35
2025-07-30,PEL,1287.6,-0.5714285714285785,1421256,174872.0,8.127407475181847,1335143,32.47
2025-07-30,LT,3665.1,4.848952969447305,5063512,623061.0,8.126831883234546,2168191,57.8
2025-07-30,HINDCOPPER,258.35,-0.01934984520122079,6377367,1517128.0,4.203578735610971,4918049,51.51
2025-07-30,PAGEIND,48315.0,2.329768082177274,39422,9596.0,4.10817007086286,28865,61.44
2025-07-30,MUTHOOTFIN,2633.2,0.6151847464751026,480336,118405.0,4.056720577678307,291531,70.01
2025-07-30,TATAMOTORS,668.45,-3.4520112659781867,8807753,2935078.0,3.0008582395425267,5725243,46.54
2025-07-30,ACC,1811.2,-0.8865054175331096,608428,253818.0,2.397103436320513,588976,66.89
2025-07-30,CHAMBLFERT,538.2,1.0324760653275764,1221575,567536.0,2.1524185249922474,1065421,46.35
2025-07-31,CHOLAFIN,1443.2,-2.3611393004532752,4396617,384734.0,11.427679903517754,3276127,67.8
2025-07-31,AUROPHARMA,1139.8,-1.5716753022452543,3529748,341822.0,10.326275078842205,814370,64.29
2025-07-31,NAVINFLUOR,5047.8,-2.732387852628337,251777,39979.0,6.297731308937192,104713,22.86
2025-07-31,ADANIENT,2430.7,-4.03490070669984,345777,68757.0,5.028971595619355,270279,23.72
2025-07-31,AARTIIND,420.05,-5.712682379349044,4092406,890973.0,4.593187447880014,1562260,56.96
2025-07-31,SBILIFE,1840.7,0.0869990756348288,987133,264701.0,3.7292378948322824,977381,62.84
2025-07-31,CHAMBLFERT,514.9,-4.329245633593472,4535582,1221575.0,3.7128968749360456,1221575,60.52
2025-07-31,BSOFT,391.5,-5.605786618444846,2580094,792635.0,3.255084622808733,1218456,56.46
2025-07-31,CANFINHOME,751.95,1.745484067383816,613924,234243.0,2.6208851491826866,509645,85.67
2025-07-31,CANBK,107.25,-0.8780036968576735,27994083,12303631.0,2.2752700402019532,23284907,58.07
2025-08-01,SUNPHARMA,1629.7,-4.511630632214214,5331024,1257064.0,4.240853289888184,2527176,60.76
2025-08-01,CUB,213.87,-0.19133843569161685,4163411,1242665.0,3.3503888819593373,3597799,53.9
2025-08-01,DABUR,534.35,1.0113421550094561,4404282,1345885.0,3.272405889061844,2710762,54.77
2025-08-01,TVSMOTOR,2858.2,2.0129916482261274,1160147,417274.0,2.78030023437837,799800,46.18
2025-08-04,MUTHOOTFIN,2665.8,2.819454622594221,839121,101485.0,8.268423905010593,480336,79.68
2025-08-04,ABCAPITAL,278.45,10.737721216941738,10315774,1823524.0,5.657054143515523,3891269,32.36
2025-08-04,ABB,5092.5,-5.475638051044084,707749,201731.0,3.508379971347983,325048,36.16
2025-08-04,FEDERALBNK,196.46,0.20401917780271633,16759316,5694667.0,2.942984374678976,6864734,42.41
2025-08-05,BHEL,248.25,2.824835356003808,5747011,1013193.0,5.672177956223543,3911486,35.68
2025-08-05,EXIDEIND,384.75,-1.5481064483111595,2099669,677499.0,3.0991470098110847,1028767,31.36
2025-08-05,PIDILITIND,2997.6,1.551595636560733,318962,104292.0,3.058355386798604,248946,55.22
2025-08-05,JKCEMENT,6928.0,2.1226415094339623,131128,48523.0,2.7023885580034213,109449,57.48
2025-08-05,ICICIBANK,1444.4,-1.2848551120831024,11697809,4439749.0,2.634790615415421,10069740,79.04
2025-08-06,ATUL,6659.0,-0.29944602485402005,51353,9459.0,5.429009409028438,45514,82.89
2025-08-06,BRITANNIA,5402.5,-4.1345044805252416,586973,186047.0,3.154971593199568,295863,52.24
2025-08-06,TRENT,5356.5,0.7334273624823695,1395484,461904.0,3.021155911185008,927000,56.12
2025-08-06,INDUSTOWER,340.95,-0.5541782120460942,5563251,2235073.0,2.489069037118698,5066881,68.01
2025-08-07,RAIN,163.34,7.368697824229282,5535907,425714.0,13.003817116655783,1581441,14.28
2025-08-07,GNFC,503.25,-7.652078172309394,924438,134894.0,6.853069817782852,276598,39.56
2025-08-07,KOTAKBANK,1992.1,-0.5143827407111558,11889232,1844469.0,6.445883340950702,8395322,81.7
2025-08-07,BERGEPAINT,545.95,-3.42296125950821,647491,112103.0,5.775857916380471,519081,75.6
2025-08-07,JUBLFOOD,635.7,0.8967542258551054,1896549,435139.0,4.358490045709532,1232757,68.3
2025-08-07,BHARATFORG,1161.6,1.9483938915218375,1050158,297392.0,3.5312247807607466,726285,41.09
2025-08-07,INDUSTOWER,334.65,-1.8477782666080107,16257330,5563251.0,2.922271527924949,5563251,77.59
2025-08-07,HEROMOTOCO,4660.7,4.152048090460127,857340,303923.0,2.8209118757053595,594545,40.42
2025-08-07,CONCOR,553.6,-0.21629416005766616,2640242,1017373.0,2.595156348753112,1336969,48.03
2025-08-07,MOTHERSON,94.12,-1.28998426848452,12490269,5430517.0,2.300014713147938,10381571,51.54
2025-08-07,PVRINOX,1067.45,3.0854659584741713,565063,249854.0,2.2615727584909586,490382,29.73
2025-08-07,BHEL,227.97,-4.945169495059005,9435848,4241982.0,2.2243960488281185,5747011,28.65
2025-08-07,ADANIENT,2249.8,-2.195365821849324,426974,192919.0,2.213229386426428,369633,27.92
2025-08-08,BHARTIARTL,1858.6,-3.328825548736087,67296143,2829331.0,23.785178545741026,11071163,71.74
2025-08-08,CUMMINSIND,3806.9,3.617310832879698,1293737,295769.0,4.374146715849193,697355,35.73
2025-08-08,DRREDDY,1211.4,0.8827448367754944,1868217,672314.0,2.778786400402193,1292721,78.2
2025-08-08,ADANIENT,2178.1,-3.1869499511067767,1171508,426974.0,2.7437455208045454,426974,45.89
2025-08-08,CROMPTON,319.7,0.10959762016595143,2073353,999536.0,2.074315482383826,2058121,53.14
2025-08-11,NAUKRI,1320.6,-0.8558558558558628,2877864,800545.0,3.5948809873273833,2870932,67.79
2025-08-11,PIIND,3853.7,-1.6687504784261717,164297,55501.0,2.9602529684149834,133326,44.74
2025-08-11,MANAPPURAM,256.55,-0.7543520309477713,4362312,1934645.0,2.2548384845798584,2820228,33.27
2025-08-11,GODREJPROP,1990.9,0.9635377047517623,820809,367718.0,2.2321697605230093,774663,63.82
2025-08-12,ALKEM,5149.0,6.285478377541542,246666,18700.0,13.190695187165776,152492,25.92
2025-08-12,ASTRAL,1269.3,-8.128257093225242,2243425,270422.0,8.296015117113253,555007,33.85
2025-08-12,ATUL,6450.0,-2.464841977922274,57085,16733.0,3.411522141875336,51353,76.56
2025-08-12,GUJGASLTD,425.3,-0.9086672879776275,372840,118759.0,3.139467324581716,371698,74.87
2025-08-12,HINDALCO,667.05,-0.8620049045106737,5126420,1902317.0,2.6948295157957376,3475600,41.89
2025-08-13,PIIND,3772.7,-1.6988457229213962,639143,154646.0,4.132942332811712,164297,53.36
2025-08-13,APOLLOHOSP,7808.5,7.904373661300353,833682,214307.0,3.8901295804616742,509471,36.38
2025-08-13,SHREECEM,30410.0,0.0,38317,12800.0,2.993515625,27779,80.59
2025-08-14,MUTHOOTFIN,2757.4,9.860950635483485,1576179,191531.0,8.229367569740669,839121,17.98
2025-08-14,NAUKRI,1365.4,2.979108530055057,4624162,1173378.0,3.9408971363021976,2877864,68.44
2025-08-14,TATASTEEL,155.3,-3.0465726058184512,29843274,8115084.0,3.677506480524416,14233294,63.15
2025-08-14,DEEPAKNTR,1856.6,-0.8914749372764664,105901,31509.0,3.3609762290139327,85463,22.33
2025-08-14,BATAINDIA,1049.7,-4.303035828243234,502819,181520.0,2.770047377699427,181520,47.16
2025-08-14,ADANIPORTS,1300.3,-1.4625644134586204,1155705,531340.0,2.1750762223811497,1130318,50.28
2025-08-18,UBL,1902.6,-1.173904009972997,362482,32913.0,11.01333819463434,335352,78.43
2025-08-18,HEROMOTOCO,4984.0,5.8601134215500865,1705253,184415.0,9.246823739934387,857340,46.11
2025-08-18,WHIRLPOOL,1299.9,4.771499959700173,593615,76870.0,7.722323403148172,317737,65.18
2025-08-18,ADANIPORTS,1327.2,2.0687533646081744,8038198,1155705.0,6.955233385682332,1155705,78.61
2025-08-18,ATUL,6369.5,0.3228854937785478,70993,10374.0,6.843358395989975,57085,80.66
2025-08-18,MARUTI,14068.0,8.750773036487322,1270612,193532.0,6.565384535890705,371174,58.97
2025-08-18,VOLTAS,1349.2,5.836209601506126,2232143,344754.0,6.4745963788672505,1061547,40.83
2025-08-18,ESCORTS,3623.8,6.566681370386713,304539,49502.0,6.152054462445962,129995,38.75
2025-08-18,ASHOKLEY,131.76,8.035421449655624,28504390,4786327.0,5.955378727780196,7626089,35.27
2025-08-18,GODREJPROP,2002.4,3.397707322110926,965115,164543.0,5.865427274329506,823210,65.9
2025-08-18,LICHSGFIN,567.8,-0.2547211242863497,3124954,539336.0,5.794076419894092,1865039,73.47
2025-08-18,DEEPAKNTR,1810.5,-2.483033502100609,593699,105901.0,5.606169913409694,105901,82.72
2025-08-18,JSWSTEEL,1079.8,3.2807269249163036,2107376,427842.0,4.925594027701815,1231395,64.78
2025-08-18,SBILIFE,1863.0,1.2169944583288108,1207068,274225.0,4.401743094174492,987133,62.72
2025-08-18,M&M,3383.1,3.6044588718074295,3699413,906289.0,4.081935232580336,2139543,63.92
2025-08-18,ITC,406.3,-1.25167091991736,25431261,6374688.0,3.9894126583136305,13166048,82.17
2025-08-18,ULTRACEMCO,12765.0,3.6372493301940407,562728,166180.0,3.3862558671320255,231129,69.6
2025-08-18,MRF,144515.0,4.361798158512367,4098,1496.0,2.7393048128342246,3051,31.54
2025-08-18,TVSMOTOR,3219.7,6.6019931794854685,2054678,759215.0,2.7063190268896165,1160147,54.81
2025-08-18,EICHERMOT,5912.0,2.5676613462873004,699698,284680.0,2.4578403821835044,426896,54.3
2025-08-18,HINDUNILVR,2568.1,3.527372409900831,1918741,781708.0,2.4545495248865303,1847548,62.11
2025-08-18,NESTLEIND,1144.1,5.021112539012283,1503145,613784.0,2.448980423080432,1073901,43.22
2025-08-18,ABFRL,76.46,1.9466666666666583,6097587,2640844.0,2.308953879895973,5098707,42.76
2025-08-18,BAJAJ-AUTO,8588.5,4.565654106044926,563836,270737.0,2.082596763648855,278079,56.61
2025-08-19,EXIDEIND,392.8,4.384799362211002,18227073,2058358.0,8.855152019230863,2099669,74.53
2025-08-19,SRF,2929.6,-0.0034133187698368113,717460,147345.0,4.869252434761953,449551,71.43
2025-08-19,DELTACORP,92.88,11.23353293413173,3963593,1470611.0,2.695201518280497,2661913,22.64
2025-08-19,VEDL,450.2,2.738475581926061,5602068,2386941.0,2.346965425622167,4075756,46.68
2025-08-19,MRF,146535.0,1.3977787772895547,8250,4098.0,2.013177159590044,4098,45.83
2025-08-20,DABUR,535.0,2.480605306005181,8946976,276541.0,32.353162822149336,4404282,72.47
2025-08-20,CANFINHOME,780.1,1.562296575966671,920508,64569.0,14.256191051433351,613924,93.1
2025-08-20,HCLTECH,1496.0,1.3481471445024114,7399393,1623251.0,4.558378833587659,5223631,72.41
2025-08-20,INTELLECT,987.7,8.957528957528963,522153,194138.0,2.689597090729275,480030,22.37
2025-08-20,HINDUNILVR,2669.8,2.4953931203931203,2080887,1012374.0,2.0554528267221404,1918741,65.91
2025-08-20,INDHOTEL,806.8,4.083080694059212,4348304,2132083.0,2.0394628164100554,2132083,46.7
2025-08-21,TATACOMM,1589.0,-3.4159980549477296,3008031,46385.0,64.84921849735906,316982,82.5
2025-08-21,INDIACEM,390.95,5.590817015530044,6015342,137032.0,43.89735244322494,1167690,42.35
2025-08-21,ABFRL,75.65,-0.7998950957251499,15262408,1899218.0,8.036153827522696,6097587,69.89
2025-08-21,BHARATFORG,1154.1,-0.4141858659073416,1869762,311532.0,6.00182966757829,1050158,73.09
2025-08-21,ICICIGI,1967.1,-0.0711201422402891,501927,106965.0,4.692441452811668,413223,71.73
2025-08-21,JINDALSTEL,1010.15,-0.6002460024600268,2246659,570513.0,3.9379628509779794,1700554,73.73
2025-08-21,SIEMENS,3197.2,1.334347564261035,250187,102802.0,2.43367833310636,222292,35.31
2025-08-22,IDEA,7.07,7.938931297709931,272267777,94048400.0,2.8949751085611237,215698342,16.4
2025-08-22,VEDL,444.25,-0.5929738196464484,10468280,4697460.0,2.228497954213554,7627064,62.62
2025-08-25,ZYDUSLIFE,1023.15,3.473907766990294,1205979,69988.0,17.231225352917644,792355,47.01
2025-08-25,JUBLFOOD,647.8,4.627311636921583,2136642,463578.0,4.609023724162924,1896549,40.88
2025-08-25,LTTS,4376.7,2.3981095877591128,62332,14573.0,4.277225005146504,53921,48.19
2025-08-25,GRANULES,460.7,0.4798255179934544,1442450,465750.0,3.0970477724100913,712993,56.47
2025-08-25,HDFCLIFE,787.0,-0.22187004754358164,1923693,779415.0,2.468124170050615,1670070,82.69
2025-08-26,ASIANPAINT,2481.4,-0.4613101207429099,5284658,380883.0,13.874754189606783,1151790,74.36
2025-08-26,BALKRISIND,2324.3,-1.808119640065892,418958,43639.0,9.60054080065996,382575,72.95
2025-08-26,HAVELLS,1517.9,-2.823303457106268,3542144,394397.0,8.981163649824923,751852,74.11
2025-08-26,HINDUNILVR,2692.6,2.3179814561483507,2950822,457892.0,6.444362426074271,2080887,67.86
2025-08-26,LUPIN,1924.6,-2.120734374205363,1101077,180550.0,6.098460260315702,1080055,72.27
2025-08-26,JINDALSTEL,977.15,-1.9122666131299002,4961320,925791.0,5.359006514429282,2246659,71.62
2025-08-26,BPCL,312.1,-1.171627612412916,7563325,1658645.0,4.559942000850091,5433506,69.9
2025-08-26,PETRONET,268.8,-1.7543859649122848,3234395,710612.0,4.551562596747592,1637795,68.52
2025-08-26,NESTLEIND,1162.2,0.797918473547272,1986660,509904.0,3.8961451567353853,1503145,54.88
2025-08-26,DRREDDY,1263.2,-1.612275099306803,1968177,535055.0,3.6784573548513704,1868217,70.34
2025-08-26,POWERGRID,279.9,-1.4956888967094846,16341656,4933414.0,3.312443674907478,11537387,71.34
2025-08-26,TATACONSUM,1079.9,-0.15717455621300094,718960,231604.0,3.1042641750574256,672672,59.85
2025-08-26,MARICO,717.75,-0.6436877076411929,3797294,1231052.0,3.0845926898295115,1865544,75.73
2025-08-26,PFC,388.55,-2.6922113698973202,6058648,1977187.0,3.064276671857543,5267792,69.86
2025-08-26,SHRIRAMFIN,594.7,-4.211967463960695,13335341,4425514.0,3.0132863662842326,5275969,73.89
2025-08-26,SRF,2849.2,-2.1465123467390184,719684,259062.0,2.7780376898194254,717460,76.6
2025-08-26,PIDILITIND,3100.4,-0.2124235597038915,494982,192805.0,2.567267446383652,493082,71.24
2025-08-26,SIEMENS,3048.0,-3.6845098906654843,385215,154754.0,2.489208679581788,250187,46.42
2025-08-26,WIPRO,252.03,-0.7130475890324622,11386513,4691770.0,2.426912018278816,8183551,72.08
2025-08-26,TCS,3157.2,0.528561421384446,3983150,1796383.0,2.21731668580698,3701660,72.13
2025-08-28,INDIGO,5727.0,-5.338842975206612,9353476,661458.0,14.140695252003907,1372607,50.25
2025-08-28,RBLBANK,250.85,-1.7815191855912338,29808896,3518587.0,8.471837132348867,17368090,57.7
2025-08-29,SUNTV,543.5,-1.6556590970777125,356365,55397.0,6.4329295810242435,182425,39.46
2025-08-29,SHREECEM,29275.0,-1.3479359730412805,47828,17256.0,2.7716736207695876,38317,75.61
2025-08-29,LALPATHLAB,3308.9,-0.43330424577979987,204839,91478.0,2.2392159863573755,93348,71.2
2025-08-29,MOTHERSON,92.75,0.6948214091846711,16020916,7790504.0,2.0564672067429783,12490269,57.05
2025-09-01,INDIAMART,2600.2,0.11550900970275682,217988,36619.0,5.952865998525356,189265,92.12
2025-09-01,SUNPHARMA,1563.3,-1.9567262464722512,7582188,2001198.0,3.788824494128017,5331024,80.95
2025-09-01,UBL,1795.8,-2.9349764877574165,372351,107759.0,3.455405116973988,362482,66.6
2025-09-01,DIXON,17582.0,5.344517675254643,231722,70880.0,3.2692155756207675,183628,37.66
2025-09-01,OFSS,8472.5,2.158316754084524,68726,26456.0,2.597747202902933,60873,49.58
2025-09-01,BANDHANBNK,161.34,-0.284301606922131,3278004,1371621.0,2.3898759205349,2842101,51.92
2025-09-02,NATIONALUM,200.53,4.55706762604933,12463173,2267152.0,5.497281611466721,3032388,49.81
2025-09-02,MRF,153885.0,6.248489660648324,11226,2227.0,5.040862146385272,8250,34.4
2025-09-02,APOLLOTYRE,487.8,4.319931565440545,2633757,563211.0,4.67632379339182,576941,37.97
2025-09-02,BALRAMCHIN,566.85,4.652450844641383,501055,128548.0,3.8978047110806857,342158,9.67
2025-09-02,NMDC,72.8,4.567652973283528,20452575,6153614.0,3.323668822906344,16399380,43.94
2025-09-02,SYNGENE,635.65,0.07872156183578682,1193770,441345.0,2.7048454157178625,827570,78.75
2025-09-02,TATACONSUM,1100.8,2.3333643209073074,1013636,463315.0,2.187790164359021,718960,61.43
2025-09-03,METROPOLIS,2208.6,1.4748449345279075,95139,8701.0,10.934260429835652,62104,65.09
2025-09-03,INDUSTOWER,324.15,-1.6087418424647175,24304935,5580429.0,4.355388268536344,16257330,48.21
2025-09-03,SAIL,129.68,5.353806158095705,8346506,2284338.0,3.653796417167687,4875251,31.16
2025-09-03,LTTS,4195.4,-0.2733604316717773,104174,28907.0,3.60376379423669,62332,80.72
2025-09-03,HINDCOPPER,247.97,4.2767031118587,2543681,930446.0,2.7338297977529056,1777156,38.74
2025-09-03,POWERGRID,286.05,-0.22671782350888642,25739275,9796097.0,2.6275030759699503,16341656,85.29
2025-09-04,BATAINDIA,1245.5,7.149002064693728,1156356,108205.0,10.68671503165288,502819,37.85
2025-09-04,ESCORTS,3633.3,-1.201903467029227,747616,73640.0,10.152308527973927,304539,28.1
2025-09-04,COLPAL,2464.6,3.472018136781553,1488970,282944.0,5.262419418683556,685375,54.43
2025-09-04,HDFCLIFE,754.25,-2.859166720329711,4237145,1049459.0,4.037456441842893,3783995,42.2
2025-09-04,IPCALAB,1339.2,-0.9467455621301742,197327,49663.0,3.9733201779997183,195890,60.68
2025-09-04,DALBHARAT,2408.6,-0.12439873942610714,869263,232234.0,3.7430479602469924,572935,79.47
2025-09-04,BAJFINANCE,934.75,4.28985830637064,11362865,3765531.0,3.0175996426533205,8577368,52.27
2025-09-04,M&M,3481.5,5.9494826536822885,3722778,1408290.0,2.643474000383444,3699413,48.98
2025-09-04,AMBUJACEM,567.7,-1.0544662309368114,3744855,1450699.0,2.5814142010162,2553532,61.49
2025-09-04,MFSL,1566.0,-3.177939903548911,747800,310026.0,2.4120557630650334,676638,56.59
2025-09-04,BRITANNIA,6083.0,2.962085308056872,600050,286269.0,2.096105411343876,586973,43.31
2025-09-05,ABBOTINDIA,31150.0,-3.1857031857031854,10148,1910.0,5.313089005235602,7993,52.65
2025-09-05,PVRINOX,1146.3,1.3707110010611958,615696,189696.0,3.2456983805668016,565063,65.61
2025-09-05,IDEA,7.23,9.379727685325266,387625034,140360262.0,2.761643705110781,366603223,22.54
2025-09-08,TATAMOTORS,719.5,4.019083417666612,7554995,1990772.0,3.795007665368008,7156265,36.8
2025-09-08,FEDERALBNK,190.62,0.05248792777660839,7066375,2474283.0,2.855928363893702,5529882,71.99
2025-09-08,MOTHERSON,98.57,4.196617336152219,24808612,11088261.0,2.2373762666661614,16020916,44.07
2025-09-09,BANKBARODA,234.49,-0.06392771905897429,5921827,2917653.0,2.029654314615206,5265265,67.17
2025-09-10,OFSS,9264.5,10.121240936645668,258970,26423.0,9.800931007077168,68726,16.93
2025-09-10,ABBOTINDIA,31255.0,2.040483186418544,13068,3781.0,3.456228510975932,10148,64.66
2025-09-10,LTIM,5307.0,2.3430720277697428,198308,58903.0,3.3666876050455836,176807,33.62
2025-09-10,BSOFT,382.7,2.3672595960946814,626316,210482.0,2.9756273695612925,467777,40.08
2025-09-10,DIVISLAB,6031.5,0.48313202832153274,550892,189088.0,2.9134159756303943,402862,67.93
2025-09-10,KOTAKBANK,1973.3,0.6580289736788341,4989323,1854366.0,2.6905815788253236,3177570,58.55
2025-09-10,BEL,388.05,4.328538782094374,12146890,5253056.0,2.3123473269654844,10111169,52.42
2025-09-11,AMBUJACEM,560.4,-1.1378671606245119,23758763,1119366.0,21.22519622715001,3744855,60.89
2025-09-11,ADANIENT,2398.8,2.5040594820955633,730850,118861.0,6.148778825687147,529097,34.61
2025-09-11,BHEL,229.08,4.113075489705954,10572530,3003245.0,3.520368801080165,4414360,37.28
2025-09-11,IGL,214.41,1.4574362371646163,2374585,699337.0,3.395480290618114,1706326,55.29
2025-09-11,IOC,143.93,1.9767606631713337,7307341,2708781.0,2.697649237793679,7273034,48.61
2025-09-11,TATACHEM,968.25,2.4603174603174605,281316,106578.0,2.6395316106513538,260798,37.3
2025-09-11,GODREJCP,1266.5,0.8199331316669284,1457842,637720.0,2.286022078655209,1446411,72.96
2025-09-11,CUB,201.66,-0.4836162652980605,2768300,1325030.0,2.089235715417764,2061401,83.31
2025-09-12,HINDCOPPER,280.05,12.65990827902486,9438897,1569438.0,6.014189155608568,2543681,18.81
2025-09-12,RAMCOCEM,1030.9,-0.009699321047517851,258702,54303.0,4.76404618529363,166814,74.29
2025-09-12,ICICIGI,1893.6,1.213319792613171,645821,247784.0,2.606387014496497,615913,75.63
2025-09-12,PEL,1083.7,2.120241236336223,332743,127712.0,2.6054168754698073,274370,58.84
2025-09-12,GAIL,178.55,-0.2569688844198534,8144519,3377430.0,2.411454567526196,7105072,42.69
2025-09-12,OBEROIRLTY,1601.9,-0.11846863698714699,980523,424582.0,2.3093842885473244,497796,83.21
2025-09-12,ICICIPRULI,600.8,0.3926810928231112,1772756,798826.0,2.2192016784631448,1493880,82.75
2025-09-15,SBICARD,900.05,5.127606143783213,1600006,238345.0,6.712983280538715,921056,45.66
2025-09-15,CONCOR,556.0,1.0817198436505855,3462376,1414283.0,2.4481493449330864,1414283,63.32
2025-09-16,MGL,1363.2,4.821222606689738,447781,51740.0,8.654445303440278,234380,42.81
2025-09-16,DEEPAKNTR,1787.3,2.3302416122752803,716059,94291.0,7.594139419456788,593699,79.46
2025-09-16,CUB,203.84,-1.240310077519381,3969503,763826.0,5.1968681348893595,2768300,88.97
2025-09-16,NAUKRI,1352.4,-0.7631347226298697,1974429,483844.0,4.080714031795372,1463584,75.57
2025-09-16,CHOLAFIN,1583.1,4.309152006325352,1703335,577601.0,2.9489820827872526,1526441,50.95
2025-09-16,SBIN,831.55,0.8244922703849596,4527713,1678632.0,2.697263605126079,4361938,47.82
2025-09-16,PERSISTENT,5490.5,2.367856809918896,354462,156339.0,2.267265365647727,347217,61.18
2025-09-16,MCX,7645.5,-1.4310578224714754,289514,138421.0,2.091546802869507,267832,58.04
2025-09-16,LT,3667.8,2.2753889911326852,1464986,719992.0,2.0347253858376204,1222553,50.03
2025-09-17,BALRAMCHIN,515.85,-0.3573498164960445,814257,115402.0,7.055830921474498,501055,83.79
2025-09-17,PNB,111.97,3.2552563629656963,12624711,2850150.0,4.429490026840693,7766383,37.69
2025-09-17,TATACONSUM,1136.3,4.04724842047432,1193819,348349.0,3.427077442449957,1153256,35.52
2025-09-17,CANBK,116.25,2.667137684359265,17437102,5310971.0,3.283222973727403,16854822,49.9
2025-09-17,MARICO,711.9,-1.6576875259013677,3951545,1286523.0,3.071491920470913,3797294,66.46
2025-09-17,DALBHARAT,2476.2,1.989373532682554,1372374,538261.0,2.5496441317502105,869263,73.96
2025-09-19,IGL,215.13,-0.208739215140559,2847964,247643.0,11.500280645929827,2374585,71.45
2025-09-19,SAIL,136.2,2.267607748911234,17752632,2224562.0,7.980281961123134,8346506,51.53
2025-09-19,INDUSINDBK,744.4,1.2169420082942324,5659287,927133.0,6.1040724469951995,1876722,69.1
2025-09-19,IDEA,8.4,7.1428571428571495,505038073,89618395.0,5.635428675106266,410312125,18.78
2025-09-19,IPCALAB,1441.0,7.47315035799523,516110,97863.0,5.273801130151334,197327,51.85
2025-09-19,ADANIENT,2524.0,5.07910074937552,1262529,246293.0,5.126126199282968,730850,15.85
2025-09-19,ULTRACEMCO,12508.0,-0.9345794392523363,466381,118336.0,3.9411590724716064,241638,81.58
2025-09-19,COROMANDEL,2261.5,-1.8744305115633193,470465,138488.0,3.3971535439893707,389730,46.93
2025-09-19,TITAN,3467.2,-1.2559450915615402,1925699,573024.0,3.3605904813759984,573024,82.39
2025-09-19,JKCEMENT,6862.0,0.9117647058823529,294626,89810.0,3.280547823182274,116569,53.3
2025-09-19,UPL,691.1,-1.1231132412905103,5850425,1830002.0,3.1969500579780785,2020183,74.97
2025-09-19,PIIND,3731.2,0.6881290984159538,395584,131228.0,3.0144786173682445,190890,69.47
2025-09-19,ADANIPORTS,1427.8,1.0617214043035108,2159635,739604.0,2.919988263989919,1897768,26.76
2025-09-19,ONGC,236.69,0.4669128570822167,12173097,4225468.0,2.880887276864953,9997963,73.85
2025-09-19,BHARTIARTL,1962.4,1.097315954870959,7707060,2923396.0,2.6363380123664397,4621119,68.28
2025-09-19,BAJAJFINSV,2067.3,-0.09182292673495246,1328146,506004.0,2.6247737172038166,1237394,67.28
2025-09-19,SBILIFE,1841.7,1.0923262707212698,1195277,459115.0,2.603437047362861,1130974,73.19
2025-09-19,ICICIBANK,1402.2,-1.3715973834142223,9780490,3794140.0,2.5777883789211784,7211605,72.68
2025-09-19,BIOCON,369.2,0.21715526601520396,9291588,3648608.0,2.5466117489190396,3648608,65.39
2025-09-19,LT,3675.4,-0.2875746066196394,1698619,672138.0,2.527187869157822,1464986,76.26
2025-09-19,HDFCBANK,966.9,-1.0236462278636502,23282508,9572957.0,2.43211246013118,15470566,74.52
2025-09-19,DLF,777.7,-0.6895671050951317,2597114,1159032.0,2.2407612559446157,1846305,62.86
2025-09-19,POLYCAB,7549.0,1.4582353336469325,234189,105710.0,2.215391164506669,164988,63.27
2025-09-19,SHREECEM,29880.0,-0.26702269692923897,50133,24195.0,2.072039677619343,47828,79.92
2025-09-19,CANBK,117.76,2.0362186985529926,21259060,10337541.0,2.056490997230386,17437102,45.82
2025-09-19,PERSISTENT,5506.0,-1.1046250561293218,459505,227683.0,2.0181787836597374,354462,69.67
2025-09-22,PEL,1124.2,0.17822135091783994,1142189,371413.0,3.075253154843799,419878,53.16
2025-09-22,TATACHEM,973.95,-1.9776570048309154,457332,161664.0,2.8289043942992875,453589,49.87
2025-09-23,TRENT,4891.0,-2.3849915178125936,1690049,455359.0,3.71146501990737,780564,61.8
2025-09-23,ICICIGI,1894.7,0.4453162275353916,672987,230584.0,2.918619678728793,645821,75.49
2025-09-23,ASHOKLEY,144.04,3.313728302969449,18789509,7029114.0,2.6730977759074617,13372478,43.07
2025-09-23,AXISBANK,1170.8,2.306885704299184,11986604,5921183.0,2.0243596592099924,6651217,74.55
2025-09-25,METROPOLIS,2026.4,-2.6798578426663977,121424,15386.0,7.891849733523983,95139,86.39
2025-09-25,BAJFINANCE,1012.75,-1.6508861374119932,11738343,3673612.0,3.1953137674855157,11362865,70.16
2025-09-25,CIPLA,1509.7,-1.8400520156046782,1956065,620967.0,3.150030516919579,1628415,78.16
2025-09-25,OBEROIRLTY,1599.9,-1.2468366150237529,1436219,458183.0,3.134596875047743,980523,77.89
2025-09-25,HINDCOPPER,328.23,6.3230863917592695,10291128,3746364.0,2.7469642565431442,9438897,16.69
2025-09-25,CROMPTON,299.25,-0.26662222962839904,3349860,1478580.0,2.265592663230938,2206519,67.4
2025-09-25,ICICIBANK,1375.8,-0.49902364938165117,13957730,6368751.0,2.191596123007478,9780490,64.58
2025-09-26,BALRAMCHIN,451.9,-4.591998310989127,1272693,114173.0,11.147057535494381,814257,78.86
2025-09-26,TITAN,3327.3,-1.5154654432440378,6881771,743001.0,9.26212885312402,1925699,91.46
2025-09-26,TORNTPHARM,3561.0,0.8324838600067984,374083,120767.0,3.0975597638427717,333471,52.14
2025-09-26,LT,3729.5,2.3350894523103913,2857571,1062082.0,2.6905370771748323,1698619,48.68
2025-09-26,ICICIGI,1894.0,0.6483154426612842,907484,371019.0,2.4459232546042116,672987,70.99
2025-09-29,HEROMOTOCO,5300.5,-0.5161411411411412,6679459,280839.0,23.783943825465837,473715,80.29
2025-09-29,INDIGO,5707.0,2.625427081460169,10013695,628986.0,15.920378196017081,1181883,72.58
2025-09-29,ICICIPRULI,589.15,0.6233988044406451,7084051,454835.0,15.574990930777094,1772756,76.38
2025-09-29,BHARATFORG,1214.0,2.7855389044111503,6325536,416169.0,15.199440611866814,1176196,68.57
2025-09-29,INDUSINDBK,723.4,1.4942125569975415,32775748,3054093.0,10.73174523500103,5659287,79.75
2025-09-29,SHREECEM,29735.0,2.853683846419924,85968,11849.0,7.255295805553211,50133,59.9
2025-09-29,DABUR,492.85,-1.3806903451725816,14087667,1956802.0,7.199331869039382,4587661,79.66
2025-09-29,MANAPPURAM,282.75,2.1126760563380365,3525040,695237.0,5.070271001111851,2796088,60.67
2025-09-29,GNFC,494.5,-0.5630404182585986,592486,121248.0,4.886563077329111,435706,48.56
2025-09-29,PETRONET,278.55,4.364930685650069,4824179,1053674.0,4.578436024804636,2088692,47.87
2025-09-29,SBIN,870.75,1.6103623315245876,16060485,3708594.0,4.330612895345244,10288458,70.93
2025-09-29,SIEMENS,3105.2,0.2874398475599792,418715,98124.0,4.267202723085076,380646,67.97
2025-09-29,SUNTV,527.2,0.6587112171837796,536495,133586.0,4.016101986735137,356365,58.12
2025-09-29,BANDHANBNK,162.18,4.618758869823246,9603897,2797851.0,3.432597733045827,3437915,53.33
2025-09-29,NTPC,340.95,0.9026339153595773,12735482,3785190.0,3.364555544107429,9405733,75.26
2025-09-29,BAJAJFINSV,2024.7,1.0732827476038338,1367801,423598.0,3.2290072191086834,1328146,68.22
2025-09-29,COROMANDEL,2238.5,2.3688663282572,544554,183462.0,2.968211400726036,470465,56.57
2025-09-29,ABCAPITAL,289.85,3.9261384008605402,4502169,1798004.0,2.5039816374157122,3087015,55.22
2025-09-29,DRREDDY,1234.6,-1.476338680073418,2575767,1035802.0,2.486736847389752,1316403,66.06
2025-09-29,BOSCHLTD,38345.0,0.5111402359108781,42378,17135.0,2.4731835424569595,24487,62.53
2025-09-29,TATACHEM,925.4,-0.5801461108723655,494393,215020.0,2.299288438284811,457332,54.35
2025-09-29,LUPIN,1933.2,0.6979893738931187,1087907,474705.0,2.2917538260603956,702457,71.87
2025-09-29,JSWSTEEL,1122.2,-0.7605235231694296,1708331,824429.0,2.0721384133745904,1564653,65.31
2025-09-29,GODREJCP,1177.6,1.1770770684766574,1640588,808772.0,2.0284925788726613,1496525,66.64
2025-09-30,UBL,1800.8,0.33429908624916427,451997,51838.0,8.71941432925653,447564,88.93
2025-09-30,TATACHEM,919.85,-0.5997406526907234,2396265,494393.0,4.8468829453491455,494393,66.15
2025-09-30,TORNTPHARM,3603.2,0.46283388167066053,418232,145522.0,2.8740121768529843,374083,66.63
2025-09-30,COFORGE,1591.0,2.499677876562296,3305081,1517221.0,2.178378100487668,1573042,50.15
2025-10-01,WHIRLPOOL,1172.4,-1.5782404298186663,684796,87349.0,7.839769201708091,214962,85.12
2025-10-01,IEX,141.18,1.4297004095121841,5789286,1105151.0,5.238457007232496,5204897,61.21
2025-10-01,CANFINHOME,782.95,2.5877882599580713,216222,47141.0,4.586707961222714,134382,78.63
2025-10-01,SUNTV,602.9,15.178144999522386,1125474,290656.0,3.8721856765385887,536495,9.11
2025-10-01,PFC,411.15,0.21937842778792863,6942898,2539897.0,2.733535257532097,3156792,51.84
2025-10-03,ABB,5183.5,-0.29813425658780535,221070,51450.0,4.296793002915452,218987,75.87
2025-10-03,CANFINHOME,789.65,0.8557379142984777,740560,216222.0,3.4249983812933005,216222,69.57
2025-10-03,NATIONALUM,221.16,3.1048951048951032,7956776,2329683.0,3.4153899908270784,5993019,31.74
2025-10-03,VEDL,470.95,1.3122512638485457,9773243,2934045.0,3.330979245376264,8263801,45.66
2025-10-03,BERGEPAINT,542.6,2.445010856225818,631586,239693.0,2.634978910523044,600559,69.61
2025-10-03,BAJAJ-AUTO,8679.5,0.614385903900771,566787,277511.0,2.042394715885136,377165,61.94
2025-10-06,ACC,1833.4,-0.8490617056946524,296798,66913.0,4.4355805299418645,237149,74.82
2025-10-06,IOC,154.84,2.9589733359930963,9420559,2743721.0,3.43349742922112,8530096,50.99
2025-10-07,IGL,220.12,5.796404883206768,8496554,844588.0,10.059998484468167,2847964,34.33
2025-10-07,ESCORTS,3525.2,-0.3392513852764899,281472,33221.0,8.472713042954757,189190,74.06
2025-10-07,GUJGASLTD,430.6,-0.28945235614217896,439949,102154.0,4.3067231826458094,377025,73.43
2025-10-07,ATUL,6099.0,0.7100396301188904,25004,8260.0,3.0271186440677966,23602,76.6
2025-10-07,RAMCOCEM,1005.7,2.674834099030122,947714,442300.0,2.1426950033913634,442300,51.8
2025-10-08,RBLBANK,286.45,4.715774081520737,14438645,2813355.0,5.132180261644905,10470946,42.22
2025-10-08,SRF,2972.7,0.2664597949271329,517978,114979.0,4.5049791701093245,390535,66.88
2025-10-08,INDIAMART,2437.6,3.8779510781556294,139055,41197.0,3.375367138383863,106390,52.19
2025-10-08,VOLTAS,1367.3,-0.3570908030899352,1908322,784181.0,2.4335223628218485,926578,73.1
2025-10-08,NAVINFLUOR,4658.2,1.8831609107412228,88134,38759.0,2.2738976753786218,77036,61.09
2025-10-09,AUROPHARMA,1119.9,4.585356742622351,1898877,210250.0,9.031519619500594,1711514,38.43
2025-10-09,PVRINOX,1093.4,0.1924310455420266,495250,93006.0,5.32492527363826,406963,64.02
2025-10-09,TATASTEEL,176.42,2.6055600790973537,27136968,8558130.0,3.1708992501866646,23086597,39.61
2025-10-09,ZYDUSLIFE,994.45,0.8621126831989451,1449320,560452.0,2.585984169919993,1064559,56.47
2025-10-09,JINDALSTEL,1040.3,2.0702511773940255,1681764,659954.0,2.548304881855402,1074002,61.55
2025-10-10,TATACOMM,1870.2,10.219236209335225,2338763,67693.0,34.54955460682788,385486,16.09
2025-10-10,SRF,3024.5,0.9209516500383699,639843,85833.0,7.45451050295341,517978,87.24
2025-10-10,DIVISLAB,6474.5,5.585453359425962,781687,176191.0,4.436588702033588,550892,47.32
2025-10-10,PNB,117.24,2.572178477690287,17830755,5326678.0,3.3474437538743658,15988008,43.65
2025-10-10,TCS,3028.3,-1.0908972139660855,4524359,1513007.0,2.990309364067714,3674528,51.31
2025-10-10,GAIL,179.21,0.4258896049313642,8242225,3438402.0,2.397109180369253,8144519,68.66
2025-10-13,FEDERALBNK,213.02,2.2659625540086408,7270283,1602967.0,4.535516326911284,5562794,47.91
2025-10-13,TATAMOTORS,660.75,-2.6806097650784366,21977207,8574128.0,2.5632002461358168,10401087,66.02
2025-10-14,JUBLFOOD,583.65,-2.2525540110534323,2384765,915210.0,2.605702516362365,2050848,68.81
2025-10-14,DIXON,16634.0,-3.2625763303285837,186726,73185.0,2.5514244722279154,183743,41.02
2025-10-14,HAVELLS,1449.1,-1.6292172968569683,932323,374650.0,2.4885172827972775,706674,66.97
2025-10-14,BALKRISIND,2232.0,0.6221260481471546,225469,92859.0,2.4280791307250777,147660,70.9
2025-10-14,LTIM,5469.0,-0.5274645325572935,216242,90388.0,2.3923750940390316,209719,48.57
2025-10-15,PERSISTENT,5724.6,7.2444219636936005,1056780,174710.0,6.048766527388243,645448,30.45
2025-10-15,ICICIGI,2020.3,8.92279491050248,1889529,336298.0,5.618615037853332,907484,26.46
2025-10-15,IOC,153.69,0.5758785419802339,13500854,3290471.0,4.103015647303987,9420559,70.51
2025-10-15,BPCL,337.9,1.6393442622950787,10728727,2634672.0,4.072130041234734,5488039,65.93
2025-10-15,HDFCAMC,5764.0,3.038970325348588,468062,172337.0,2.7159692927229786,345395,38.74
2025-10-15,NATIONALUM,226.55,1.1790451520700347,8489386,3756274.0,2.2600550439078724,7956776,67.31
2025-10-15,TVSMOTOR,3574.9,1.9942938659058513,701656,315489.0,2.224026828193693,599292,62.83
2025-10-16,HDFCLIFE,742.85,-2.404256716810084,6154566,1611403.0,3.8193834813513443,4078434,60.29
2025-10-16,NESTLEIND,1276.6,4.519403962665778,2592649,939059.0,2.760901072243597,1589410,37.43
2025-10-16,KOTAKBANK,2205.4,2.595831782657247,4492618,1678247.0,2.6769706723742095,4095054,66.67
2025-10-16,ATUL,5828.0,1.0665048122778116,34733,13534.0,2.5663514112605292,25004,32.46
2025-10-16,ADANIPORTS,1479.5,1.9852485007237852,4122292,1707317.0,2.4144854177636605,2159635,63.3
2025-10-17,WHIRLPOOL,1384.4,11.843593472289557,1751647,253346.0,6.914050350114073,684796,13.02
2025-10-17,MUTHOOTFIN,3334.5,2.0192748967416243,487057,114288.0,4.261663516729666,355219,43.37
2025-10-17,WIPRO,240.9,-5.086482014105038,21979319,5415643.0,4.058487422453807,11343723,50.18
2025-10-17,POLYCAB,7439.5,-1.8276590129321721,265518,65695.0,4.0416774488165,261035,23.85
2025-10-17,AUBANK,792.45,-0.7576706324358115,3444652,899241.0,3.8306216019954604,2380252,71.55
2025-10-17,RECLTD,374.95,-0.6754966887417249,4624025,1242387.0,3.7218877853680055,4554205,58.27
2025-10-17,APOLLOHOSP,7901.5,0.8680666368800664,395370,119143.0,3.3184492584541267,362634,64.71
2025-10-17,LTIM,5605.0,-0.31124944419742107,272991,98880.0,2.760831310679612,216242,28.54
2025-10-17,M&MFIN,300.1,2.318445277872489,2971983,1087589.0,2.732634294756567,2145171,52.06
2025-10-17,BERGEPAINT,544.9,2.251829611559392,637201,237540.0,2.6824997895091354,631586,51.98
2025-10-17,APOLLOTYRE,488.45,-0.3061536891519543,1189963,473703.0,2.5120444666805994,1025857,46.63
2025-10-17,ATUL,5952.0,2.127659574468085,80852,34733.0,2.3278150462096567,34733,25.5
2025-10-17,INFY,1441.1,-2.06591913013932,10229755,4585026.0,2.231122571605919,9898677,60.32
2025-10-17,TVSMOTOR,3654.0,2.1669229693834757,777868,385769.0,2.0164087834947857,701656,66.31
2025-10-20,CANFINHOME,838.35,4.656388490106743,881033,61347.0,14.361468368461376,740560,52.34
2025-10-20,RBLBANK,326.65,9.065108514190308,37022676,4338004.0,8.534495588293602,14438645,36.33
2025-10-20,SBICARD,937.95,1.1812297734627881,893593,153042.0,5.838874295944904,752460,71.11
2025-10-20,MRF,161695.0,3.6905219956393482,5953,1173.0,5.075021312872975,5393,37.53
2025-10-20,DIXON,16075.0,-3.74251497005988,231858,48601.0,4.7706425793707945,186726,35.8
2025-10-20,IDFCFIRSTB,76.93,7.02559821925433,45811867,12304326.0,3.7232325443912977,18476779,44.33
2025-10-20,INDIAMART,2334.7,-0.4010067829870778,161627,44275.0,3.6505251270468664,139055,59.87
2025-10-20,FEDERALBNK,227.08,6.9215557020435154,21214573,5869184.0,3.6145694188493667,7270283,38.15
2025-10-23,POWERGRID,289.65,0.3638253638253481,16178491,206966.0,78.16980083685243,15553810,76.93
2025-10-23,NAUKRI,1379.8,4.768413059984811,1688813,25036.0,67.45538424668477,1229270,57.73
2025-10-23,BHARTIARTL,2007.9,-1.7421091264986497,5560319,114128.0,48.72002488434039,5120265,63.26
2025-10-23,CUMMINSIND,4073.9,1.824589467369842,390609,10317.0,37.860715324222156,330556,59.51
2025-10-23,SYNGENE,661.25,3.022513048219986,511326,14071.0,36.338995096297346,494730,49.41
2025-10-23,ONGC,252.31,1.6886990166048677,9535899,336762.0,28.31643415824826,8784542,68.71
2025-10-23,ASTRAL,1455.8,0.6290177645676304,542164,20501.0,26.445734354421734,418588,65.03
2025-10-23,AMBUJACEM,564.35,-0.5550660792951502,2137477,93512.0,22.857782958336898,1424954,79.16
2025-10-23,LTIM,5617.0,1.0070131271354072,281813,14479.0,19.463567925961737,272991,60.8
2025-10-23,MUTHOOTFIN,3182.1,-2.827739945643873,735000,45077.0,16.30543292588238,487057,42.14
2025-10-23,BSOFT,378.1,7.7054550633812875,5062774,330867.0,15.301538080255813,532194,15.33
2025-10-23,MFSL,1531.8,-0.5841121495327103,571632,37644.0,15.185208798214855,497678,76.26
2025-10-23,OFSS,8532.0,-1.0266225856968854,116378,7918.0,14.697903510987624,107201,55.52
2025-10-23,DIXON,15611.0,-3.1695819377248484,389850,26953.0,14.464067079731384,231858,52.91
2025-10-23,INFY,1528.5,3.810105949470246,10572517,731718.0,14.44889561279072,10229755,51.93
2025-10-23,HCLTECH,1523.9,2.550471063257072,2533689,186574.0,13.580075466034925,2195904,50.56
2025-10-23,HDFCBANK,1008.8,0.1091594720650897,29430278,2208820.0,13.323982035657048,22819747,67.61
2025-10-23,M&M,3623.6,0.06627637247321581,2331507,184835.0,12.61399085671004,2141544,62.59
2025-10-23,RECLTD,374.9,-0.5965796102346547,6843097,897865.0,7.6215210527195065,4624025,67.02
2025-10-23,BEL,418.65,0.22743595882211842,14434346,1904475.0,7.579173262972735,11065861,65.67
2025-10-23,IDFCFIRSTB,78.96,2.8526768268854994,46155520,6560591.0,7.035268621378775,45811867,49.04
2025-10-23,AARTIIND,379.3,1.119701412956542,267699,40770.0,6.566077998528329,247566,51.6
2025-10-24,COLPAL,2239.4,-2.0770475315929864,860768,226934.0,3.7930323353926694,667298,47.57
2025-10-24,GAIL,181.02,0.5219902265659694,9893949,4224771.0,2.3418900101330937,8242225,67.68
2025-10-27,BRITANNIA,5912.0,-2.3294234264001323,246322,42139.0,5.845463822112532,226537,56.87
2025-10-27,MFSL,1513.6,-0.2898550724637741,649151,164152.0,3.9545725912568837,571632,73.59
2025-10-27,DALBHARAT,2093.2,-0.24780785360275795,716300,219379.0,3.265125650130596,479525,76.23
2025-10-27,SRF,3019.4,-2.0311486048020737,695704,225148.0,3.089985254143941,639843,50.77
2025-10-27,GLENMARK,1812.7,-0.335385968770613,889624,301069.0,2.9548840963367202,796728,71.19
2025-10-27,INDUSTOWER,371.3,2.69672244502835,11304343,4193150.0,2.695907134254677,5942300,42.14
2025-10-27,ASHOKLEY,140.81,3.270993766043277,8050456,3494453.0,2.303781450201219,7888104,47.94
2025-10-27,IDEA,9.97,3.638253638253653,445983138,194943864.0,2.2877516062777947,365679756,13.78
2025-10-28,BALRAMCHIN,469.25,1.3280069099546483,914010,54930.0,16.639541234298196,537281,83.01
2025-10-28,BATAINDIA,1101.0,-5.590807751672101,609631,115627.0,5.272393126172953,212959,36.2
2025-10-28,SAIL,132.16,1.7397998460354047,30410334,6732167.0,4.517168691745169,12182785,55.41
2025-10-28,UPL,702.6,3.3463263955284255,2664704,854202.0,3.119524421623925,1904399,58.47
2025-10-28,POLYCAB,7510.0,-2.041348724972282,442066,149251.0,2.9618964027041694,265518,58.05
2025-10-28,LT,3972.8,1.2487894388093175,1690854,623201.0,2.7131760058151384,1650837,49.85
2025-10-29,M&MFIN,317.45,5.851950650216743,5604214,650393.0,8.616657928360237,2971983,25.78
2025-10-29,HDFCAMC,5398.0,-4.400956344638272,1223677,256762.0,4.765802572031687,573847,55.62
2025-10-29,GUJGASLTD,410.8,1.232134056185313,725926,163059.0,4.45192231032939,439949,64.42
2025-10-29,IOC,163.09,5.546207610665281,23078123,6838669.0,3.3746512662039936,13500854,39.48
2025-10-29,AMBUJACEM,571.75,3.036583168138408,2290384,797360.0,2.872459115079763,2137477,60.48
2025-10-29,COALINDIA,382.0,-2.4016351558507862,12424045,4481157.0,2.772508305332752,4671078,46.26
2025-10-29,TATAPOWER,410.7,3.02270161796062,5336580,2072233.0,2.5752799033699394,3866026,48.76
2025-10-29,TVSMOTOR,3498.9,-1.7714766984839954,1294997,616732.0,2.099772672733051,777868,56.58
2025-10-30,INDIACEM,400.0,2.210297687492009,1005406,75333.0,13.346156398922119,346446,18.05
2025-10-30,ABCAPITAL,326.8,5.148005148005148,11209811,1279362.0,8.762032169159315,3537967,40.12
2025-10-30,OBEROIRLTY,1750.3,2.153612699894938,580501,92153.0,6.299317439475654,572981,54.01
2025-10-30,LICHSGFIN,570.45,-3.8756424298592966,3031238,509195.0,5.953000324040888,1806712,46.19
2025-10-30,DRREDDY,1202.2,-3.8931968982332754,4657452,985736.0,4.724847220756876,2705879,52.43
2025-10-30,MANAPPURAM,274.9,-0.5966371361417588,2571186,761008.0,3.378658305825957,2098964,49.11
2025-10-30,BHEL,261.29,6.479481641468697,14536659,5024632.0,2.8930793339691343,5024632,19.27
2025-10-30,JKCEMENT,6245.5,-1.3738649822345046,105383,38800.0,2.716056701030928,103088,71.01
2025-10-30,BIOCON,376.6,0.7760235483007851,3238737,1229099.0,2.6350497396873647,2368258,45.92
2025-10-31,NAVINFLUOR,5687.4,14.27825108503455,850515,66242.0,12.83951269587271,88134,16.2
2025-10-31,BANDHANBNK,156.56,-8.219017469808893,27138802,3311532.0,8.195240752618426,7412725,43.88
2025-10-31,INTELLECT,1133.5,8.287556723190828,899515,130512.0,6.892201483388501,212660,16.59
2025-10-31,BEL,426.1,3.9521834593803478,21493147,4949403.0,4.342573639689474,14434346,41.86
2025-10-31,ACC,1881.5,1.1885554479939715,417033,125475.0,3.323634190077705,296798,36.14
2025-10-31,MPHASIS,2764.4,-4.468327746483731,470411,141838.0,3.316537176215119,438280,34.93
2025-10-31,NTPC,336.95,-2.3757786469650846,12246896,3699945.0,3.3100210949081674,12091085,65.66
2025-10-31,SHRIRAMFIN,748.9,1.4426007450050764,9324257,3398852.0,2.7433548150963913,6898627,50.78
2025-10-31,ABBOTINDIA,28995.0,-2.043918918918919,8485,3573.0,2.374755107752589,6697,72.7
2025-10-31,JKCEMENT,6214.0,-0.5043631414618525,223422,105383.0,2.1200952715333594,105383,81.03
2025-11-03,RAIN,138.83,3.976932294787299,937411,293440.0,3.1945576608505997,698092,56.37
2025-11-03,GODREJCP,1178.6,5.363847666726265,2458815,775493.0,3.1706475751554173,1856400,50.78
2025-11-03,BIOCON,377.15,1.35716205321149,3565037,1204951.0,2.9586572400039506,3238737,70.69
2025-11-03,LTTS,4119.5,0.016995241332422504,55894,20076.0,2.7841203426977486,47099,59.6
2025-11-03,ABFRL,85.38,4.581087702106804,4045229,1495815.0,2.704364510317118,2139975,51.74
2025-11-03,BOSCHLTD,37025.0,-0.5906833131964022,22312,9441.0,2.3633089715072555,18177,61.11
2025-11-03,AARTIIND,388.65,2.2897749703908383,324395,142536.0,2.2758811808946513,267699,40.94
2025-11-04,CUB,258.65,9.578884934756815,8843022,607075.0,14.566605444137874,3380872,22.67
2025-11-04,HEROMOTOCO,5309.0,-4.152374074742733,1190781,129778.0,9.17552281588559,598991,59.45
2025-11-04,JINDALSTEL,1080.7,0.3435468895078965,1886707,423453.0,4.455528712749703,1681764,67.23
2025-11-04,BHARTIARTL,2113.3,1.894889103182265,7568409,1707098.0,4.433494152063912,5919156,61.72
2025-11-04,TVSMOTOR,3473.1,-1.065375302663441,2846982,664714.0,4.283017959603679,1294997,80.42
2025-11-04,ALKEM,5664.0,0.6307186639424358,157486,42824.0,3.67751728002989,142771,66.21
2025-11-04,POWERGRID,279.05,-3.107638888888885,17869185,5582900.0,3.2006994572713108,16178491,68.47
2025-11-04,BAJAJ-AUTO,8751.0,-1.9221070327822918,312299,100834.0,3.0971596882004087,282964,60.37
2025-11-04,SBICARD,880.4,-0.8000000000000026,1202622,441456.0,2.724217136022616,980770,67.08
2025-11-06,CONCOR,519.35,-4.267281105990779,3362985,392443.0,8.569359117120193,1801307,73.78
2025-11-06,GUJGASLTD,400.95,-1.5348722986247545,956557,111632.0,8.568842267450194,725926,85.61
2025-11-06,ASTRAL,1566.1,6.74073064340239,2109585,272560.0,7.73989213384209,542164,36.14
2025-11-06,GRASIM,2700.1,-6.311589174184597,842914,116896.0,7.210802764850808,507047,42.42
2025-11-06,ASIANPAINT,2602.9,4.672859613141926,1938162,292052.0,6.636359278484654,1055779,43.57
2025-11-06,HINDALCO,788.4,-5.171999037767621,20910093,3222429.0,6.488922797057747,6319881,60.11
2025-11-06,ABBOTINDIA,29455.0,0.32356948228882837,20474,4014.0,5.100647732934728,8485,37.03
2025-11-06,ABFRL,78.08,-7.180218735140283,8597749,2036246.0,4.22235280020194,4045229,49.12
2025-11-06,INDHOTEL,697.0,-6.216361679224979,6880918,1877731.0,3.6644854880704423,2293525,56.6
2025-11-06,SYNGENE,620.6,-4.013610702961865,737185,210707.0,3.498626054188992,511326,44.87
2025-11-06,SBIN,960.75,0.3289473684210502,13397703,4714905.0,2.841563721856538,10943585,58.03
2025-11-06,INDIGO,5693.0,0.9934362249423453,1223831,445893.0,2.7446741707091165,865496,54.41
2025-11-06,UPL,733.35,0.2734668763246052,2691585,1122237.0,2.398410496178615,2664704,29.0
2025-11-06,RAIN,134.79,-0.09635339460420654,1309697,548835.0,2.3863219364654222,937411,55.12
2025-11-06,AARTIIND,390.5,1.4022331861854003,451809,194120.0,2.3274726973006388,324395,47.08
2025-11-06,BRITANNIA,6013.5,2.0534577853203224,482777,217290.0,2.2218095632564774,273276,46.51
2025-11-07,BHARTIARTL,2001.2,-4.472767196524896,57886728,6456053.0,8.966272117034976,7568409,82.23
2025-11-07,AARTIIND,391.8,0.3329065300896316,2774396,451809.0,6.1406390753614915,451809,14.32
2025-11-07,ABB,5016.5,-4.045524100994644,563219,166519.0,3.3823107273043918,261353,49.1
2025-11-10,TRENT,4283.7,-7.425496509843761,3678551,250216.0,14.701501902356364,790447,54.03
2025-11-10,TORNTPHARM,3817.5,6.634078212290503,352322,52098.0,6.762678029866789,237497,21.33
2025-11-10,PETRONET,277.65,-0.3052064631956994,2319676,494188.0,4.693914056998551,2266907,58.53
2025-11-10,BAJAJ-AUTO,8772.0,0.5790288367826636,548730,132534.0,4.1402960749694415,312299,55.27
2025-11-10,NATIONALUM,257.36,9.640863971371374,17069669,5133685.0,3.3250324084940934,8489386,23.49
2025-11-10,TECHM,1397.8,0.800461527367124,2142731,774564.0,2.7663705000490597,1918485,74.31
2025-11-11,INDIACEM,390.8,3.19514127277529,1773257,127235.0,13.936864856368137,1005406,75.5
2025-11-11,BRITANNIA,5950.5,-2.983614575690878,1179828,220086.0,5.3607589760366405,482777,54.75
2025-11-11,BAJAJFINSV,1989.4,-6.085068215078132,2096352,511466.0,4.098712328874256,917660,42.4
2025-11-11,HINDCOPPER,359.7,6.435863293386595,10493037,2631845.0,3.9869509792559974,4781662,28.63
2025-11-11,BAJFINANCE,1005.2,-7.3548387096774155,11893882,3029954.0,3.9254331913949847,7520689,50.05
2025-11-11,ZYDUSLIFE,938.9,-1.0016870518768453,1289347,521203.0,2.473790442495534,1174930,70.85
2025-11-11,LTTS,4103.6,0.41845099718586476,62265,26055.0,2.3897524467472655,55894,74.21
2025-11-11,MGL,1220.6,0.8093822266270198,314829,139712.0,2.253414166284929,223215,49.67
2025-11-11,BHEL,285.8,4.5546003292482125,15639858,7745125.0,2.0193164087087037,14536659,42.02
2025-11-12,ADANIENT,2484.5,4.972959269900279,2688555,141462.0,19.00549264113331,712210,40.22
2025-11-12,PIIND,3588.9,-5.226048378578222,740348,73459.0,10.078383860384704,382266,61.3
2025-11-12,GNFC,519.45,5.290361812100946,514263,73177.0,7.027658963882094,193206,51.74
2025-11-12,BIOCON,405.9,5.401194494936368,5994917,907622.0,6.6050811901871045,3565037,36.59
2025-11-12,GLENMARK,1847.8,1.6783139822814066,1292728,209305.0,6.176288191873104,889624,71.35
2025-11-12,MFSL,1718.8,5.093243656374194,1521284,449938.0,3.38109695113549,921349,36.42
2025-11-12,ZEEL,103.41,4.687183640413035,6373151,2644989.0,2.409518905371629,5910306,43.28
2025-11-12,NMDC,77.18,1.8340150415622118,15269652,6587837.0,2.3178551624759387,11166131,39.36
2025-11-12,BOSCHLTD,37255.0,1.5676117775354417,23541,11141.0,2.1130060138228166,22312,43.86
2025-11-13,EICHERMOT,6855.0,-0.3488879197557785,482219,163859.0,2.942889923653873,323308,57.27
2025-11-13,BERGEPAINT,577.9,3.178003927870015,737317,262303.0,2.8109362073632402,637201,54.6
2025-11-13,PAGEIND,39585.0,-2.787328094302554,19973,7755.0,2.575499677627337,18193,38.32
2025-11-13,ASIANPAINT,2879.4,3.956964401761857,2148107,964304.0,2.2276242761618743,1938162,36.2
2025-11-14,ITC,408.15,0.6038945033275791,56149205,3931292.0,14.282634055165579,16562623,87.71
2025-11-14,MRF,157400.0,-0.5779616587183779,6990,1499.0,4.66310873915944,5953,49.1
2025-11-14,IPCALAB,1479.6,13.640552995391698,650041,155914.0,4.169227907692703,177504,15.73
2025-11-14,TORNTPHARM,3831.8,0.14897676485194514,411037,103595.0,3.9677301028041896,352322,73.46
2025-11-14,JUBLFOOD,615.3,7.288578901482119,5411180,1600503.0,3.3809246218220146,2384765,34.51
2025-11-14,VOLTAS,1350.9,1.0471987433615078,1075158,387925.0,2.771561513179094,752509,26.15
2025-11-17,ATUL,6016.5,1.6901884560128453,189595,9269.0,20.45474161182436,80852,90.96
2025-11-17,SIEMENS,3232.6,4.811620517476172,618299,128858.0,4.798297350571947,262658,39.72
2025-11-17,PETRONET,276.05,0.8954678362573057,3202607,898787.0,3.563254697720372,2319676,69.28
2025-11-17,ICICIGI,2042.9,1.8851927584659212,738006,242825.0,3.0392504890353136,637881,69.15
2025-11-17,GLENMARK,1868.9,-1.408525005275365,2477751,821557.0,3.0159209890488428,1292728,40.15
2025-11-18,INDIAMART,2446.2,-1.1835992728741742,162751,23465.0,6.935904538674622,161627,90.3
2025-11-18,MPHASIS,2658.5,-1.1232193997098903,2259076,390430.0,5.786122992597905,470411,45.48
2025-11-19,LTTS,4440.0,8.97042581911891,236359,38339.0,6.164975612300791,94376,20.02
2025-11-19,TECHM,1433.9,0.8368495077355901,4331714,894523.0,4.84248476562369,2142731,74.98
2025-11-19,LTIM,5972.0,3.7526059763724806,315562,97449.0,3.238227175240382,281813,36.35
2025-11-19,HCLTECH,1662.6,4.22517552657973,3419711,1109368.0,3.0825758449856133,2533689,53.92
2025-11-20,METROPOLIS,1959.5,0.8855480615764839,89294,10659.0,8.377333708603059,85206,81.62
2025-11-20,INDIAMART,2391.8,-0.8908962830978328,339667,51663.0,6.574666589241817,162751,90.69
2025-11-20,IEX,143.13,4.39063525636349,9057027,1448197.0,6.2540020453018474,5168063,36.35
2025-11-20,SUNTV,537.1,-4.08072149299045,296244,51905.0,5.707427030151238,235455,52.97
2025-11-20,BALKRISIND,2299.7,-0.7723507076285853,162747,38322.0,4.246829497416628,159896,59.01
2025-11-20,KOTAKBANK,2098.7,-0.34189657628568654,5978095,2011280.0,2.9722838192593772,3369737,81.44
2025-11-21,LUPIN,2029.4,-0.06893834941894147,2074840,415561.0,4.992865066741104,1079070,87.46
2025-11-21,GODREJCP,1125.2,-0.18628581566574196,3573491,849624.0,4.205967580953457,2458815,83.8
2025-11-21,DLF,725.35,-2.1252192686547025,2285284,906448.0,2.5211418636259335,2048838,63.67
2025-11-21,ESCORTS,3617.5,1.678003260441841,71462,31008.0,2.3046310629514966,67027,48.68
2025-11-24,ACC,1913.7,4.56805639036119,2615953,117144.0,22.331088233285527,417033,74.2
2025-11-24,PIDILITIND,1463.0,-0.6181645268663752,2782336,167470.0,16.61393682450588,989383,81.18
2025-11-24,ZYDUSLIFE,926.65,0.2542464567781048,3728740,273666.0,13.625148904138621,1289347,75.77
2025-11-24,SBICARD,869.7,-0.9509709014292933,2364880,189810.0,12.459196038143407,1202622,57.72
2025-11-24,CONCOR,514.95,0.733568075117382,24648833,2062643.0,11.950120791625114,3362985,66.86
2025-11-24,DRREDDY,1226.2,-1.4229439665568007,5844768,552897.0,10.571169675364489,4657452,76.78
2025-11-24,ASIANPAINT,2879.2,0.09038448167975767,3659318,468744.0,7.80664499172256,2148107,67.71
2025-11-24,ICICIGI,1997.5,-0.32932488398782045,1978111,256694.0,7.706105323848629,738006,74.17
2025-11-24,RAIN,105.96,-5.637189420251146,4879833,695917.0,7.012090522289296,1883591,74.26
2025-11-24,MOTHERSON,109.22,-0.5282331511839693,43293311,6195856.0,6.98746242649926,28865754,72.94
2025-11-24,SBILIFE,2014.8,-0.38071693448702326,2142884,319581.0,6.705292242029407,1553653,82.65
2025-11-24,COLPAL,2156.7,-1.096028615977258,1177081,180984.0,6.503784864960439,860768,67.94
2025-11-24,ALKEM,5625.0,-1.3157894736842104,463868,71599.0,6.478693836506096,234030,74.53
2025-11-24,APOLLOHOSP,7354.5,-0.49384386415911247,538595,83221.0,6.471864072770094,302063,71.65
2025-11-24,SRF,2807.5,-1.088641488162348,887987,156286.0,5.68180771150327,695704,68.73
2025-11-24,NESTLEIND,1269.2,-0.8979464355430624,2004326,359608.0,5.573641298302596,844093,76.02
2025-11-24,OFSS,8146.5,-0.28153497766081154,169856,32920.0,5.159659781287971,112457,62.27
2025-11-24,BHARATFORG,1412.2,0.14182385477237272,2038510,405786.0,5.023608503004047,1006197,67.52
2025-11-24,APOLLOTYRE,528.15,3.073770491803279,771688,153685.0,5.021231740247909,760548,60.82
2025-11-24,PERSISTENT,6374.5,1.23878345112364,914167,199466.0,4.583071801710568,355379,66.31
2025-11-24,WIPRO,247.27,1.1370608204834558,12180030,2719052.0,4.479513448069401,8228990,61.79
2025-11-24,POWERGRID,275.8,-0.6484149855907821,43123324,10060956.0,4.286205406325204,17869185,86.61
2025-11-24,JINDALSTEL,1021.3,-1.6657038320816442,2968790,705441.0,4.208417146153966,1886707,76.44
2025-11-24,HINDPETRO,463.05,-1.8753973299427775,6291197,1536011.0,4.095802048292623,4220426,77.69
2025-11-24,UBL,1704.9,-1.273959117493775,441018,121930.0,3.6169769539899943,383790,89.88
2025-11-24,CHAMBLFERT,440.45,-4.072743112272676,1156148,330998.0,3.492915365047523,1150316,63.93
2025-11-24,DEEPAKNTR,1625.3,-3.930724671947039,150340,43096.0,3.4884908112121775,109104,56.77
2025-11-24,PFC,362.65,-1.9069515823640821,8308184,2382137.0,3.4877020087425703,7547709,70.74
2025-11-24,EICHERMOT,7258.5,1.7380334991940571,772211,227754.0,3.39054857433898,536217,62.82
2025-11-24,RECLTD,355.85,-0.6560580681183602,14028224,4266209.0,3.288217712728092,7318898,72.02
2025-11-24,VOLTAS,1354.6,-2.951712279696235,1871405,587950.0,3.182932222127732,1075158,54.79
2025-11-24,UPL,742.7,-1.0854365052939972,3857370,1237747.0,3.116444636908835,2691585,69.75
2025-11-24,BALKRISIND,2265.0,-2.3496443198965293,272817,92457.0,2.9507446704954736,162747,71.64
2025-11-24,CUMMINSIND,4299.0,-0.8029904471826153,816458,281685.0,2.8984787972380497,589833,74.53
2025-11-24,CIPLA,1504.0,-0.5159412620716997,2197200,787239.0,2.7910202619534856,1859349,78.42
2025-11-24,RELIANCE,1535.9,-0.6918401655243643,12818848,5216783.0,2.457232359482846,12259441,69.54
2025-11-24,MARICO,735.95,-0.5338559264765417,2755009,1159495.0,2.3760421562835545,1890866,68.38
2025-11-24,HINDUNILVR,2424.2,-0.3903521387188232,3159344,1329910.0,2.3756073719274236,1628898,77.2
2025-11-24,DABUR,512.4,-0.6302724716377388,3848053,1638536.0,2.348470219757149,2224827,64.93
2025-11-24,IRCTC,684.9,-0.7966396292004635,1358425,582933.0,2.330327842136232,753278,67.74
2025-11-24,HCLTECH,1610.4,0.14925373134328923,4705091,2022536.0,2.326332386667036,3419711,73.6
2025-11-24,HAL,4445.1,-3.262241566920558,1416312,618674.0,2.2892702780462733,1080535,41.14
2025-11-24,HDFCLIFE,761.65,-0.3075916230366522,4639335,2076455.0,2.234257424312109,2646066,79.47
2025-11-24,HAVELLS,1424.6,-1.1449587120949276,1229239,567884.0,2.164595234237978,787475,69.6
2025-11-24,BPCL,359.65,-1.3441228912357794,9513279,4521843.0,2.1038499125246055,7253119,68.9
2025-11-24,TCS,3141.2,-0.2983558687234206,4763581,2277567.0,2.091521786186751,3015019,71.06
2025-11-24,ONGC,245.75,-0.4859283255719735,11987338,5755917.0,2.0826113371683435,9561730,75.51
2025-11-25,GRANULES,545.9,2.4490944918832604,2245150,498038.0,4.507989350210225,764156,56.23
2025-11-25,IGL,194.85,-2.080506558118506,4651846,2297645.0,2.024614768600023,2324897,67.13
2025-11-26,LAURUSLABS,986.6,0.9257838473735428,2129452,586994.0,3.627723622387963,1808773,72.14
2025-11-27,WHIRLPOOL,1063.8,-11.4164376717462,3664144,128295.0,28.560302427997975,419841,33.75
2025-11-27,SUNTV,566.85,3.4303439467202024,425444,74299.0,5.7261066770750615,296244,65.19
2025-11-27,ASHOKLEY,159.75,7.2507552870090715,27363815,10592523.0,2.5833141924733134,13421996,30.33
2025-11-27,ESCORTS,3847.8,4.3725926327781774,102397,40296.0,2.541120706769903,71462,34.3
2025-11-27,PAGEIND,38930.0,-0.1794871794871795,44797,18904.0,2.3697101142615318,27343,76.98
2025-11-28,GAIL,176.09,-4.194776931447229,20999799,1381326.0,15.202637900104682,9736627,34.86
2025-11-28,ZEEL,101.47,3.4458150677948773,6810461,1503450.0,4.529888589577306,6373151,25.7
2025-12-01,BATAINDIA,974.0,-2.5220176140912773,136506,21443.0,6.3659935643333485,113198,59.89
2025-12-01,JSWSTEEL,1168.4,0.6980953201758283,1615234,560181.0,2.8834144678237927,1296117,53.14
2025-12-01,IEX,146.7,5.319836312728837,9253989,4044635.0,2.2879664048795503,9057027,28.63
2025-12-01,ADANIPORTS,1530.5,0.8965653635704337,2174021,1084384.0,2.004844224924012,2074178,53.56
2025-12-02,LICHSGFIN,554.65,0.7264142377190593,1865233,135883.0,13.726757578210666,1384660,77.69
2025-12-02,BANDHANBNK,149.78,-0.17994001999334236,11490578,4585450.0,2.505877940005888,10331645,70.62
2025-12-02,HDFCAMC,2599.0,-1.8800966475385146,519645,207632.0,2.502721160514757,405784,63.39
2025-12-02,LALPATHLAB,3044.0,-0.2653910422332135,135889,63099.0,2.153584050460388,113507,76.58
2025-12-03,DIXON,14018.0,-3.284117565889334,179901,73137.0,2.459780959022109,175343,51.67
2025-12-04,IPCALAB,1454.6,0.7480260423881393,689810,41829.0,16.491190322503527,650041,83.55
2025-12-04,DELTACORP,68.3,2.5679531461180263,3084095,405914.0,7.597902511369403,785193,26.42
2025-12-04,HINDCOPPER,365.75,7.827240566037739,14779361,2141760.0,6.900568224264156,10493037,26.03
2025-12-04,TORNTPHARM,3795.7,2.0102663334139512,473093,77390.0,6.1131024680191235,411037,84.24
2025-12-04,UBL,1693.3,-0.46437808605690634,549154,131783.0,4.1671080488378625,441018,83.68
2025-12-04,INDIGO,5436.5,-2.841569118041283,2481784,703598.0,3.5272755181225643,1223831,60.27
2025-12-04,COFORGE,1966.2,2.8078431372549044,1317429,405430.0,3.249461066028661,1242820,42.22
2025-12-05,TATASTEEL,167.11,0.20387359836901323,22276386,5104436.0,4.364122892323461,21487853,66.5
2025-12-08,INDIGO,4923.5,-8.323247369891073,7173200,3316613.0,2.162808865550488,3316613,45.33
2025-12-08,GODREJPROP,1975.1,-5.152708413369198,429341,200927.0,2.13680092770011,330971,41.45
2025-12-09,BALRAMCHIN,416.35,-2.9600279687682063,801958,202091.0,3.9683014087712962,333811,56.53
2025-12-09,SHREECEM,26100.0,-0.1339200306102927,96921,34100.0,2.842258064516129,34100,82.25
2025-12-10,DIXON,12351.0,-8.626174446992676,424430,88643.0,4.788082533307763,179901,43.58
2025-12-10,AUBANK,993.7,2.227251684584136,3861558,827306.0,4.667629631599432,2280497,55.01
2025-12-11,AMBUJACEM,536.1,1.208231074192935,1931454,469197.0,4.116509696353558,1544152,69.43
2025-12-11,TRENT,4047.5,0.7266754597715406,1038510,365246.0,2.8433165592504777,1010945,57.19
2025-12-12,RAMCOCEM,1055.0,2.6264591439688716,437755,138919.0,3.1511528300664415,388215,63.11
2025-12-12,NATIONALUM,278.15,5.240257283390074,8501275,2995920.0,2.837617493123982,7606825,38.67
2025-12-12,HINDALCO,852.1,3.3662885910110996,4243194,1624455.0,2.6120723565749744,4192060,51.88
2025-12-12,TATAPOWER,381.95,0.4734973036959125,5066379,2109934.0,2.40120259685848,4252839,74.75
2025-12-15,AARTIIND,376.3,5.420927300742408,1325218,178380.0,7.429184886198004,425170,12.89
2025-12-15,PVRINOX,1086.6,3.298792660899307,727586,117432.0,6.1958069350773215,241930,27.93
2025-12-15,GUJGASLTD,392.55,-0.7835207885757528,369775,71587.0,5.16539315797561,313451,67.18
2025-12-16,CHAMBLFERT,445.8,2.0721236405266197,1221493,224943.0,5.430233436915129,1156148,17.31
2025-12-16,JUBLFOOD,560.2,-2.987271625248939,2895504,730194.0,3.9653900196386167,2270556,62.72
2025-12-16,LT,4063.8,-0.6964298805072942,1559697,711671.0,2.1915983649748267,1230441,70.92
2025-12-17,POLYCAB,7079.5,-3.8307410174556815,976243,170943.0,5.710927034157585,194538,54.86
2025-12-17,MGL,1117.3,0.3953634648216249,362907,76679.0,4.7328082004199326,295515,29.49
2025-12-17,MANAPPURAM,286.25,0.9700176366843033,1753761,531295.0,3.3009175693353034,1475236,55.76
2025-12-17,SYNGENE,646.5,0.023207240659082116,716817,322027.0,2.225953103311213,485122,80.64
2025-12-17,ABFRL,76.38,2.9935275080906134,2821914,1285142.0,2.1957993746994497,2159130,15.3
2025-12-18,ICICIPRULI,645.65,2.4028548770816776,2151872,168108.0,12.800532990696457,1757226,81.75
2025-12-18,LALPATHLAB,2793.6,-0.7954545454545486,189520,88531.0,2.1407190701562167,176948,79.84
2025-12-18,DIVISLAB,6380.0,1.3824884792626728,272116,131260.0,2.073106810909645,267957,68.6
2025-12-19,UPL,751.55,0.960505104782372,4270987,436156.0,9.792338062528087,3857370,70.43
2025-12-19,INDUSINDBK,844.7,1.1737932686549368,5121053,574093.0,8.920249854988652,3280853,73.15
2025-12-19,BOSCHLTD,35940.0,0.6159014557670772,25396,4737.0,5.361199071142073,24669,63.19
2025-12-19,INDIACEM,438.0,1.63592064044553,765736,204696.0,3.7408449603314184,747791,32.8
2025-12-19,COROMANDEL,2358.5,4.920147693402727,532498,143876.0,3.70108982735133,384062,59.09
2025-12-19,COFORGE,1845.4,-0.5067931852490761,1319713,383735.0,3.4391259593208856,1317429,64.97
2025-12-19,IDFCFIRSTB,84.68,1.06217925766798,45255710,13948441.0,3.244499510733852,25595886,69.09
2025-12-19,ICICIBANK,1354.1,-0.1989976415094373,11321180,3541972.0,3.196292912535729,10606393,79.07
2025-12-19,INDUSTOWER,414.05,1.2966360856269141,7680018,3114219.0,2.466113654820037,6205501,71.13
2025-12-19,DEEPAKNTR,1667.0,5.339652448657188,165673,70158.0,2.3614270646255595,156409,24.25
2025-12-22,NATIONALUM,290.3,4.236983842010776,8966612,2493458.0,3.596054956610458,8501275,47.84
2025-12-22,CHOLAFIN,1584.9,-3.834718767065094,2835461,1131670.0,2.505554622814071,1672451,49.06
2025-12-22,INFY,1689.6,3.1061207054372284,17433819,8571381.0,2.0339568384604534,11831028,75.47
2025-12-23,ATUL,6090.5,1.6608245701886162,49889,5201.0,9.592193808882907,26172,73.54
2025-12-23,AMBUJACEM,546.9,1.2871562181683363,3355292,412272.0,8.138539604921023,1931454,35.1
2025-12-23,ABFRL,78.63,1.5235635894125146,7534400,1437535.0,5.241194127447332,2821914,76.16
2025-12-23,COALINDIA,400.4,3.6634304207119683,8727882,2080067.0,4.195961956994655,3240294,47.21
2025-12-23,NMDC,81.53,3.833418237391754,31010302,8747788.0,3.544930672759788,16162192,39.96
2025-12-23,COFORGE,1780.2,-4.73591266655964,1498409,453231.0,3.3060602650745428,1319713,39.28
2025-12-24,MANAPPURAM,314.55,6.699457259158752,5852416,823300.0,7.10848536377991,1753761,24.08
2025-12-24,ABBOTINDIA,28515.0,0.7775225304824174,20023,3223.0,6.2125349053676695,8688,90.97
2025-12-24,DEEPAKNTR,1740.5,2.7086038003068627,181569,77432.0,2.3448832524021075,165673,52.81
2025-12-26,DALBHARAT,2160.6,2.427230492083048,444282,79398.0,5.595632131791732,193529,61.18
2025-12-26,IRCTC,705.5,3.8034282351210216,1839391,567032.0,3.243892760902383,910505,25.62
2025-12-26,RAIN,138.5,7.18984598715269,4428903,1662622.0,2.663806325189971,3925162,42.3
2025-12-29,BATAINDIA,940.85,-1.0308736127912432,159475,19004.0,8.39165438854978,136506,70.24
2025-12-29,HINDALCO,865.0,-0.9050292129682641,6049023,807838.0,7.487915894028258,4243194,61.5
2025-12-29,AUROPHARMA,1200.1,-0.5057204443707625,920985,149372.0,6.1657137883940765,644635,68.7
2025-12-29,MFSL,1650.2,-1.3038277511961696,529979,88636.0,5.9792747867683556,473755,72.85
2025-12-29,SAIL,134.09,1.3376662636033936,13223592,2626355.0,5.034959858815735,7263184,29.59
2025-12-29,NTPC,325.5,0.43196544276457177,11247890,2336059.0,4.8148997949110015,8210123,80.09
2025-12-29,TATACONSUM,1195.2,1.658586374075019,1003786,229332.0,4.376999284879563,941748,55.58
2025-12-29,LALPATHLAB,1428.2,1.6874332502670022,516554,125812.0,4.105760976695387,243140,76.95
2025-12-29,INDHOTEL,742.15,0.34478096268252495,2420244,955524.0,2.5328971328820624,1899819,76.28
2025-12-29,HINDCOPPER,487.45,2.491589571068117,31832064,13466352.0,2.3638223625819377,14779361,16.29
2025-12-30,BERGEPAINT,525.55,-3.4979801689313383,1596455,86880.0,18.37540285451197,572367,71.1
2025-12-30,GLENMARK,2029.8,1.0001492760113404,1844496,119496.0,15.435629644506928,696734,80.03
2025-12-30,PAGEIND,35565.0,-2.0382867373639995,49124,3533.0,13.904330597226153,38911,62.73
2025-12-30,AUBANK,996.45,0.9932600212841503,7746989,622560.0,12.443762850167053,3861558,75.58
2025-12-30,SRF,3038.3,-1.22240645014467,1573207,136056.0,11.562937319927089,504892,76.76
2025-12-30,ASIANPAINT,2758.3,-0.616127405058727,3737173,327963.0,11.395105545442625,3068942,77.32
2025-12-30,MUTHOOTFIN,3799.1,1.6753646460591436,1172509,103306.0,11.349863512283894,445026,69.45
2025-12-30,FEDERALBNK,267.6,1.7877519969570352,28061372,2715368.0,10.334279552532106,7855920,75.76
2025-12-30,BOSCHLTD,35525.0,-0.29469548133595286,58392,5665.0,10.307502206531332,25396,65.8
2025-12-30,COROMANDEL,2236.5,-5.385396395634156,1171265,116675.0,10.038697235911721,532498,63.34
2025-12-30,EICHERMOT,7192.5,-1.0932343234323434,1365824,139572.0,9.785802309918894,449362,69.12
2025-12-30,DIVISLAB,6360.5,-0.4694468351459197,1520669,164697.0,9.233131143858115,327912,78.89
2025-12-30,SBICARD,843.4,-0.770633566680401,4858075,530525.0,9.157108524574713,1356879,70.5
2025-12-30,SBILIFE,1995.5,-0.7115135834411362,2336038,258510.0,9.036547909171793,593266,73.76
2025-12-30,UPL,787.35,2.1272456060704292,6052563,687458.0,8.804265860605302,4270987,72.67
2025-12-30,ABCAPITAL,349.3,0.73540014419611,13931199,1611877.0,8.642842474953113,3099689,78.96
2025-12-30,JKCEMENT,5491.5,-4.1372086933752295,159955,19927.0,8.027048727856677,71251,64.4
2025-12-30,KOTAKBANK,2152.7,-0.2733253034374174,4185716,556459.0,7.522056431830557,3176510,73.79
2025-12-30,ASHOKLEY,178.63,2.120969586096506,38698994,5161126.0,7.498168810449503,15620283,65.82
2025-12-30,INTELLECT,945.3,-5.233082706766922,457266,64664.0,7.071415316095509,157145,60.98
2025-12-30,CUMMINSIND,4389.9,-0.2794057516696239,1728974,253604.0,6.817613286856674,410130,72.86
2025-12-30,PERSISTENT,6183.0,-0.7305129645982179,936352,139500.0,6.712200716845878,339626,76.04
2025-12-30,HDFCLIFE,743.0,-0.46218768839172686,10551015,1926756.0,5.47605145643766,2121121,76.53
2025-12-30,HEROMOTOCO,5711.0,2.6051024074739493,2061300,381556.0,5.402352472507312,923231,69.16
2025-12-30,CANBK,154.03,2.0606944076331923,50083323,9788827.0,5.116376354388529,20972461,65.78
2025-12-30,NAVINFLUOR,6136.5,4.34449923482401,337765,71704.0,4.710546134106884,168907,62.12
2025-12-30,ICICIGI,1955.0,0.6072457801564406,916067,200106.0,4.577908708384556,713035,59.67
2025-12-30,MARUTI,16647.0,0.6347479143997099,756829,167109.0,4.528954155670849,277222,71.68
2025-12-30,RBLBANK,309.7,1.8080210387902695,3889115,873352.0,4.45308993395561,2634248,54.09
2025-12-30,MFSL,1634.4,-0.957459701854318,2338151,529979.0,4.4117804667732115,529979,75.42
2025-12-30,BAJAJFINSV,2026.4,0.7107002634064004,3987223,1028640.0,3.876208391662778,1265546,73.15
2025-12-30,ICICIBANK,1342.5,-0.05955482766321407,12833261,3788268.0,3.3876328179526896,11321180,68.92
2025-12-30,ADANIPORTS,1461.2,0.4675467546754644,2506442,798259.0,3.1398856762028364,2174021,72.36
2025-12-30,BEL,393.3,0.012714558169106514,24178271,7913344.0,3.0553797484350484,13027482,64.09
2025-12-30,SBIN,973.45,0.870421221698367,11034482,3621874.0,3.04662227344187,10093237,73.41
2025-12-30,NESTLEIND,1274.1,-0.4609375000000071,1368216,460500.0,2.9711530944625406,1069701,66.96
2025-12-30,SUNTV,575.2,-0.3723910972546942,489160,168221.0,2.907841470446615,211593,56.03
2025-12-30,M&MFIN,404.4,4.658385093167702,5561399,1930150.0,2.8813299484496024,3908384,47.46
2025-12-30,TVSMOTOR,3634.6,1.6898886464103882,883905,311669.0,2.836037591162419,719434,59.02
2025-12-30,HCLTECH,1615.2,-0.9565857247976398,2279686,861939.0,2.6448344952485034,2220796,68.6
2025-12-30,HDFCBANK,990.9,-0.08066955732581105,22177609,8436541.0,2.628756145439227,19002918,66.89
2025-12-30,LUPIN,2080.4,-0.08164833581479364,1013947,402760.0,2.5174967722713277,877971,59.29
2025-12-30,MARICO,739.1,-1.8589828708006906,2209935,890446.0,2.4818293304703487,1864926,64.58
2025-12-30,MCX,10889.0,-0.43887720581512296,273317,114312.0,2.3909738260200153,212905,48.38
2025-12-30,SHREECEM,26340.0,0.24738344433872503,97528,43500.0,2.242022988505747,96921,71.03
2025-12-30,INDHOTEL,729.55,-1.6977699925891023,4979857,2420244.0,2.057584689808135,2420244,76.58
2025-12-31,IOC,166.46,3.026551958903271,14459697,4969410.0,2.90974119664105,14287997,59.3
2025-12-31,IDEA,10.76,-10.779436152570486,554989792,190790117.0,2.9089022048243725,323498594,16.55
2025-12-31,GUJGASLTD,412.2,5.300804700472602,548998,207030.0,2.651779935275081,369775,21.13
2025-12-31,JINDALSTEL,1053.8,3.182218740820523,1976382,784956.0,2.5178252029413115,1550236,42.57
2026-01-01,ITC,363.85,-9.71464019851116,156367722,7544490.0,20.72608247873614,9825962,55.33
2026-01-02,MCX,2216.0,-79.83437983437983,1512872,102276.0,14.792052876530173,273317,44.25
2026-01-02,TATAPOWER,393.1,2.94618305617389,9374547,828224.0,11.318854561084924,5066379,71.86
2026-01-02,COALINDIA,427.9,6.85478836309152,13153830,1575218.0,8.350482282452333,8727882,37.49
2026-01-02,DABUR,522.6,4.5304530453045375,2383751,386222.0,6.171971042561014,1607478,44.63
2026-01-02,CROMPTON,252.1,1.1434302908726155,4869250,993602.0,4.9006040648066325,3064830,68.77
2026-01-02,PFC,375.95,3.5247143053834535,8598783,2753679.0,3.1226526403404318,5819154,43.01
2026-01-02,BAJAJ-AUTO,9502.5,-0.5806654111738857,363114,136179.0,2.66644636838279,311894,49.49
2026-01-02,GUJGASLTD,436.3,3.695781342840169,582287,223772.0,2.6021441467207693,548998,49.03
2026-01-02,NTPC,352.1,4.698186143324416,14917934,5789145.0,2.5768803510708405,11247890,64.5
2026-01-05,COLPAL,2091.3,0.05741352088418128,614415,82496.0,7.44781565166796,314695,83.6
2026-01-05,NESTLEIND,1314.6,2.72720168789559,1425197,436663.0,3.263837329931778,1368216,59.46
2026-01-05,METROPOLIS,2050.5,6.062173485749757,65099,25249.0,2.5782803279337796,30728,27.41
2026-01-05,ONGC,238.09,-1.3956763024931684,7153661,2921438.0,2.448678014046507,6964362,33.74
2026-01-06,TRENT,4047.6,-8.62792902614114,2605976,206704.0,12.607283845498877,1038510,42.41
2026-01-06,IEX,148.67,10.634022920077387,20731847,2265161.0,9.152482759503629,5175594,25.83
2026-01-06,IPCALAB,1469.6,4.005661712668076,435476,62380.0,6.981019557550497,354527,67.3
2026-01-06,BHARTIARTL,2105.3,0.014251781472692727,7308178,2007448.0,3.6405316600977957,6846524,80.14
2026-01-06,LUPIN,2149.7,3.1674425301147,1256424,347988.0,3.6105382944239457,1013947,69.96
2026-01-06,AUROPHARMA,1231.3,1.9794599966870847,1096865,315761.0,3.473719047000738,920985,59.43
2026-01-06,HAVELLS,1501.7,3.465619401956728,796684,244685.0,3.2559576598483764,552514,59.16
2026-01-06,PETRONET,295.3,2.37476165713296,1847764,600938.0,3.074799729755815,1834355,44.75
2026-01-06,MGL,1074.4,-4.157002676181972,432909,148679.0,2.911702392402424,362907,55.2
2026-01-06,RELIANCE,1507.6,-4.467397503326786,13827457,5829320.0,2.3720531725827367,9411406,50.43
2026-01-07,TORNTPHARM,4092.2,3.9473684210526225,437821,85397.0,5.126889703385364,231684,48.99
2026-01-07,SYNGENE,656.75,0.16777243956379512,1093555,239537.0,4.565286364945708,737057,44.45
2026-01-07,RAMCOCEM,1078.3,0.20444196636000794,691122,169070.0,4.087786124090614,437755,87.72
2026-01-07,NAUKRI,1359.4,1.7667315466387286,1343040,419186.0,3.203923795164915,675669,54.26
2026-01-07,PETRONET,294.35,-0.3217067389095796,3927633,1847764.0,2.12561398533579,1847764,60.47
2026-01-07,CIPLA,1467.9,-4.108962633916898,2276361,1118736.0,2.0347615523233364,1118736,44.84
2026-01-07,TITAN,4273.2,3.925288194951107,1110864,548316.0,2.0259558356859912,1029409,31.77
2026-01-08,BHARATFORG,1454.1,-1.9751921261965875,1468773,173679.0,8.456825522947506,529655,74.94
2026-01-08,ABB,5021.0,-5.246272881675788,314725,57287.0,5.493829315551522,262245,46.16
2026-01-08,BHEL,271.75,-10.476033602371935,15126711,4345588.0,3.480935376294301,5472149,30.9
2026-01-08,LICHSGFIN,525.75,-2.313266443701235,1385351,554062.0,2.5003537510242535,1303190,68.25
2026-01-08,APOLLOHOSP,7364.5,-1.1144679422625041,606562,279633.0,2.169135974652491,386843,77.92
2026-01-09,MANAPPURAM,285.85,-7.641357027463644,7337388,1090284.0,6.729795172633919,5852416,25.31
2026-01-09,GODREJPROP,1991.5,-4.94487136652188,773379,145682.0,5.308679177935503,708071,43.18
2026-01-09,IEX,138.36,-7.815310813511886,25895720,5662923.0,4.572853983711239,20731847,11.67
2026-01-09,IPCALAB,1575.0,2.0077720207253886,464888,171897.0,2.7044567386283647,435476,63.97
2026-01-12,CUB,263.05,-6.421202419067951,3875313,807197.0,4.800950697289509,3649636,60.48
2026-01-12,LICHSGFIN,518.75,-1.7332828187156615,1486458,458932.0,3.2389504327438488,1385351,45.09
2026-01-12,UBL,1517.2,-1.9136281355055542,65043,30825.0,2.11007299270073,45055,53.39
2026-01-13,TECHM,1614.8,1.8094697686148444,1339695,351319.0,3.813329196542174,1314415,52.06
2026-01-13,DRREDDY,1191.3,-1.9909502262443475,1161349,350038.0,3.3177797839091756,1069174,56.07
2026-01-13,LT,3887.4,-3.27444637969644,2223057,701479.0,3.169099859012173,1559697,44.65
2026-01-13,TCS,3268.0,0.8766514384491941,2928026,1179907.0,2.4815735477457124,2437494,51.87
2026-01-13,DLF,652.4,-1.09906768740999,4480923,1858606.0,2.4109052698635427,1871572,55.8
2026-01-13,ONGC,243.78,3.423698612702046,11619913,5444527.0,2.1342373726863695,7153661,51.58
2026-01-14,HINDPETRO,440.15,-1.9382867327615116,5480791,734254.0,7.464434650679465,5307340,67.69
2026-01-14,ICICIGI,1857.7,-1.4744099708300162,1182349,183885.0,6.429828425374555,916067,61.96
2026-01-14,INDIAMART,2114.5,-1.9521468978948304,312611,51544.0,6.064934812975322,123845,91.94
2026-01-14,POLYCAB,7323.5,-3.0641958967571146,1041428,235312.0,4.425732644319032,976243,62.89
2026-01-14,KOTAKBANK,421.0,-80.25883897589796,7414337,1795960.0,4.128341945254905,4185716,68.53
2026-01-14,LICHSGFIN,535.25,2.725266289223692,2087926,575497.0,3.628039763891037,1486458,57.88
2026-01-14,INDUSINDBK,944.5,3.7285157322497446,6899785,2606116.0,2.6475356430795864,5121053,59.69
2026-01-14,BALKRISIND,2426.5,1.2771818523310619,280818,122297.0,2.2961969631307393,156381,83.99
2026-01-14,PNB,128.68,3.3408287825249046,15772450,7390157.0,2.134251004410326,12681682,45.17
2026-01-14,UBL,1519.6,-0.9258051897248694,75596,36398.0,2.0769273036980054,65043,73.26
2026-01-16,LTTS,3917.1,-7.698289269051328,190206,18421.0,10.325498072851637,70832,41.65
2026-01-16,LTIM,6308.0,4.601608490174944,399623,84260.0,4.7427367671492995,285047,45.82
2026-01-16,MPHASIS,2886.5,3.5032989099254093,517770,133918.0,3.8663211816186025,446060,43.38
2026-01-16,HAL,4428.7,-0.732953781324244,813112,259640.0,3.131690032352488,622733,51.56
2026-01-16,BAJFINANCE,950.25,0.4545694804165077,7209383,2681329.0,2.688734951958525,7208477,67.31
2026-01-16,TVSMOTOR,3667.8,-0.6123997398655947,891023,332330.0,2.6811392290795295,883905,67.29
2026-01-16,OFSS,7959.5,5.689815429557828,106012,43932.0,2.4130929618501322,81585,27.78
2026-01-16,GAIL,164.24,-0.5630562450808129,15884138,7929353.0,2.003207323472672,8526652,77.3
2026-01-19,WIPRO,245.95,-8.03888577304169,33898415,4878874.0,6.947999681893814,7888142,51.49
2026-01-19,LAURUSLABS,1062.7,-1.3094353640415963,3095644,726090.0,4.263443925684144,1975071,74.64
2026-01-19,TECHM,1718.3,2.861418736905115,6019184,1709896.0,3.520204737598076,1709896,56.67
2026-01-19,MOTHERSON,112.33,-2.143043819148016,16269634,7484247.0,2.1738504889002193,12822697,59.62
2026-01-20,ABFRL,67.85,-5.619696758937274,42414520,3267914.0,12.979080844844754,7557591,45.99
2026-01-20,OBEROIRLTY,1523.8,-7.921928817451214,1935324,187312.0,10.33208763987358,434397,46.97
2026-01-20,BIOCON,366.85,-2.4464831804281313,6214580,1320658.0,4.7056694465940465,3194705,65.96
2026-01-20,LTIM,5976.5,-6.719213360387076,429998,156043.0,2.755637869048916,399623,28.84
2026-01-20,HAVELLS,1346.3,-6.96565544882869,1948605,808841.0,2.409132326378114,1249628,46.59
2026-01-20,ESCORTS,3506.2,-1.8695773859501872,110147,45970.0,2.396062649554057,99902,61.82
2026-01-20,PIIND,3153.2,-2.1049363551692077,127548,55643.0,2.292255989073199,105866,58.15
2026-01-20,SUNPHARMA,1613.8,-3.676733914289133,3599107,1677433.0,2.1456040271057026,2509566,71.71
2026-01-20,DALBHARAT,2191.4,1.5900978165129194,542472,270714.0,2.0038564684500986,444282,46.51
2026-01-21,DABUR,516.2,2.1975846367056073,2989074,259567.0,11.515616391914227,2383751,68.84
2026-01-21,MPHASIS,2798.9,-0.5966544731327815,891528,158209.0,5.635128216473146,517770,61.55
2026-01-21,LICHSGFIN,506.85,-3.0416068866570978,2537104,1007279.0,2.5187698740865243,2087926,69.18
2026-01-21,UBL,1450.1,-0.3093633988725423,108305,44037.0,2.459409133228876,75596,59.1
2026-01-21,TATACOMM,1617.8,-5.513374605770359,314474,130634.0,2.407290598159744,300578,31.61
2026-01-21,BRITANNIA,5802.5,-1.385112168592794,457802,198984.0,2.3006975435210872,387478,69.06
2026-01-21,EXIDEIND,325.95,-1.3767019667170988,1205807,528956.0,2.2795979249691847,772373,43.96
2026-01-21,GODREJPROP,1644.4,-2.9680769457721103,1328407,602396.0,2.205205545853558,918413,47.03
2026-01-21,TATACHEM,693.8,-5.082426978589519,453341,208569.0,2.1735780485115237,401233,45.86
2026-01-21,BALRAMCHIN,397.8,-3.1881236310537764,204784,95739.0,2.138982024044538,164204,49.49
2026-01-22,ALKEM,5758.5,1.8032352161230443,189699,28764.0,6.595014601585315,116301,76.82
2026-01-22,TATACOMM,1547.9,-4.32068240820867,1337606,314474.0,4.25347087517569,314474,65.71
2026-01-22,DRREDDY,1217.5,5.2108537849982675,2833777,859267.0,3.297900419776391,1817411,43.84
2026-01-22,SAIL,151.65,3.550699897575976,21183878,7499670.0,2.8246413508861057,17221178,46.2
2026-01-22,DLF,613.3,-0.7042823605601916,4594401,2275597.0,2.0189871053618016,4480923,61.95
2026-01-23,ADANIENT,1864.2,-10.649923312883438,1997358,264802.0,7.542835779185958,549089,26.66
2026-01-23,BANDHANBNK,149.33,4.822406289484771,26497165,5730505.0,4.623879570823164,6411926,40.11
2026-01-23,CHAMBLFERT,435.55,2.086018985116614,1231785,332996.0,3.6990984876695214,860344,55.24
2026-01-23,CIPLA,1315.0,-4.042615294804443,2905307,790351.0,3.6759705497936994,2276361,44.09
2026-01-23,PIDILITIND,1447.9,-0.33727973568281,733364,205058.0,3.5763735138351103,550287,60.46
2026-01-23,AMBUJACEM,518.6,-5.122575923893157,3665122,1107359.0,3.309786618431782,3355292,56.48
2026-01-23,ADANIPORTS,1308.4,-7.4812614905953865,2595240,806906.0,3.2162854161451273,2506442,40.68
2026-01-23,INDIGO,4704.5,-4.1658178855163985,1984770,815836.0,2.432805122598169,889267,54.11
2026-01-23,SYNGENE,543.8,-8.234897063786715,1107966,513926.0,2.1558862559979453,1093555,26.77
2026-01-27,UBL,1423.6,-1.2417620534165863,452906,40938.0,11.063217548487957,108305,85.77
2026-01-27,BRITANNIA,5886.0,0.8740359897172237,712117,71065.0,10.020643073242805,457802,68.18
2026-01-27,GODREJCP,1173.9,-5.361173814898419,2183885,347805.0,6.279050042408821,1070653,49.24
2026-01-27,KOTAKBANK,408.7,-3.3349101229895983,31897346,6841371.0,4.662420149411573,15998132,66.99
2026-01-27,RELIANCE,1380.5,-0.4040112545992287,16574037,5041469.0,3.2875411908711527,13827457,63.01
2026-01-27,M&M,3393.5,-4.2304001806174885,4241175,1347224.0,3.1480845056204463,1347224,59.4
2026-01-27,TCS,3158.0,-0.14229249011857706,2999663,1218491.0,2.4617851096150893,2937139,70.09
2026-01-27,GODREJPROP,1517.9,-1.5118089800155694,2741082,1194051.0,2.2956155139102097,1328407,54.74
2026-01-27,BAJFINANCE,914.7,-1.4172549442258962,10472675,4590105.0,2.2815763473820314,7209383,68.39
2026-01-27,ULTRACEMCO,12589.0,1.778640148758994,473208,218494.0,2.165771142457001,320583,51.08
2026-01-27,GRASIM,2856.2,3.523015585357007,783635,385234.0,2.034179226132688,590713,51.51
2026-01-28,BEL,453.0,8.90732059141724,31260285,8003427.0,3.905862451172479,24178271,43.43
2026-01-28,ONGC,268.58,8.320225851986287,32060227,8626396.0,3.7165262294937538,18603428,43.66
2026-01-28,EXIDEIND,321.15,-0.6496519721577797,1566613,548536.0,2.8559893972319044,1205807,62.98
2026-01-29,ABB,5474.0,8.535739070090214,697084,137472.0,5.070734404096834,314725,27.97
2026-01-29,RAIN,164.62,13.805737988247493,7456453,1757880.0,4.241730379775639,4370043,19.41
2026-01-29,BSOFT,409.9,1.8258601415973086,625242,243154.0,2.5713827450915883,602415,25.66
2026-01-29,ACC,1678.5,-0.3443567060499884,174645,68141.0,2.562994379301742,144655,59.31
2026-01-29,NMDC,84.6,3.778213935230616,35162032,14300299.0,2.4588319447026947,25206605,49.11
2026-01-29,TATASTEEL,202.32,4.369357750838276,28566276,12543541.0,2.2773693648388442,22323902,47.13
2026-01-30,AUROPHARMA,1207.7,4.962628193985759,3814828,276434.0,13.800140359000702,1096865,46.94
2026-01-30,BALKRISIND,2305.8,-2.4701801878013554,446323,58817.0,7.588333304996855,280818,73.65
2026-01-30,JUBLFOOD,497.05,1.771089271089278,2294091,581963.0,3.9419877208688523,1992919,71.77
2026-01-30,MARICO,729.8,-0.020549352695402555,2853221,733419.0,3.890301451148661,2512711,68.0
2026-01-30,NESTLEIND,1332.4,3.4552372078577522,1712558,544496.0,3.145216861097235,1425197,32.36
2026-01-30,RECLTD,364.1,-2.984279243272046,12349828,4061000.0,3.0410805220389068,9828531,58.57
2026-01-30,MRF,132165.0,0.9548180116869723,12566,4359.0,2.882771277816013,4359,66.64
2026-01-30,COLPAL,2114.2,0.07099919534245279,655650,232725.0,2.8172736061875603,614415,53.43
2026-01-30,HCLTECH,1695.6,-1.5102230483271375,3119486,1373855.0,2.2706078880231173,3108155,70.12
2026-02-02,LICHSGFIN,496.35,-2.2163120567375882,3519371,687432.0,5.1195914650467245,2537104,61.24
2026-02-02,GLENMARK,1920.4,-1.0103092783505108,755708,255737.0,2.955020196530029,470066,50.79
2026-02-02,INTELLECT,828.1,-6.429378531073445,322048,125811.0,2.5597761721948,144677,27.18
2026-02-02,PIDILITIND,1412.0,-0.8287680854052505,1062113,451767.0,2.351019441437732,733364,66.61
2026-02-02,BALRAMCHIN,420.1,-0.6503488234598557,217346,103501.0,2.0999410633713684,216113,65.28
2026-02-02,CANFINHOME,909.8,1.2858335652657895,328394,161384.0,2.034860952758638,227749,32.22
2026-02-03,AARTIIND,429.7,15.201072386058978,4908213,308766.0,15.896222381998017,415737,33.87
2026-02-03,BHARATFORG,1539.0,6.601094410196021,3034116,229569.0,13.216575408700653,1468773,52.71
2026-02-03,BALKRISIND,2571.9,12.123986398116656,1221145,105689.0,11.554135245862861,446323,52.63
2026-02-03,ESCORTS,3600.8,2.8418016165424267,329046,39254.0,8.382483313802416,110147,78.12
2026-02-03,GUJGASLTD,419.5,0.9505474672121258,591363,93165.0,6.347480276928031,304385,74.82
2026-02-03,DIXON,11031.0,6.693103781797078,753678,172339.0,4.3732295069601195,403900,47.56
2026-02-03,ATUL,6271.5,5.1735703504947175,35927,8458.0,4.247694490423268,18440,35.34
2026-02-03,ADANIPORTS,1530.8,9.101275746561189,5036834,1199008.0,4.200834356401292,2742030,42.05
2026-02-03,SUNPHARMA,1702.1,4.558019534369421,5781024,1633746.0,3.5385084339915753,4216696,67.85
2026-02-03,BATAINDIA,866.8,0.37635342481616585,98384,33676.0,2.921487112483668,54255,55.42
2026-02-03,GAIL,162.8,1.5025874431074413,22145019,10121212.0,2.1879809453650414,15884138,67.76
2026-02-03,INTELLECT,816.45,-1.406834923318437,646666,322048.0,2.0079801768680445,322048,43.95
2026-02-04,HAL,4217.1,-5.666159627773785,2480047,600404.0,4.130630375547131,943758,46.87
2026-02-04,INFY,1535.8,-7.258454106280196,15615829,4693760.0,3.326933844082356,10328756,54.17
2026-02-04,TCS,2999.1,-7.013301088270866,6586991,2537328.0,2.5960344898255174,2999663,60.7
2026-02-04,GRANULES,582.7,1.906260930395259,1080610,445612.0,2.425002019694263,756991,52.05
2026-02-04,ASTRAL,1501.4,-0.1396740937811712,472161,201004.0,2.3490129549660703,328850,63.96
2026-02-04,CROMPTON,244.06,4.8863294512011715,4006128,1760987.0,2.274933318644601,2649602,41.6
2026-02-04,IOC,172.78,3.1029955841985846,14121131,6675909.0,2.1152371909203675,9561650,50.14
2026-02-05,UBL,1483.8,-2.052940788170845,518009,19514.0,26.54550579071436,452906,93.39
2026-02-06,MRF,146455.0,8.509298362599097,13638,1822.0,7.485181119648738,12566,21.18
2026-02-06,NAUKRI,1130.4,-3.0531732418524795,2956176,847603.0,3.487689401760022,2161040,72.09
2026-02-06,OFSS,7264.0,-2.503187705523119,108953,47820.0,2.2783981597657883,106012,40.88
2026-02-09,SBIN,1146.0,7.464366091522871,21865606,3904344.0,5.600327737514932,10056175,53.52
2026-02-09,BERGEPAINT,467.15,-1.111346316680779,605493,109718.0,5.518629577644507,221735,80.85
2026-02-09,LICHSGFIN,523.65,1.0712217718587058,3613236,1358723.0,2.6592881698477173,3519371,74.3
2026-02-09,PAGEIND,34855.0,-1.982564679415073,30885,12465.0,2.477737665463297,27334,53.03
2026-02-09,TORNTPHARM,3997.2,1.477532368621473,349696,146485.0,2.387247841075878,321086,72.29
2026-02-10,SUNTV,614.35,7.799613967362704,912030,192488.0,4.738113544740451,285132,29.06
2026-02-10,BSOFT,465.5,4.559748427672958,1930800,416421.0,4.636653771063419,1189083,48.58
2026-02-10,BATAINDIA,918.55,3.884867676996144,255312,65432.0,3.901944002934344,98384,12.62
2026-02-10,VOLTAS,1475.6,-1.816488122962285,764991,231926.0,3.298427084501091,498670,54.02
2026-02-10,BERGEPAINT,458.65,-1.8195440436690573,1651690,605493.0,2.7278432616066577,605493,83.8
2026-02-10,COFORGE,1551.0,0.10972697347189347,2190735,876787.0,2.4985942994136545,2156062,69.77
2026-02-10,NAVINFLUOR,6338.0,-3.9405880569869653,453385,188627.0,2.4036060585176036,196529,25.82
2026-02-10,INDUSTOWER,459.15,0.6576783952647156,7857186,3472360.0,2.262779780898294,7031433,63.64
2026-02-10,IOC,178.21,1.1637148047229855,14483844,6886017.0,2.103370351830383,14121131,67.34
2026-02-10,BALRAMCHIN,467.0,2.9882015657735166,443232,215904.0,2.0529124055135615,217346,23.4
2026-02-11,BHEL,260.65,-5.595798623687085,47757045,1908300.0,25.025962898915264,6663647,56.03
2026-02-11,APOLLOHOSP,7507.0,3.9894722260700926,610323,131546.0,4.639616559986621,541948,40.78
2026-02-11,SYNGENE,455.1,0.5079505300353382,2135791,669959.0,3.187942844263604,1618617,69.02
2026-02-11,JUBLFOOD,547.0,-1.3436739110830633,2703412,912947.0,2.961192708886715,2294091,25.77
2026-02-11,EICHERMOT,7771.0,6.510416666666667,664327,245235.0,2.708940404102188,415612,29.06
2026-02-11,ASIANPAINT,2392.5,-0.045955882352937384,2421161,1008195.0,2.4014808643169228,2258518,76.19
2026-02-12,OFSS,6764.0,-6.283339106338761,146759,34417.0,4.264142720167359,108953,39.59
2026-02-12,IGL,169.61,-3.805580762250442,2617858,731276.0,3.579849468600091,1957546,49.1
2026-02-12,COFORGE,1421.5,-6.504867140226262,2547390,889986.0,2.862280979700804,2190735,48.03
2026-02-12,DIVISLAB,6185.0,-3.155092773819776,681664,292288.0,2.3321655353623822,368946,56.77
2026-02-13,ALKEM,5402.5,-7.972063708372371,190715,27026.0,7.056723155479908,189699,31.52
2026-02-13,MUTHOOTFIN,3586.1,-11.822272492561908,1881104,276888.0,6.7937360954609805,677093,28.95
2026-02-13,PIIND,3150.6,-2.2251187040312903,481262,169255.0,2.843413783935482,234483,36.26
2026-02-13,ZEEL,96.2,2.6461801109688476,11399076,4050877.0,2.813977318985494,5814909,36.27
2026-02-13,COFORGE,1361.8,-4.199788955328882,7095741,2547390.0,2.785494565025379,2547390,55.23
2026-02-13,BAJFINANCE,1024.75,2.5673105795215667,14067308,6143513.0,2.2897824095106496,10472675,65.08
2026-02-18,ICICIPRULI,648.85,1.589165492406447,3189204,190517.0,16.73973451188083,1366129,76.91
2026-02-18,PIDILITIND,1489.5,-0.4012036108324975,1774893,224505.0,7.905806106768224,1062113,88.0
2026-02-18,CUMMINSIND,4725.8,2.783940145286876,563825,276962.0,2.0357485864486824,489785,49.17
2026-02-19,INDIACEM,418.45,-2.7312877731287775,246679,69087.0,3.5705559656664785,162810,18.39
2026-02-20,ABB,5987.0,4.676982253693505,922829,45793.0,20.152184831742844,697084,22.87
2026-02-23,IDFCFIRSTB,70.04,-16.129804813794753,202056656,4644993.0,43.499883853430994,29410480,32.51
2026-02-23,UPL,644.8,-14.295208347178848,6626387,980966.0,6.754960926270635,4054637,29.67
2026-02-23,AUBANK,974.1,-5.3950371485456285,6012770,967697.0,6.2134841794487325,2806608,44.59
2026-02-24,LTTS,3148.6,-8.45496307495494,230390,26105.0,8.825512353955181,103766,43.07
2026-02-24,M&MFIN,364.65,-4.089952656496584,2128005,352728.0,6.0329914268218,1944534,62.09
2026-02-24,PETRONET,307.95,0.4894762604013706,2598111,570609.0,4.553224712543966,2397910,54.78
2026-02-24,HCLTECH,1339.2,-6.100126209507783,5583981,1579000.0,3.5364034198860037,3634405,55.81
2026-02-24,PERSISTENT,4662.0,-6.338523355097942,1139457,338326.0,3.3679262013560884,1037733,41.11
2026-02-24,TECHM,1345.4,-6.627802068151849,4315628,1594834.0,2.7060045120683407,3395492,58.0
2026-02-24,LTIM,4501.0,-6.840525716651144,352768,130901.0,2.694922116714158,324701,39.92
2026-02-24,SAIL,160.18,2.2338524380903753,18793589,7197343.0,2.611184293981821,18289069,39.86
2026-02-25,MANAPPURAM,296.6,-2.8496560759908247,5465271,498977.0,10.952951739258523,3050531,60.02
2026-02-25,DABUR,518.65,0.11581893639610516,2160284,922114.0,2.342751546988767,1743640,71.63
2026-02-26,IPCALAB,1522.8,-0.11151197113808105,590911,50980.0,11.591035700274617,219730,81.2
2026-02-26,CHOLAFIN,1748.1,-0.364776289541185,3781252,420500.0,8.992275862068965,1642173,40.3
2026-02-26,INDUSINDBK,964.6,2.9071318077559076,5443370,615274.0,8.84706651020521,4595002,60.65
2026-02-27,ABCAPITAL,344.45,-3.285132668819315,70504037,2892358.0,24.375971784958846,11142723,68.25
2026-02-27,IRCTC,569.55,-4.269266324901267,22525097,1781565.0,12.643432599989335,2545177,69.92
2026-02-27,JUBLFOOD,519.9,0.7265329845975008,6390485,540157.0,11.830791788313398,2703412,71.42
2026-02-27,DALBHARAT,1993.0,-3.304060938333895,551605,54986.0,10.031735350816572,357624,71.08
2026-02-27,TATACOMM,1597.5,-3.782448955008128,584418,62737.0,9.315364139184213,358126,59.97
2026-02-27,SBICARD,774.4,-0.12896569512509673,2831948,309718.0,9.143633886309482,2550856,60.89
2026-02-27,AUBANK,958.35,-1.4752750077104988,15558649,2119140.0,7.341963721132157,6012770,68.16
2026-02-27,HCLTECH,1389.1,1.1357844921732732,6447547,1015695.0,6.3479164512968955,5583981,74.53
2026-02-27,PAGEIND,32110.0,-0.449542706557123,52094,8746.0,5.956322890464212,30885,66.45
2026-02-27,INDIACEM,406.0,-4.470588235294118,250825,65372.0,3.8368873523832834,246679,47.18
2026-02-27,INDHOTEL,667.05,-2.041265878552036,3721248,972507.0,3.8264485499847303,3212722,74.9
2026-02-27,COROMANDEL,2220.0,-4.745559083497808,497875,140495.0,3.543720417096694,258375,56.78
2026-02-27,TVSMOTOR,3869.7,-2.1369682868848314,1081571,306500.0,3.528779771615008,698041,76.77
2026-02-27,BOSCHLTD,36425.0,-0.8573761567773545,17656,5191.0,3.4012714313234444,15952,54.63
2026-02-27,DRREDDY,1286.3,-2.5013264610020465,2378916,798237.0,2.980212643613363,1329956,67.77
2026-02-27,PETRONET,323.4,2.0189274447949455,5133968,2068720.0,2.481712363200433,2598111,61.19
2026-02-27,HINDUNILVR,2338.1,-1.8965300213989118,2231242,961598.0,2.320348004051589,1489677,73.08
2026-02-27,LALPATHLAB,1399.9,-0.4267728856959955,417262,184366.0,2.2632264083399325,202272,70.57
2026-03-02,ONGC,282.2,0.893814801573114,25018065,10236545.0,2.443995019804045,16339900,38.0
2026-03-02,LT,4066.7,-4.945889722553359,3528625,1664003.0,2.1205640855214805,2434445,53.94
2026-03-04,GUJGASLTD,417.6,4.911443286019347,632567,75892.0,8.335094608127338,340882,21.23
2026-03-04,BALRAMCHIN,491.7,7.299509001636658,728080,114836.0,6.340172071475844,443232,10.65
2026-03-04,DLF,569.05,-3.5835310064385104,10458673,1974510.0,5.296844786807866,2363718,70.18
2026-03-04,NATIONALUM,373.5,2.935097147581639,11728946,3060719.0,3.832088473329306,6447672,44.46
2026-03-04,PETRONET,280.0,-9.282358658674868,7806814,2184628.0,3.57352098389291,5133968,37.31
2026-03-04,ZYDUSLIFE,896.9,-1.1026574043444701,850523,246875.0,3.4451564556962024,756641,66.58
2026-03-04,LUPIN,2304.9,-0.2682705205313408,901251,272806.0,3.3036333511726284,740525,67.08
2026-03-04,BOSCHLTD,33390.0,-5.597964376590331,24524,7672.0,3.1965589155370178,17656,48.38
2026-03-04,COALINDIA,435.15,2.0879765395894374,7728254,3192591.0,2.4206840149583835,6355017,40.84
2026-03-04,POWERGRID,291.95,-1.634097035040439,19727198,8409330.0,2.345870360658935,17854899,69.97
2026-03-04,ASHOKLEY,200.46,-4.090713362996977,13787735,6271789.0,2.1983735422221633,13516837,47.99
2026-03-04,ABBOTINDIA,27825.0,3.8052602126468944,12251,5606.0,2.185337138779879,7754,48.35
2026-03-04,BHARTIARTL,1905.9,1.7456758488148645,13963593,6750150.0,2.068634474789449,10514471,67.9
2026-03-04,RELIANCE,1345.0,-0.9572901325478645,20714128,10106057.0,2.049674566450595,10106057,63.75
2026-03-05,METROPOLIS,1794.0,-2.8326924118507257,73145,9100.0,8.037912087912089,43650,76.45
2026-03-05,APOLLOTYRE,444.35,3.025736146533738,1252852,498039.0,2.51557006579806,852734,61.9
2026-03-05,SBILIFE,1945.0,0.7458821091888579,1288568,577787.0,2.2301782490779476,1051460,65.91
2026-03-06,INDIAMART,2120.6,2.1286842612213355,373560,56754.0,6.582091130140607,111672,74.11
2026-03-06,UBL,1758.2,6.551118114053703,249696,40147.0,6.219543178817845,185639,28.83
2026-03-06,ADANIENT,2039.9,-2.3597549301167784,920880,266293.0,3.458145726699538,851907,54.3
2026-03-06,ACC,1501.2,-1.4702021527960007,155349,58741.0,2.644643434738939,115670,59.89
2026-03-06,AXISBANK,1315.8,-2.4683122081387556,9172821,3791757.0,2.4191479042565227,5952513,78.87
2026-03-06,SHRIRAMFIN,1007.5,-3.0784030784030785,5584082,2722739.0,2.050906091255901,5218410,68.37
2026-03-09,RAIN,115.96,-12.766117505454009,3797108,852201.0,4.455648374033825,3380665,36.55
2026-03-09,BPCL,331.15,-6.123316796598164,19299354,5166461.0,3.735507536009659,7650695,55.53
2026-03-09,AMBUJACEM,451.95,-3.1708623460096437,2320057,657852.0,3.526715735454175,1828333,54.95
2026-03-09,HINDPETRO,384.55,-5.037658970243235,11114337,3684646.0,3.0163920767422434,5691301,44.75
2026-03-09,GNFC,409.35,-5.089265012752142,171174,56991.0,3.003526872664105,156415,40.74
2026-03-09,PVRINOX,1018.0,-0.517932180201305,404034,151670.0,2.663901892266104,250196,69.46
2026-03-09,INDIGO,4236.7,-3.8010036102722586,1899033,856372.0,2.2175328011658486,1593968,44.45
2026-03-09,ULTRACEMCO,11378.0,-5.080503879202469,357750,163232.0,2.191665849833366,241762,60.56
2026-03-10,COROMANDEL,2073.1,3.686105831749516,817972,129434.0,6.319606903904693,497875,63.98
2026-03-10,GLENMARK,2225.8,5.1095579901775725,474724,116504.0,4.0747442147909085,360788,30.53
2026-03-10,HDFCAMC,2534.7,2.9905326886351595,975577,314945.0,3.097610693930686,763573,62.1
2026-03-10,DIXON,10908.0,11.260709914320685,391799,136105.0,2.878652510929062,352892,19.29
2026-03-10,SHREECEM,23960.0,1.5684612123781263,44069,19073.0,2.3105437005190583,28038,63.03
2026-03-11,GUJGASLTD,391.0,4.224976675996275,780830,79094.0,9.872177409158722,632567,9.57
2026-03-11,ASTRAL,1746.3,5.154452941530674,1018139,407778.0,2.496797276949713,640409,35.33
2026-03-11,ASHOKLEY,184.66,-4.598057449886343,17526088,7584921.0,2.3106487200064443,14518573,61.93
2026-03-12,GODREJCP,1052.3,-3.5825545171339686,4269193,235843.0,18.101843175332743,1594566,70.71
2026-03-12,AMBUJACEM,446.45,-2.4792485801660162,3877353,787376.0,4.924398254455305,2320057,69.81
2026-03-12,MGL,1050.2,0.08577146669208911,1061105,224813.0,4.719945020972986,274985,55.18
2026-03-12,BRITANNIA,5787.0,-2.271383939880098,657435,194685.0,3.376916557515987,294024,65.96
2026-03-12,CONCOR,467.15,-0.7014560527154876,2406485,869331.0,2.768203365576518,1359065,60.43
2026-03-12,TATAPOWER,402.15,4.251458198314965,7792220,2887453.0,2.6986482550538486,3655591,31.16
2026-03-12,LICHSGFIN,498.5,-1.3652552433715823,1616116,657606.0,2.457574900472319,1392216,63.6
2026-03-12,NTPC,390.55,2.803369307712565,14052172,6178174.0,2.274486280250443,12483195,58.93
2026-03-12,TVSMOTOR,3422.6,-4.948900244390143,1385307,657954.0,2.1054769786337646,1081571,53.51
2026-03-12,EICHERMOT,6975.5,-3.8326325222306474,744226,355879.0,2.091233256247208,480361,59.07
2026-03-13,SYNGENE,420.85,4.145013610492452,2653252,227150.0,11.680616332819723,1385273,27.11
2026-03-13,METROPOLIS,1808.6,-0.8388617797028446,143412,15092.0,9.502517890272992,73145,93.38
2026-03-13,LT,3439.0,-7.541336201102299,7112796,2320855.0,3.064730885815788,4031671,65.99
2026-03-13,MARUTI,12591.0,-3.2280378141572514,623872,305539.0,2.0418735415118854,414417,66.4
2026-03-16,IOC,148.96,-4.842212852944924,16157035,4633719.0,3.4868396206157515,15412230,45.27
2026-03-17,GNFC,412.4,-1.2688532439549944,232016,99543.0,2.33081180997157,171174,62.17
2026-03-18,BATAINDIA,673.1,0.2756052141527036,247323,104070.0,2.3765061977515134,238971,52.31
2026-03-18,TATACHEM,650.45,-0.8611492150586766,447646,212278.0,2.108772458756913,326636,60.04
2026-03-19,HDFCBANK,798.2,-5.319969159599065,99628149,13548006.0,7.353713085158067,29796626,58.05
2026-03-19,SUNTV,599.35,0.16712626389237067,795336,148674.0,5.349529843819363,374464,67.24
2026-03-19,ESCORTS,2887.2,-6.5872913161641105,118209,44853.0,2.635475887900475,73488,52.32
2026-03-20,WHIRLPOOL,836.35,3.0368362695577154,717331,77219.0,9.28956603944625,276562,59.72
2026-03-20,BIOCON,380.95,3.364536697870025,8256387,982130.0,8.406613177481596,2684940,67.71
2026-03-20,ALKEM,5257.5,0.33396946564885494,217535,27130.0,8.01824548470328,140076,66.81
2026-03-20,PIIND,2909.5,0.6433982496800272,283397,38606.0,7.340750142464902,233785,54.57
2026-03-20,BHEL,262.05,4.091360476663361,8387258,1248601.0,6.717324429501498,7464735,44.01
2026-03-20,RAMCOCEM,925.2,-2.1987315010570776,232020,41141.0,5.639629566612382,215784,60.13
2026-03-20,ZEEL,72.78,-1.5688395996754079,14690476,2849534.0,5.15539593491427,6120474,55.47
2026-03-20,ITC,299.95,0.6543624161073788,43890464,9005508.0,4.87373549609861,25693161,74.8
2026-03-20,NATIONALUM,368.5,-2.2546419098143233,16391243,3732555.0,4.39142705197914,11728946,47.84
2026-03-20,COALINDIA,468.15,3.0713342140026394,14059686,3216004.0,4.371787472901153,12073134,58.88
2026-03-20,HEROMOTOCO,5275.5,1.9913001449975833,651290,160979.0,4.045807217090428,362996,62.44
2026-03-20,DRREDDY,1298.9,1.914476265202047,2404233,622792.0,3.8604108594843862,2378916,71.56
2026-03-20,TATAPOWER,402.4,0.9786700125470458,9108857,2502280.0,3.64022291669997,7792220,36.21
2026-03-20,JKCEMENT,5000.0,-0.01999600079984003,146172,40779.0,3.584492017950416,84609,75.04
2026-03-20,ABFRL,59.98,5.50571679859278,4959695,1496317.0,3.3146017855842045,4828430,15.13
2026-03-20,ESCORTS,3059.4,5.964256026600176,382698,118209.0,3.237469228231353,118209,46.1
2026-03-20,VEDL,672.2,1.0295333283234422,16475019,5350836.0,3.078961680006638,9215200,63.38
2026-03-20,SBILIFE,1896.9,-0.32578424675528445,1314697,448749.0,2.9296934366427556,1288568,73.76
2026-03-20,NMDC,79.78,2.3607903515524806,16932521,6130170.0,2.7621617345032847,16361895,42.99
2026-03-20,ADANIPORTS,1365.4,0.693215339233045,2860627,1046911.0,2.7324452603898517,2638552,67.89
2026-03-20,IOC,144.6,1.3101660477825299,20317063,7705331.0,2.636754086229391,16157035,58.66
2026-03-20,BAJAJFINSV,1710.3,-0.268237214997967,1680393,669474.0,2.510019806594431,1468231,63.98
2026-03-20,SHRIRAMFIN,938.6,-1.1791956201305467,16283901,6961313.0,2.339199659604445,7179329,57.04
2026-03-23,SUNTV,599.1,1.037186946622814,2943893,222713.0,13.218325827410165,795336,66.83
2026-03-23,ICICIGI,1722.2,-3.094755795633581,831722,222955.0,3.730447848220493,817552,60.73
2026-03-23,LICHSGFIN,460.7,-5.235009770646918,2061085,588869.0,3.500073870419397,1616116,52.26
2026-03-23,VOLTAS,1251.2,-5.534163835409585,797300,258824.0,3.0804716718696876,753163,40.23
2026-03-23,DEEPAKNTR,1317.5,-5.236279939581382,108247,51535.0,2.1004560007761715,90903,55.26
2026-03-23,DABUR,417.35,-3.0996052937079095,2206937,1091678.0,2.021600691779078,2160284,65.25
2026-03-24,UBL,1583.9,1.668913280698376,1721708,50156.0,34.32705957412872,249696,94.67
2026-03-24,ADANIENT,1817.9,-0.8237861429350741,7036035,829445.0,8.482822851424748,920880,62.76
2026-03-24,ATUL,6118.0,0.25399426464563707,94582,19899.0,4.753103171013619,54107,82.23
2026-03-24,IGL,149.89,1.290714961481279,2897836,823543.0,3.518742797886692,2119952,59.96
2026-03-25,METROPOLIS,438.8,-0.9480812641083495,479369,124398.0,3.853510506599785,143412,53.59
2026-03-25,KOTAKBANK,371.1,1.158511653264277,25914889,12065485.0,2.1478530701418137,22674213,61.06
2026-03-25,TCS,2377.4,-0.8921127230281845,3697949,1773798.0,2.084763315777783,3300124,63.28
2026-03-25,GRANULES,629.05,3.743712377339809,1278788,624144.0,2.048866928144787,1048906,42.81
2026-03-25,BALRAMCHIN,508.5,6.61494915609603,798586,394356.0,2.0250382902757913,728080,42.02
2026-03-27,ICICIGI,1747.0,-1.3161611026379685,4168742,318671.0,13.081648471307398,831722,81.56
2026-03-27,CUMMINSIND,4631.5,-2.2601612290550026,3178026,347703.0,9.140059188445312,846315,78.66
2026-03-27,MUTHOOTFIN,3270.6,-1.4938859104873172,2913500,376394.0,7.740559094990887,1262069,64.61
2026-03-27,NAUKRI,991.4,-0.6613226452905834,7784477,1013159.0,7.683371514244063,2040268,75.07
2026-03-27,HDFCAMC,2313.9,-3.0339856681892505,4080550,552993.0,7.379026497622935,1323917,76.87
2026-03-27,LAURUSLABS,1008.8,-1.4362481680508106,4397175,635097.0,6.923627414394966,1549010,67.47
2026-03-27,HAVELLS,1231.6,-2.901292967518147,4460462,755786.0,5.9017526125120074,1136697,78.85
2026-03-27,MCX,2398.2,-2.7138858464159705,4751507,1369309.0,3.4700034835088354,3196823,60.6
2026-03-27,OFSS,6947.0,5.273526291862404,195865,62486.0,3.1345421374387863,108316,19.97
2026-03-27,TORNTPHARM,4265.6,-0.742292030250137,384979,123352.0,3.1209789869641353,312886,68.15
2026-03-27,IGL,148.33,-0.449664429530193,7447875,2540495.0,2.9316629239577328,2897836,60.72
2026-03-27,IDFCFIRSTB,61.87,-2.1663504111322016,33655410,11998500.0,2.804968121015127,27908401,58.88
2026-03-27,INDHOTEL,590.9,-4.276688806091038,4911081,1757112.0,2.794973228798164,3721248,65.84
2026-03-27,CANBK,130.45,-4.453233721526414,23973094,8893797.0,2.6954847294130952,18771882,54.18
2026-03-27,DIVISLAB,5997.5,-0.2826502618671544,368324,143894.0,2.5596897716374554,343056,68.13
2026-03-27,AMBUJACEM,408.85,-3.0701754385964883,4561713,1787976.0,2.551327870172754,4089911,74.61
2026-03-27,PNB,105.13,-4.488053057145451,18807557,7786202.0,2.4154982108093264,11465790,52.74
2026-03-27,ABFRL,57.05,-3.05862361937129,5120915,2189287.0,2.339078887327244,4959695,53.33
2026-03-27,BHARTIARTL,1843.9,0.4904899449561284,17895014,7740539.0,2.3118563190496166,13963593,73.07
2026-03-27,HINDCOPPER,493.45,2.6844240973884044,6623251,2925617.0,2.2638817726312093,5132554,37.9
2026-03-27,NESTLEIND,1193.2,-0.9052404285358245,1342146,633734.0,2.1178380834861312,1036352,66.94
2026-03-27,ACC,1314.4,-3.9111046129103,274170,135100.0,2.029385640266469,220562,57.07
2026-03-27,FEDERALBNK,269.3,-0.6089684443624201,10794550,5390995.0,2.0023298111016614,8816280,65.89
2026-03-30,ABBOTINDIA,25915.0,-0.8417830495504113,18028,4521.0,3.9876133598761334,12251,76.59
2026-03-30,ASHOKLEY,154.13,-5.493899074130852,31258175,11269736.0,2.773638619396231,25445583,60.69
2026-03-30,BALKRISIND,2083.0,-3.1388049290862594,144534,63316.0,2.282740539516078,140806,42.98
2026-03-30,CROMPTON,223.6,-3.7451571244081,2329201,1138863.0,2.0451985884166928,2226795,52.7
2026-04-01,VOLTAS,1249.7,-1.8148962916404707,1418084,697997.0,2.031647700491549,797300,50.45
2026-04-02,TATACHEM,651.9,7.441285537700862,613532,211330.0,2.903194056688591,457963,5.75
2026-04-02,TORNTPHARM,3987.2,-3.0185099603531818,466905,221865.0,2.1044554120749104,384979,57.63
2026-04-02,TATACONSUM,1042.0,1.7776909552647047,1554486,752543.0,2.0656440894407364,1410438,60.11
2026-04-06,ABFRL,58.94,2.2199098161637205,6317704,1193068.0,5.295342763363027,5120915,57.21
2026-04-06,JINDALSTEL,1134.0,-0.3427366200896468,2633554,633426.0,4.157634830272202,1107123,55.84
2026-04-06,M&MFIN,281.25,-1.367701209889524,3069239,868808.0,3.532701126140643,1481286,48.94
2026-04-06,TRENT,3833.6,7.970483861882499,1505964,457064.0,3.2948646141459403,948792,30.87
2026-04-06,CUB,249.91,3.917002785978622,3235427,1094790.0,2.9552946227130317,2979365,57.12
2026-04-06,CHOLAFIN,1393.2,2.720637027206377,2705953,1185634.0,2.2822835714900216,2125076,71.6
2026-04-07,JUBLFOOD,413.15,-10.399045760138808,5793816,1038403.0,5.579544743225896,2490334,21.68
2026-04-07,SHREECEM,23350.0,-1.4560033762397129,44955,14277.0,3.1487707501575963,44069,77.72
2026-04-07,BAJAJFINSV,1684.4,0.7235543861747377,2010238,689434.0,2.9157801907071597,1680393,70.27
2026-04-08,RAMCOCEM,993.25,5.150328181240734,279330,41437.0,6.741076815406521,253667,64.85
2026-04-08,BALKRISIND,2222.7,4.479646516875046,232536,38772.0,5.997523986381925,144534,71.84
2026-04-08,INDIGO,4615.5,8.121720389805093,2072085,441576.0,4.692476493287678,1899033,37.41
2026-04-08,ZEEL,78.79,7.095283403561253,15166413,3248812.0,4.668295056777677,14690476,42.22
2026-04-08,PIDILITIND,1355.0,4.62512547293646,934492,221611.0,4.216812342347628,853023,50.35
2026-04-08,BANDHANBNK,164.75,10.474083014819287,10097234,2428702.0,4.157461063563995,8451391,38.27
2026-04-08,PFC,417.65,2.5159548355424644,8960027,2510388.0,3.569180142671173,6121367,61.18
2026-04-08,EXIDEIND,314.15,5.6854499579478475,1146786,329447.0,3.4809423063497316,1086497,40.57
2026-04-08,AUROPHARMA,1335.7,0.428571428571432,1832579,640277.0,2.8621659063186713,1336634,56.28
2026-04-08,TITAN,4492.5,6.19061126081406,2120914,749288.0,2.8305724901506495,1018830,55.31
2026-04-08,DLF,572.85,7.255195656244148,8305872,3418128.0,2.4299476204518964,4341708,56.42
2026-04-08,MRF,133050.0,4.619618635738156,5916,2616.0,2.261467889908257,5591,43.87
2026-04-08,SUNPHARMA,1714.6,-0.19790454016298548,3219144,1470224.0,2.189560230277835,2499751,66.24
2026-04-08,LALPATHLAB,1378.6,1.129694835680741,365053,182414.0,2.001233457958271,306699,74.1
2026-04-09,SHREECEM,23990.0,-1.5188834154351396,56698,13665.0,4.1491401390413465,44955,54.9
2026-04-09,BOSCHLTD,36770.0,2.3236399053847223,70938,35327.0,2.0080391768335835,35327,27.01
2026-04-10,ABFRL,60.33,3.251754235837752,6809470,2152429.0,3.1636211926154125,6317704,52.44
2026-04-10,WIPRO,204.88,0.9907822743628879,19312043,7135961.0,2.7062988432812345,16533301,37.7
2026-04-10,BAJAJ-AUTO,9813.5,3.115477566460019,374659,156836.0,2.388858425361524,274744,50.7
2026-04-10,PAGEIND,36055.0,0.29207232267037553,24026,10472.0,2.2943086325439266,22607,51.8
2026-04-10,TCS,2524.3,-2.499034376207023,4380270,2013800.0,2.175126626278677,3697949,41.8
2026-04-10,MRF,136705.0,2.0034323235338007,7061,3496.0,2.0197368421052633,5916,53.5
2026-04-13,BHEL,287.77,1.0747778441220899,24077923,6486381.0,3.712073496761908,9766766,57.12
2026-04-13,TATACHEM,717.6,4.015074648499789,1846793,558916.0,3.3042407088006067,613532,13.03
2026-04-13,AARTIIND,424.3,0.12979351032448647,1339907,467025.0,2.86902628338954,712163,57.95
2026-04-13,EICHERMOT,7050.0,-5.037715517241379,658983,288852.0,2.2813863154833616,627212,52.85
2026-04-15,ICICIPRULI,561.25,2.6989935956084175,4051819,451968.0,8.964836006088927,1400677,43.98
2026-04-15,SIEMENS,3576.1,6.956781815462835,785981,97073.0,8.096803436588958,232772,36.82
2026-04-15,DABUR,433.25,2.0011771630370805,2333086,470048.0,4.96350585472122,2206937,57.19
2026-04-15,PAGEIND,36530.0,1.896792189679219,32261,10455.0,3.0857006217120997,24026,51.33
2026-04-16,CROMPTON,260.97,5.2510586811857385,3447275,1618951.0,2.1293263353863088,2329201,38.35
2026-04-16,ADANIPORTS,1549.8,2.5135599947082947,4644137,2267872.0,2.0477950254688095,2860627,62.12
2026-04-16,LTTS,3448.2,0.5100999795960008,153133,76539.0,2.000718587909432,93750,51.35
2026-04-17,BALKRISIND,2329.8,-0.5379098360655699,650214,32105.0,20.252733219124746,232536,89.1
2026-04-17,RAMCOCEM,1011.05,0.9132647968859144,437753,58942.0,7.426843337518238,279330,81.14
2026-04-17,PAGEIND,37975.0,2.690643591130341,41622,6389.0,6.514634528095163,32261,63.84
2026-04-17,COLPAL,2106.0,6.503489430565384,655019,159787.0,4.0993259777078235,420392,31.18
2026-04-17,ACC,1432.2,-0.734682561685605,343802,95501.0,3.5999832462487302,274170,69.05
2026-04-17,TATACOMM,1521.1,-2.5810170359933506,423824,118725.0,3.5697957464729417,392038,73.47
2026-04-17,HINDUNILVR,2240.8,4.754335935673894,2836702,1044651.0,2.7154542521856584,2303116,58.1
2026-04-17,WIPRO,204.32,-2.8250737182535897,38887187,17167778.0,2.2651263896818796,19312043,48.28
2026-04-20,IEX,124.99,-7.967012738384513,15332924,2384378.0,6.430576024439078,6151949,40.66
2026-04-20,GRANULES,664.45,1.334451730974531,1877235,532875.0,3.5228430682617873,1278788,41.54
2026-04-20,JSWSTEEL,1274.5,2.75739740385391,2974364,864124.0,3.4420569270151042,1815699,64.57
2026-04-20,ZEEL,87.6,8.094768015794655,17690689,7218405.0,2.450775344414729,15166413,24.7
2026-04-20,BRITANNIA,5700.0,-0.6189521401795832,398186,184613.0,2.1568686928872833,366736,65.18
2026-04-21,LALPATHLAB,1437.0,1.2970534329620818,810575,150112.0,5.399801481560435,365053,88.61
2026-04-21,IGL,167.2,0.4868081014484058,11142665,2247206.0,4.958452852119477,7447875,91.32
2026-04-21,NESTLEIND,1379.9,7.268345771144278,2703254,546694.0,4.944729592788653,1342146,28.2
2026-04-21,SBILIFE,1911.6,-3.5762925598991218,2677688,649623.0,4.121910708210763,1268952,51.96
2026-04-21,VEDL,766.8,-0.5447470817120681,14437465,5450071.0,2.649041636338316,10694050,47.24
2026-04-22,HCLTECH,1285.3,-10.817374410213716,14960919,1754233.0,8.528467427074967,6072450,45.25
2026-04-22,TATACONSUM,1178.6,3.2049036777583106,2525446,535933.0,4.7122420153265425,1554486,58.95
2026-04-22,COFORGE,1235.8,-4.409034653465347,3012827,650778.0,4.629577213734945,2349597,47.9
2026-04-22,ABBOTINDIA,25420.0,0.1378766988378964,37132,8117.0,4.574596525810028,18028,87.27
2026-04-22,ABB,7587.0,4.576154376292212,453344,114426.0,3.9618967717127225,389451,26.22
2026-04-22,EXIDEIND,354.55,6.439507655358748,2179049,605594.0,3.598201105030763,1294490,13.88
2026-04-22,TECHM,1462.6,-2.5453091684435,4038798,1226847.0,3.2920144076645252,2231289,34.61
2026-04-22,INFY,1268.6,-3.3962838866890146,10962883,4226621.0,2.5937700588720873,10137268,54.57
2026-04-22,BALRAMCHIN,541.55,6.426255281517133,819825,320303.0,2.5595295704379915,798586,34.22
2026-04-23,DELTACORP,81.6,19.999999999999993,9956330,2325244.0,4.28184310979837,2393375,16.51
2026-04-23,AUBANK,1056.25,1.2509585889570507,3778764,908075.0,4.161290642292762,2481869,66.34
2026-04-23,DRREDDY,1331.0,9.367296631059983,3469281,959404.0,3.6160793576011776,2113000,21.14
2026-04-23,TATACOMM,1580.7,3.652459016393446,1049830,313152.0,3.352461424483957,423824,35.84
2026-04-23,PVRINOX,1005.0,1.4843986670705893,443857,133647.0,3.32111457795536,385165,66.5
2026-04-23,TVSMOTOR,3513.0,-4.034747452672981,1194985,380896.0,3.137299945391918,863534,53.1
2026-04-23,OFSS,8791.5,8.183104657601675,403140,136422.0,2.9550952192461626,195865,15.23
2026-04-23,ZEEL,91.19,4.1219456496917095,18209998,6208208.0,2.9332132557414314,17690689,34.85
2026-04-23,INTELLECT,701.15,0.7833836423745769,416895,186060.0,2.2406481780070946,364893,49.15
2026-04-24,ASTRAL,1563.2,-0.7429043113848527,1578270,149388.0,10.564904811631456,865809,66.03
2026-04-24,GODREJCP,1089.9,-4.641497878297384,2564995,502052.0,5.10902257136711,2118651,67.11
2026-04-24,NAVINFLUOR,6452.0,2.730674309370273,235934,52225.0,4.5176448061273335,158740,50.52
2026-04-24,PIIND,3081.2,0.3778994005733617,263043,58410.0,4.503389830508475,248684,49.79
2026-04-24,RBLBANK,321.4,2.8644583133301293,4208175,1216335.0,3.459717100963139,4156206,33.77
2026-04-24,SUNPHARMA,1620.4,-3.553359919052427,6116261,1845288.0,3.314529222538704,3944513,63.67
2026-04-24,INFY,1154.6,-6.932129614702563,24267713,7821073.0,3.102862356610148,10962883,57.67
2026-04-24,PVRINOX,1004.15,-0.08457711442786296,1157887,443857.0,2.6086937910182786,443857,85.99
2026-04-27,INDIACEM,435.1,6.720627912680902,1746043,90025.0,19.395090252707583,156471,5.89
2026-04-27,INDUSINDBK,900.15,6.15602335043339,5356619,500658.0,10.699157908192818,3475584,47.6
2026-04-27,BATAINDIA,731.15,-0.8475725522104692,279224,35967.0,7.763338615953513,160977,70.49
2026-04-27,ABBOTINDIA,25425.0,0.9729944400317712,39576,5130.0,7.714619883040935,37132,78.51
2026-04-27,M&MFIN,317.7,7.9144021739130475,4186895,811917.0,5.156801742049987,3729304,13.56
2026-04-27,SAIL,184.2,3.2164070379916962,22657903,7167748.0,3.1610909033074264,18574642,49.14
2026-04-27,TATAPOWER,453.2,4.1839080459770095,6988113,2802395.0,2.493621705719572,6938777,42.61
2026-04-27,SUNPHARMA,1733.5,6.979758084423593,13589516,6116261.0,2.2218665946400913,6116261,50.34
2026-04-27,GAIL,165.74,0.07849767526115298,12075732,5460957.0,2.211284945111269,11060003,66.6
2026-04-28,TATACHEM,802.15,11.054963311643364,3007590,355791.0,8.453249239019536,1846793,11.95
2026-04-28,ONGC,301.3,5.386498775795745,26753437,3695722.0,7.2390285308256415,18030219,51.87
2026-04-28,SBICARD,647.45,-3.466527508573132,2685348,526672.0,5.098710392806149,1688883,46.19
2026-04-28,CROMPTON,269.63,4.233029225297661,4960117,1101111.0,4.504647578672813,3447275,43.35
2026-04-28,NESTLEIND,1440.0,1.6016369152614156,2908009,1037402.0,2.8031650218526667,2703254,72.55
2026-04-28,DALBHARAT,1918.8,-2.732295838191316,301276,138006.0,2.1830645044418358,294316,32.61
2026-04-28,INTELLECT,753.95,6.392436322585207,526118,246050.0,2.1382564519406624,416895,18.96
2026-04-29,BANDHANBNK,198.3,10.999160369437451,23023000,3500718.0,6.576650847054804,10097234,18.01
2026-04-29,M&MFIN,320.2,2.414840876379342,5754527,1620134.0,3.5518833627341935,4186895,67.76
2026-04-30,SYNGENE,467.65,8.214740252227235,7631518,289931.0,26.321842093463616,2039562,12.87
2026-04-30,JKCEMENT,5287.0,-3.1418887972886327,228830,9259.0,24.714332001296036,85009,71.33
2026-04-30,CHOLAFIN,1562.9,0.6180390137127494,3566612,346293.0,10.299405416800225,2705953,49.44
2026-04-30,NAVINFLUOR,6821.0,0.9247614115558186,628806,160516.0,3.9174038725111515,260114,27.08
2026-04-30,BAJAJ-AUTO,9994.0,4.7204903861266825,458407,134818.0,3.400191369105016,374659,37.91
2026-04-30,AXISBANK,1268.3,-2.1675408824437006,11569446,3665015.0,3.1567254158577795,8933426,70.2
2026-04-30,BALRAMCHIN,521.05,2.1266170129360966,902219,413157.0,2.183719506144153,819825,28.01
2026-05-04,LALPATHLAB,1573.4,15.081919251023992,1311754,166227.0,7.891341358503733,810575,15.84
2026-05-04,IDEA,10.52,2.935420743639911,331002331,69911943.0,4.734560602900137,205289797,28.12
2026-05-04,BHEL,377.05,6.991856076728806,26625881,7259012.0,3.6679758898318395,24077923,25.36
2026-05-04,KOTAKBANK,371.65,-3.0393947299765287,51534409,16104109.0,3.200078253320317,20215003,69.2
2026-05-04,HAL,4559.5,5.086659905964779,1153715,395080.0,2.920206034220917,825417,40.61
2026-05-04,EXIDEIND,359.05,-0.4160310636527527,2798383,964428.0,2.9015986678113865,2179049,26.62
2026-05-04,LAURUSLABS,1166.4,5.944865797720154,2197401,1053240.0,2.0863250541187193,1183972,46.55
2026-05-05,APOLLOTYRE,402.6,-1.6729759433386167,2862829,374005.0,7.654520661488482,775950,77.99
2026-05-05,PETRONET,282.55,2.1142031080592782,5592540,1073645.0,5.208928463318881,4875517,42.54
2026-05-05,BRITANNIA,5834.5,0.7250755287009063,477603,177925.0,2.684293944077561,444095,67.19
2026-05-06,COFORGE,1280.4,9.548254620123215,7231364,473983.0,15.256589371348761,3012827,27.13
2026-05-06,HDFCLIFE,606.35,2.061942433933681,22932269,1976337.0,11.603420368084997,4689137,66.78
2026-05-06,UBL,1412.8,-2.820195350116935,509676,91559.0,5.566640089996614,255785,47.42
2026-05-06,GRANULES,736.0,3.399831413318354,2459982,465895.0,5.280121057319782,1877235,48.68
2026-05-06,SRF,2719.6,7.800856191533205,1174075,262363.0,4.475002191620008,570789,27.91
2026-05-06,ZYDUSLIFE,938.8,2.910386407234854,733776,164285.0,4.466482028182731,563586,48.7
2026-05-06,HEROMOTOCO,5170.0,1.1939714229790566,806455,237801.0,3.3913019709757317,447103,29.68
2026-05-06,BANKBARODA,270.3,2.61958997722097,9253227,2902385.0,3.1881459558259846,7525604,52.4
2026-05-06,PIDILITIND,1421.5,4.200263890925081,1138240,373133.0,3.0504940597588526,1039176,49.99
2026-05-06,POLYCAB,8415.5,0.941585702290992,501030,191710.0,2.613478691774034,397726,46.19
2026-05-06,LT,4008.5,-1.13454186706129,5019264,2024544.0,2.479207169614491,4148816,52.61
2026-05-07,GODREJCP,1036.6,-5.25546110958779,3181639,708197.0,4.492590338563987,2564995,54.09
2026-05-07,BHARATFORG,1992.9,6.356067883445412,2209596,555024.0,3.981081899161117,1155828,31.32
2026-05-07,BSOFT,362.2,-2.7651006711409427,1126585,365436.0,3.082851716853293,860732,49.82
2026-05-07,HINDCOPPER,568.6,3.287920072661221,4504928,1743569.0,2.583739444782512,2975384,32.27
2026-05-07,EXIDEIND,364.45,3.6252487915837364,6727359,2863771.0,2.3491260299793524,2863771,60.64
2026-05-07,MRF,129965.0,-0.28388383780258564,7158,3131.0,2.286170552539125,7061,30.27
2026-05-08,BRITANNIA,5520.0,-5.056759545923633,1742561,205067.0,8.497520322626263,477603,54.9
2026-05-08,METROPOLIS,549.5,8.682753164556956,1279017,159242.0,8.031907411361324,256153,13.69
2026-05-08,DALBHARAT,1823.6,-7.633085144101709,789472,124887.0,6.321490627527285,301276,46.6
2026-05-08,BERGEPAINT,515.75,5.6323604710701485,501591,154641.0,3.2435835257143966,310343,25.04
2026-05-08,SBIN,1019.3,-6.657509157509161,21794655,7178302.0,3.0361852984173696,18283825,45.34
2026-05-08,RAIN,143.82,6.841987965232879,4959177,1921841.0,2.580430431029414,2070673,48.25
2026-05-11,GUJGASLTD,380.95,-3.9096985748518103,2736573,181840.0,15.049345578530577,1590962,70.2
2026-05-11,ABB,6387.5,-8.9126559714795,845568,168621.0,5.014606721582721,453344,34.95
2026-05-11,BIOCON,390.45,2.6419558359621482,6054428,1319492.0,4.588453738256844,2963506,46.83
2026-05-11,TATACONSUM,1271.0,8.05985376636626,6556466,1763552.0,3.717761653753334,2525446,34.14
2026-05-11,IDEA,12.18,8.362989323843411,449640577,121478896.0,3.7013884041224743,331002331,24.16
2026-05-11,BHARTIARTL,1759.8,-4.071954210956666,11702245,3282768.0,3.5647493213044603,7149659,74.05
2026-05-11,IPCALAB,1535.0,-1.1335823779466643,376034,114326.0,3.2891380788272135,185067,70.54
2026-05-11,FEDERALBNK,292.45,-1.6148023549201047,7320899,2965686.0,2.4685347673354494,7251085,65.74
2026-05-11,CANBK,129.43,-3.654905463748695,16168054,7739393.0,2.089059697575766,12747040,22.58
2026-05-12,BSOFT,331.6,-6.827760606912042,1146480,300698.0,3.8127290504093807,1126585,45.46
2026-05-12,CONCOR,516.0,-2.6415094339622645,2108341,590109.0,3.57279926250913,1199955,62.63
2026-05-12,INDHOTEL,634.4,-4.067745350068044,3399991,951843.0,3.5720081988311096,2482504,41.61
2026-05-13,BERGEPAINT,507.7,4.015570579799214,1144002,83854.0,13.642783886278531,501591,12.28
2026-05-13,SAIL,201.31,14.322221591231758,55705326,7637786.0,7.293386591349901,22657903,32.11
2026-05-13,RAMCOCEM,929.85,-1.4206201961303977,660456,112609.0,5.8650374304007675,583525,84.5
2026-05-13,ASIANPAINT,2617.6,4.474156854919174,1532526,317842.0,4.821659818400337,1245711,43.6
2026-05-13,POWERGRID,301.5,-1.5670910871694452,14629925,4338634.0,3.372011789885941,14102867,61.53
2026-05-13,DIVISLAB,6796.0,2.2877784467188444,307875,91634.0,3.35983368618635,234407,59.92
2026-05-13,DIXON,11124.0,9.725784178338923,658499,258700.0,2.545415539234635,323172,24.48
2026-05-13,MUTHOOTFIN,3506.4,4.562533548040794,667366,322246.0,2.0709830378034173,521919,48.17
2026-05-14,GNFC,519.95,6.123073783039097,844535,170033.0,4.966888780413214,389544,36.51
2026-05-14,BAJAJFINSV,1740.2,0.6535947712418274,1482518,303053.0,4.891942993469789,1082596,71.07
2026-05-14,ADANIENT,2712.9,8.602882305844679,2192630,663308.0,3.305598605775899,2025182,22.99
2026-05-14,ZYDUSLIFE,991.7,5.584242746872509,1033648,330267.0,3.129734426993917,733776,22.49
2026-05-14,BHARTIARTL,1883.5,5.2705119606528035,13334797,5589248.0,2.3857944753927542,11702245,62.67
2026-05-14,CIPLA,1436.7,8.217836697800553,2723679,1251360.0,2.176575086306099,2068046,29.71
2026-05-15,MUTHOOTFIN,3311.4,-6.221857211633763,1994971,214671.0,9.293155572946509,667366,39.16
2026-05-15,CHAMBLFERT,449.9,5.958549222797917,1259627,263168.0,4.7863988022859925,624621,13.26
2026-05-15,CANBK,128.07,-2.117089575053508,20423645,8761046.0,2.3311879654552663,16168054,53.23
2026-05-15,IOC,134.48,-4.120918294595752,14574018,6470251.0,2.2524656307769204,8709377,48.02
2026-05-18,ICICIPRULI,515.4,-3.7714712471994107,2634317,215203.0,12.241079352982997,1575796,38.87
2026-05-18,PNB,99.49,-2.5085742283194534,35086407,10313608.0,3.4019527404958576,17410367,56.23
2026-05-18,TVSMOTOR,3291.0,-5.070958809276571,1611620,538737.0,2.991478216643743,1194985,62.48
2026-05-18,MANAPPURAM,306.1,-0.43909578793298615,5354455,1864440.0,2.871883782798052,3286645,60.15
2026-05-18,NAUKRI,925.95,-0.23165607154401222,2659041,1070934.0,2.4829177148171597,1390632,72.97
2026-05-18,TATASTEEL,209.71,-3.288138719793394,26814406,11905289.0,2.252310380705584,18713644,36.34
2026-05-19,GNFC,545.95,5.172413793103452,1250449,388649.0,3.217424977293136,844535,19.26
2026-05-19,ICICIBANK,1240.8,-0.8232755175445573,26199158,9092626.0,2.881363205744963,14357538,67.3
2026-05-19,TCS,2327.1,1.922740014015421,5521832,1929481.0,2.8618224278964135,4094096,53.12
2026-05-19,ZYDUSLIFE,1018.9,2.8049641812127892,1716589,686277.0,2.501306323831339,1033648,29.21
2026-05-20,PIIND,2901.2,-7.149715163540936,730475,152988.0,4.774720893141946,263043,33.22
2026-05-20,ABCAPITAL,353.1,0.5410022779043377,6235154,1474433.0,4.2288486489382695,4967484,57.4
2026-05-20,DIVISLAB,6893.0,-0.27488425925925924,605095,207405.0,2.9174561847592875,307875,63.18
2026-05-20,HINDALCO,1085.5,3.54860249928456,5946263,2127999.0,2.794297835666276,5224193,49.78
2026-05-20,TATASTEEL,207.01,-1.0893974867408864,28838079,14034985.0,2.0547281667917705,26814406,50.89
2026-05-21,JUBLFOOD,435.65,-7.808697492328862,7397790,554212.0,13.348303537274544,1835002,39.21
2026-05-21,JSWSTEEL,1281.3,-0.14806733167083003,4016453,446209.0,9.001281910494857,1733394,75.22
2026-05-21,WHIRLPOOL,877.45,2.5058411214953327,431282,54926.0,7.852055492844919,419586,34.86
2026-05-21,GRASIM,3154.5,6.172797953619875,1367953,499605.0,2.7380690745689096,1123775,30.97
2026-05-21,BOSCHLTD,35210.0,-4.398588107521043,34990,17239.0,2.029700098613609,22841,30.28
2026-05-22,SUNTV,486.7,-6.17831325301205,488275,89274.0,5.469397584963147,286848,33.89
2026-05-22,BANKBARODA,265.4,0.8741923223108911,10691907,4410988.0,2.423925660192229,9427992,56.78
2026-05-25,COLPAL,2097.0,-2.77713384950624,457748,73080.0,6.263656267104543,284167,31.93
2026-05-25,CANFINHOME,838.4,-1.671260188823081,240812,48425.0,4.972885906040268,200974,54.04
2026-05-25,INDIGO,4501.9,1.4261253548416002,1404611,315420.0,4.453145012998542,1140695,56.34
2026-05-25,TORNTPHARM,4572.6,1.9259061120770484,270343,92646.0,2.918021285322626,197897,26.84
2026-05-25,SUNTV,494.3,1.5615368810355503,1122710,488275.0,2.299339511545748,488275,55.75
2026-05-25,WIPRO,206.84,1.8364433065826347,40644613,20068729.0,2.025270907788929,26353207,56.42
2026-05-26,CONCOR,475.9,-7.059857435797282,3295805,290388.0,11.349659765555051,2108341,35.9
2026-05-26,ABFRL,64.87,-3.696555819477427,10054009,1496846.0,6.716795849406018,5466879,54.1
2026-05-26,HINDUNILVR,2209.4,0.5872979740496286,1503307,454079.0,3.310672812440126,1433314,65.28
2026-05-26,TATACOMM,2009.1,3.775826446280987,1010585,329436.0,3.0676216321227794,985817,40.07
2026-05-26,ITC,301.65,-0.7567034051653271,30062994,10538606.0,2.852653757052878,18201271,80.04
2026-05-27,GRANULES,782.6,3.45009914077991,5119462,328394.0,15.589389574718174,2459982,42.68
2026-05-27,COALINDIA,463.05,1.0695187165775477,45394984,4805149.0,9.447154292197807,11181187,38.79
2026-05-27,ZEEL,91.46,10.48562454699202,16545721,2641778.0,6.263100457343501,9907106,13.54
2026-05-27,DELTACORP,81.05,9.275987596063091,5362788,1052885.0,5.0934223585671745,3776188,17.51
2026-05-27,MOTHERSON,142.41,4.852010013252837,29768796,6048162.0,4.921957447568369,18827571,59.44
2026-05-27,TVSMOTOR,3384.6,-2.034791166169793,1629559,364365.0,4.472325827123901,1611620,64.27
2026-05-27,HDFCBANK,758.65,-2.599820259340095,36818001,12977242.0,2.8371206300999856,26923055,57.82
2026-05-29,FEDERALBNK,288.95,0.01730702665282498,130632060,1703420.0,76.68810980263235,8138523,54.57
2026-05-29,JUBLFOOD,427.5,0.04680552305171744,29780187,628530.0,47.38069304567801,7397790,71.57
2026-05-29,HINDUNILVR,2153.5,-2.0423944687045164,12077857,267448.0,45.159645987257335,1503307,68.23
2026-05-29,TORNTPHARM,4410.8,-2.798713032747146,2099228,94031.0,22.324850315321545,270343,69.91
2026-05-29,SHREECEM,25275.0,-0.4921259842519685,52867,2372.0,22.287942664418214,30182,61.22
2026-05-29,PIIND,2775.0,-2.53924770835529,767522,38388.0,19.99380014587892,730475,66.81
2026-05-29,INFY,1160.9,0.08621432882145012,47911031,2585058.0,18.533832122915616,22102537,69.35
2026-05-29,DABUR,443.4,-0.4602087776405907,9076414,524201.0,17.31475903327159,2295782,69.43
2026-05-29,BALKRISIND,2205.5,0.49209459151593304,410293,24154.0,16.986544671689987,307855,64.24
2026-05-29,SRF,2715.8,-0.7673194972230342,1363557,84097.0,16.21409800587417,1174075,65.32
2026-05-29,SBICARD,624.4,-0.13594562175130312,2884898,180276.0,16.002673678137967,2175537,60.8
2026-05-29,BOSCHLTD,36625.0,1.6372970722908282,74276,4851.0,15.311482168625027,34990,44.15
2026-05-29,HCLTECH,1183.8,1.596292481977335,7012885,468602.0,14.965546455200789,2700518,56.34
2026-05-29,PIDILITIND,1482.8,0.14182481258863436,3148877,219799.0,14.326166179099996,1302219,70.94
2026-05-29,HAL,4303.8,-2.4745071380013557,3244505,227674.0,14.250661032880346,1153715,70.57
2026-05-29,DLF,590.6,-0.5556490991749377,10759312,757915.0,14.195934900351622,3544014,66.56
2026-05-29,ICICIGI,1792.2,-3.155733275694362,1963965,139445.0,14.084155043207,837333,67.33
2026-05-29,NESTLEIND,1421.5,-0.42031523642732055,9301624,660862.0,14.074986911034376,2422092,71.2
2026-05-29,M&M,3045.6,-2.4346488980010252,8312886,600552.0,13.842075290732526,2847266,72.9
2026-05-29,SUNPHARMA,1799.2,-2.445372227945557,7566724,569397.0,13.28901276262432,7401985,75.23
2026-05-29,PETRONET,271.05,-2.779770444763271,6132202,493270.0,12.431735155188841,5592540,70.88
2026-05-29,BAJFINANCE,908.25,-2.4593244912205314,32611816,2688905.0,12.128288652815923,10101163,69.75
2026-05-29,CIPLA,1401.0,-1.2128049640389258,6976077,577194.0,12.086191124647865,2723679,73.12
2026-05-29,NATIONALUM,424.45,-1.9859138667590397,63287458,5492158.0,11.523240591403233,6398451,58.74
2026-05-29,ALKEM,5498.0,0.8529762450701642,690861,60932.0,11.338229501739644,90298,49.17
2026-05-29,POWERGRID,290.55,-3.1984007996001886,59567179,5433219.0,10.963515183172259,14629925,76.95
2026-05-29,MRF,123420.0,-2.8494962216624686,11866,1120.0,10.594642857142857,7158,69.15
2026-05-29,COLPAL,2059.9,-1.3174283798026254,784218,74049.0,10.590527893692014,457748,65.7
2026-05-29,IDFCFIRSTB,71.32,-0.2238388360380677,79066957,7472878.0,10.580522925705464,18575792,68.09
2026-05-29,ASTRAL,1578.2,-1.276116602026765,2304946,219693.0,10.491667918413423,698770,72.64
2026-05-29,ESCORTS,2859.8,-0.7151784474378526,690887,66523.0,10.38568615366114,195652,85.74
2026-05-29,JINDALSTEL,1207.2,-1.0978207438964331,2639963,267728.0,9.86061599832666,2202310,62.02
2026-05-29,ULTRACEMCO,11482.0,-1.770895713919069,1304073,136963.0,9.521352482057198,451794,73.39
2026-05-29,MARICO,821.7,-1.4511873350923374,5366903,577492.0,9.29346726881065,2383859,73.95
2026-05-29,TCS,2258.9,-1.107608790823909,11346245,1289140.0,8.801406363932545,5521832,69.47
2026-05-29,MGL,1095.0,-0.7432922407541738,399087,46604.0,8.563363659771694,223372,69.85
2026-05-29,BHARTIARTL,1829.0,-1.2525645178706426,39726520,4652921.0,8.537974317638318,13334797,75.12
2026-05-29,ICICIPRULI,503.95,-3.6240198890801283,4229358,498234.0,8.488698081624298,2634317,68.77
2026-05-29,UPL,644.8,-1.7297873961746586,4380772,533802.0,8.206735830888606,2350351,67.72
2026-05-29,PAGEIND,38195.0,0.13107877834578582,55467,7105.0,7.806755805770584,31381,65.74
2026-05-29,DRREDDY,1303.5,-1.1751326762699015,3989603,511383.0,7.801594890717916,3443270,73.55
2026-05-29,PERSISTENT,5194.3,1.8809822689471314,682774,90047.0,7.5824180705631505,310620,49.01
2026-05-29,TATACONSUM,1178.4,-2.1749958492445476,7236380,977438.0,7.403415868832601,6556466,73.56
2026-05-29,EICHERMOT,7177.0,-3.26189513411511,960914,132252.0,7.265780479690288,397653,65.61
2026-05-29,AUBANK,984.7,-2.0199004975124333,3357475,463294.0,7.246964130767935,1518422,66.32
2026-05-29,MCX,2954.5,-6.458762070603134,10026277,1386030.0,7.233809513502594,1869435,56.79
2026-05-29,INDUSINDBK,914.35,-1.9253459186956916,1983137,280230.0,7.076819041501624,1573394,62.75
2026-05-29,RELIANCE,1321.2,-2.1695668271010704,31551860,4698429.0,6.715406362424547,20507763,74.01
2026-05-29,SBILIFE,1830.1,-1.8449986591579561,1397314,210356.0,6.642615375839053,1246237,66.7
2026-05-29,PFC,428.6,-1.1303344867358656,11759018,1794684.0,6.552138426597663,5618780,72.07
2026-05-29,GODREJPROP,1762.7,-1.4480599351447985,1414345,227310.0,6.2220975759975365,861654,65.76
2026-05-29,LUPIN,2267.7,-0.3821823932525159,2136553,351973.0,6.070218454256435,1472242,72.72
2026-05-29,GAIL,164.51,-2.656804733727816,17643397,2926755.0,6.028313610124523,10563874,67.55
2026-05-29,BPCL,298.1,-2.9464431059742653,17005553,3071527.0,5.536514248450364,10967938,64.44
2026-05-29,OBEROIRLTY,1707.1,0.8566702115089213,903244,171560.0,5.264886920027979,284916,60.63
2026-05-29,APOLLOHOSP,8176.5,-1.1604714415231188,714104,145161.0,4.919392949897011,467835,68.5
2026-05-29,VOLTAS,1245.7,-1.275954984942139,1888500,389557.0,4.847814312154576,979075,63.79
2026-05-29,INDHOTEL,654.25,-2.014377714542466,3420103,709450.0,4.820780886602297,3399991,64.55
2026-05-29,ASIANPAINT,2671.6,-0.011227965118461839,2033466,428405.0,4.746597261936719,1532526,40.17
2026-05-29,HEROMOTOCO,4903.0,-3.3891625615763545,1081382,228058.0,4.741697287532119,806455,65.59
2026-05-29,IOC,140.24,-2.570515492566339,23902714,5237311.0,4.563928703107377,14574018,66.01
2026-05-29,ABFRL,64.61,0.8585700905401141,10253464,2336381.0,4.388609563251884,10054009,46.89
2026-05-29,HDFCAMC,2674.3,-1.546220962338475,1291804,304094.0,4.248041723940624,877124,61.72
2026-05-29,TRENT,4224.0,-0.5790142635221099,662110,155960.0,4.245383431649141,583571,55.89
2026-05-29,NAUKRI,995.0,-1.0590165564560212,5558418,1350279.0,4.116495924175671,4790931,65.0
2026-05-29,ASHOKLEY,155.44,-4.9993888277716705,43454128,10685267.0,4.06673300723323,25216087,49.8
2026-05-29,MARUTI,13127.0,-1.773421131397785,647104,161122.0,4.01623614403992,354749,67.18
2026-05-29,SHRIRAMFIN,947.15,-1.6663205980066516,8159552,2094334.0,3.89601276587211,6913040,72.54
2026-05-29,HAVELLS,1176.8,-2.8241123038810936,3188607,822214.0,3.878074321283753,976849,73.58
2026-05-29,AUROPHARMA,1426.4,-0.661605961417926,1640413,430036.0,3.814594592080663,1536810,67.37
2026-05-29,NMDC,87.99,-4.648894668400526,31254027,8461138.0,3.693832555384394,19122127,61.6
2026-05-29,ONGC,265.4,-3.156358328772134,51989539,14288740.0,3.6384970963150005,14288740,69.88
2026-05-29,OFSS,9964.0,-3.2574396815379387,389433,107590.0,3.6196021935124083,184268,57.1
2026-05-29,RECLTD,337.65,-0.6034736532234358,6288491,1798328.0,3.4968543002166457,5916807,61.21
2026-05-29,COROMANDEL,1753.6,-4.263798656985322,751477,226167.0,3.322664225992298,356084,66.89
2026-05-29,CUMMINSIND,5881.0,-2.4305267523849023,1081201,337826.0,3.200467104367337,337826,53.5
2026-05-29,CANBK,130.8,-2.5044722719141213,39361207,13087103.0,3.0076333165560016,20423645,68.8
2026-05-29,SIEMENS,3844.0,-0.8946296439528661,974725,327936.0,2.9723025224434036,352595,48.15
2026-05-29,BEL,410.75,-1.992364590789793,18343498,6277314.0,2.922189012689185,10528009,69.06
2026-05-29,INDUSTOWER,442.05,1.3295128939828105,9323664,3222776.0,2.8930536903588706,7720673,65.15
2026-05-29,GLENMARK,2274.9,-4.61235271919158,671001,238355.0,2.8151328900169914,548882,49.94
2026-05-29,HINDALCO,1126.7,-2.0005218752718097,7712622,2820642.0,2.7343498395046235,5946263,64.34
2026-05-29,TATASTEEL,208.02,-3.1113181183046015,45721245,17265097.0,2.6481892919570624,28838079,67.77
2026-05-29,DELTACORP,69.6,-14.12708204811845,13159899,5362788.0,2.453928628168781,5362788,24.81
2026-05-29,BANKBARODA,268.5,-0.9042258719320866,11374524,5234118.0,2.1731500894706617,10691907,64.54
2026-06-01,LTTS,3385.5,-1.366390863535721,240474,48266.0,4.98226494841089,69497,60.74
2026-06-02,BALKRISIND,2150.3,-0.8026940997370318,982559,36779.0,26.71521792327143,410293,81.65
2026-06-02,BSOFT,344.8,5.186089078706528,1654293,418964.0,3.9485325708175405,1146480,13.04
2026-06-03,BALRAMCHIN,529.95,-1.3863044287309139,974100,198716.0,4.901970651583164,731533,89.57
2026-06-03,AMBUJACEM,426.95,-2.822351200637313,5468507,2322650.0,2.3544257636751125,3295357,63.5
2026-06-04,ZEEL,104.42,10.4973544973545,24126943,4351916.0,5.543981777221803,16545721,29.98
2026-06-05,LICHSGFIN,549.75,0.7698652735771324,2196499,695115.0,3.1599073534594995,1931107,73.62
2026-06-08,IPCALAB,1649.4,0.45678786771423346,744941,105312.0,7.073657323002127,481975,80.56
2026-06-09,BANKBARODA,273.75,5.593056894889104,17653842,4789178.0,3.686194582869962,11374524,54.1
2026-06-09,CUB,256.4,3.8056680161943226,3237294,955042.0,3.3896875739496273,3099133,69.9
2026-06-10,CHAMBLFERT,477.65,5.0357339197361135,1303241,169123.0,7.705876787899931,1259627,26.23
2026-06-10,JKCEMENT,4815.0,-0.14516798009124846,76532,24972.0,3.0647124779753323,66748,70.74
2026-06-11,PETRONET,263.05,-1.9567648155050317,8568919,2274961.0,3.7666223728670514,6132202,85.82
2026-06-12,CHOLAFIN,1568.1,7.780603477902249,1740691,663356.0,2.6240676197999266,1404518,53.31
2026-06-15,AARTIIND,498.15,13.061733999092137,1614199,228209.0,7.073336283845072,638198,8.85
2026-06-15,TRENT,2901.1,5.291619787318975,799775,223467.0,3.5789400672135034,662110,35.86
2026-06-15,M&MFIN,297.85,2.3363683215942315,2691973,1217655.0,2.210784663964752,2143904,57.8
2026-06-16,LALPATHLAB,1642.0,1.608910891089109,898464,123256.0,7.289413902771468,271187,10.35
2026-06-16,INDIAMART,2084.1,1.7279250256260112,149441,53672.0,2.784338202414667,94477,67.7
2026-06-16,LAURUSLABS,1376.4,-0.9142610323230738,1815196,677007.0,2.68120713670612,1742840,52.66
2026-06-17,TRENT,3102.8,7.0743322520532805,1718831,299919.0,5.730984032355402,799775,30.45
2026-06-17,APOLLOTYRE,429.6,3.157641973826398,2416293,662453.0,3.647493482556498,2222831,37.73
2026-06-17,JKCEMENT,5440.0,2.3710952201731272,162867,53041.0,3.070586904470127,78936,76.16
2026-06-18,BATAINDIA,789.9,16.41857037582903,1170173,128117.0,9.133627855788069,141627,9.58
2026-06-19,ABCAPITAL,375.9,1.4301133297355515,7265120,509196.0,14.267826141603626,6235154,64.87
2026-06-19,INDUSINDBK,947.45,0.9267643142476747,4396070,383680.0,11.457646997497914,1983137,67.41
2026-06-19,BERGEPAINT,550.7,9.038709038709044,1466014,152207.0,9.63171207631712,340574,18.82
2026-06-19,ADANIPORTS,1835.3,-0.36914391183974565,3107058,741189.0,4.19199151633389,2076023,70.89
2026-06-19,BAJAJ-AUTO,10066.0,-0.10915947206509874,493874,119739.0,4.124587644794094,310250,66.8
2026-06-19,PAGEIND,39975.0,-0.5102040816326531,60523,20794.0,2.910599211310955,55467,71.88
2026-06-22,IEX,125.68,2.361948200032583,5096492,1132829.0,4.498906719372473,3529747,44.89
2026-06-22,BAJAJFINSV,1782.2,0.7234090652198459,1292629,509702.0,2.5360485146222693,1236933,70.71
2026-06-22,INDIAMART,2050.4,-1.866564563989662,194840,91562.0,2.1279570127345404,151504,80.54
2026-06-23,VEDL,281.7,-7.896027464443366,80973416,5937758.0,13.637035392819984,16112073,46.36
2026-06-23,ABBOTINDIA,25570.0,-1.8990984078265876,15599,4109.0,3.796300803115113,11440,62.62
2026-06-24,M&MFIN,310.85,6.7296137339055875,8214253,1039138.0,7.904872115156986,2691973,59.7
2026-06-25,INDIACEM,383.85,0.523765876653136,1574631,76735.0,20.52037531765166,317969,88.63
2026-06-25,TATACHEM,746.2,2.450744834214323,1136782,115656.0,9.82899287542367,825207,15.01
2026-06-25,MANAPPURAM,318.5,0.04711795193968187,3770211,608104.0,6.199944417402286,2842281,49.56
2026-06-25,RAMCOCEM,919.1,0.5854993160054744,315521,90165.0,3.4993733710419788,307230,56.1
2026-06-25,HINDALCO,953.2,-2.3960679909891436,8052657,3026679.0,2.660558651908577,7712622,66.25
2026-06-25,INDIGO,5450.0,4.662774619757263,2813810,1137272.0,2.474175043437278,1404611,54.69
2026-06-25,CHOLAFIN,1799.2,0.35138602264487445,2844665,1361480.0,2.089391691394659,2735410,72.02
2026-06-29,PERSISTENT,4298.5,-11.21553237632965,2774041,153557.0,18.065220081142506,682774,44.95
2026-06-29,LAURUSLABS,1500.3,3.4689655172413763,8581418,706981.0,12.138116865941235,1965015,69.64
2026-06-29,UPL,568.4,-3.742591024555465,9710329,930388.0,10.436859675748183,4380772,72.34
2026-06-29,CANFINHOME,837.3,-5.517941773865955,643471,68728.0,9.362574205563963,196051,68.58
2026-06-29,JKCEMENT,5319.5,-4.6171776941007705,173329,19268.0,8.995692339630475,162867,59.22
2026-06-29,MFSL,1601.5,-0.6143725952587868,3273137,370690.0,8.82984973967466,590407,69.28
2026-06-29,METROPOLIS,523.8,-3.598049139596957,692051,84436.0,8.196160405514236,306674,63.38
2026-06-29,SAIL,175.23,2.5996838222378345,36121339,5135882.0,7.033132575865255,16715377,68.07
2026-06-29,BHARATFORG,2170.9,1.1933062974875266,5057194,739130.0,6.842090024758838,2117651,67.38
2026-06-29,AUBANK,1030.45,-0.3288678241524267,7664364,1126664.0,6.802706041907792,3357475,75.02
2026-06-29,BHEL,413.75,2.7439781475043485,30433402,4589472.0,6.631133603168295,12025789,67.16
2026-06-29,GRANULES,794.8,4.004187385501166,1521277,274734.0,5.537272416228061,1336004,57.89
2026-06-29,MARICO,839.95,1.7134899491402387,5525183,1027101.0,5.37939598929414,5366903,76.8
2026-06-29,IDEA,14.43,2.6315789473684155,528498108,101986234.0,5.182053373987709,279693981,50.84
2026-06-29,SBILIFE,1755.4,0.601753682159436,2887976,565486.0,5.107068963687872,1397314,73.84
2026-06-29,IEX,124.81,-0.1519999999999982,6546381,1296517.0,5.049205679524449,5096492,50.6
2026-06-29,EICHERMOT,7426.0,-2.2637536193735195,1704611,348937.0,4.885154053597067,960914,73.27
2026-06-29,ABCAPITAL,385.3,-1.4073694984646878,8120471,1726707.0,4.70286562804228,7265120,68.51
2026-06-29,CUMMINSIND,5541.5,-1.7812832328961363,1278869,289226.0,4.421694453472371,1081201,70.25
2026-06-29,MUTHOOTFIN,3021.2,-0.14542570068746996,3119201,707907.0,4.4062299143814085,1176495,71.53
2026-06-29,HEROMOTOCO,4813.6,-1.6850146034598965,2640573,612711.0,4.309654959679197,1081382,78.7
2026-06-29,GLENMARK,2186.6,1.4946156702562112,754346,190816.0,3.9532638772429984,671001,53.33
2026-06-29,SHREECEM,25145.0,-2.2925976296871964,57823,15576.0,3.7123138161273754,52867,60.27
2026-06-29,POLYCAB,9779.0,2.6020354632252647,796767,222419.0,3.5822793915987394,307977,63.14
2026-06-29,LICHSGFIN,560.75,1.9823588251341233,3857302,1129772.0,3.414230481902543,2196499,71.31
2026-06-29,BOSCHLTD,39885.0,-1.3724035608308605,111842,35498.0,3.1506563750070424,74276,63.86
2026-06-29,RBLBANK,363.8,-1.953914566769977,7478379,2400956.0,3.114750541034488,4681316,62.33
2026-06-29,NTPC,356.1,1.1504047720494281,38451958,13466205.0,2.855441306589347,13466205,77.07
2026-06-29,CANBK,125.86,-2.3962776269871964,66456678,24232862.0,2.7424196943803008,39361207,74.08
2026-06-29,ASIANPAINT,2656.9,0.44231060033268843,3790723,1401325.0,2.705099102635006,2033466,79.76
2026-06-29,NMDC,85.45,0.6004238285848895,31578043,12223326.0,2.5834247568951363,31254027,73.22
2026-06-29,TVSMOTOR,3456.8,-3.162730761688647,2963592,1184115.0,2.5027906917824705,1681736,72.36
2026-06-29,AUROPHARMA,1547.5,-0.4951131687242828,3111471,1255785.0,2.4777099583129276,1640413,67.12
2026-06-29,TATASTEEL,189.57,0.45572571670816875,46178174,18800477.0,2.456223530924242,45721245,73.83
2026-06-29,MARUTI,13412.0,-2.422699163332121,1003504,470829.0,2.131355545219177,647104,73.86
2026-06-30,WHIRLPOOL,812.55,1.5306759965013121,642717,90659.0,7.089389911646941,404698,68.82
2026-06-30,TATACONSUM,1075.6,-3.342918763479515,3261476,769005.0,4.241163581511174,1663324,60.05
2026-06-30,ICICIGI,1741.7,-1.4931282167298154,1300054,390186.0,3.3318827431020077,1074519,71.2
2026-07-01,DEEPAKNTR,1548.8,0.15519917227107238,295234,58847.0,5.016976226485633,125679,73.03
2026-07-01,TATAPOWER,375.45,-2.6070038910505864,5355976,1279963.0,4.184477207544281,4141546,54.92
2026-07-01,JINDALSTEL,1028.8,-2.952551646071121,2060404,541276.0,3.8065681833297615,2045411,61.85
2026-07-01,DABUR,444.75,5.341070582662248,3569225,1191847.0,2.9947006620816263,2133154,41.51
2026-07-01,HDFCLIFE,569.95,-1.0245723712772383,4673573,2063882.0,2.264457464137969,2863907,68.33
2026-07-01,RAMCOCEM,931.75,0.1935587934835157,831075,377030.0,2.2042675649152588,431384,91.81
2026-07-02,EXIDEIND,419.35,7.4292301780453425,5059343,661155.0,7.65227972260665,3097978,24.02
2026-07-02,ABFRL,61.88,5.471280040906768,8595604,1686420.0,5.096953309377261,4824838,28.48
2026-07-02,CONCOR,477.45,-0.5830296720458118,1412436,375678.0,3.7596984651749636,1029213,68.53
2026-07-02,BSOFT,281.9,2.248821182444682,3253223,1204230.0,2.701496391885271,1654293,42.51
2026-07-02,OBEROIRLTY,1864.7,3.3303779230854564,753551,289242.0,2.6052613382565464,708212,62.59
2026-07-02,LTTS,3166.9,3.9111461101814577,151241,72828.0,2.0766875377602023,128723,62.86
2026-07-03,NAVINFLUOR,7552.5,-1.2293206041979992,223403,29518.0,7.5683650653838335,154682,81.57
2026-07-03,ALKEM,5562.5,1.127170257249341,394612,106393.0,3.709003411878601,178750,69.44
2026-07-03,PVRINOX,1001.25,1.6084838644205421,184977,52378.0,3.5315781434953606,183294,66.28
2026-07-03,CONCOR,488.2,2.2515446643627604,4148961,1412436.0,2.9374506172315065,1412436,61.96
2026-07-06,GODREJCP,1100.6,2.2007614448880877,1208504,161879.0,7.465477300947003,923899,37.66
2026-07-06,ITC,288.25,-0.5863079841351918,21310209,3684240.0,5.784153312487786,11335170,78.56
2026-07-06,MANAPPURAM,346.1,5.4539914686167075,4410827,1722590.0,2.5605785474198735,4036153,40.3
2026-07-06,HDFCBANK,829.85,3.595281193433627,43310150,18315362.0,2.3646898161226626,30919361,68.53
2026-07-06,INDUSTOWER,386.55,0.847899817375424,9300584,4481740.0,2.0752172147424885,5667119,67.95
2026-07-07,TRENT,2927.8,-12.440935462647287,3654179,434782.0,8.404623466472852,1718831,40.34
2026-07-07,NAUKRI,1159.45,13.100521874847578,4283329,667748.0,6.4145890365826626,3108951,25.64
2026-07-07,TITAN,4604.2,2.671483364552676,1513989,377956.0,4.005728179999788,690856,44.71
2026-07-08,JKCEMENT,5332.0,-1.1677479147358667,205433,22327.0,9.201101804989475,173329,85.09
2026-07-08,HINDPETRO,386.85,-4.705012932627162,10304704,2747626.0,3.750402711286034,6606377,54.66
2026-07-08,BPCL,303.55,-3.312629399585914,8582226,3387204.0,2.5337198468117066,8500378,53.8
2026-07-08,HAVELLS,1207.8,-1.404081632653065,1340831,628873.0,2.1321172955429795,662947,59.44
2026-07-09,ABBOTINDIA,26770.0,2.0003810249571345,17954,2588.0,6.937403400309119,15599,72.22
2026-07-09,LT,3886.0,-0.15672773053107344,3639822,1086272.0,3.350746406056678,2109148,71.12
2026-07-09,HDFCLIFE,551.85,-0.692819866834627,5797590,1847158.0,3.1386540837329564,4673573,67.49
2026-07-10,DIXON,13421.0,-0.41552274245010024,591632,214627.0,2.756559053613944,455911,35.02
2026-07-10,ATUL,6236.0,0.8571890667960537,47167,20957.0,2.2506561053585914,21671,67.69
2026-07-13,JKCEMENT,5361.5,-0.6853755672872095,259878,16391.0,15.854920383137088,205433,95.68
2026-07-13,BALRAMCHIN,584.85,3.1663432704180714,810966,102372.0,7.921755948892275,504661,29.88
2026-07-13,BAJAJ-AUTO,10381.0,2.2154391492713668,647909,197738.0,3.2766033842761635,532847,64.2
2026-07-13,INTELLECT,778.3,2.5766062602965345,514126,233650.0,2.2004108709608388,469721,46.96
2026-07-13,CROMPTON,261.8,0.038211692777998754,2588932,1180515.0,2.19305303193945,2418151,62.65
2026-07-14,SBICARD,638.85,3.256828834653301,3589791,291255.0,12.325251068651182,2041186,50.62
2026-07-14,SUNTV,493.85,-1.1311311311311265,297840,39988.0,7.448234470341102,254632,77.71
2026-07-14,DIVISLAB,7188.5,3.603084240109534,435957,158142.0,2.7567439389915394,372958,39.88
2026-07-14,BIOCON,437.3,6.41197225939896,8270178,3294845.0,2.510035525191625,3884958,19.23
2026-07-14,CONCOR,493.15,6.293781657506195,4370519,1762353.0,2.4799339292411906,4148961,30.84
2026-07-15,LTTS,3508.3,6.534875952749697,421763,60732.0,6.944658499637753,151241,19.22
2026-07-16,ICICIGI,1623.8,-10.51471398655351,5797850,348111.0,16.655176078894375,1300054,44.53
2026-07-16,RBLBANK,362.8,-2.682403433476395,22360934,1377971.0,16.227434394482902,7478379,72.74
2026-07-16,DIXON,14507.0,6.270602886235441,911542,119281.0,7.641971479112348,591632,40.2
2026-07-16,TORNTPHARM,4987.6,-0.6018573876997851,3383130,494521.0,6.841226156219857,1282960,66.84
2026-07-16,IEX,124.74,4.92051476154428,8472362,1725154.0,4.9110757648302705,6546381,43.84
2026-07-16,IPCALAB,1890.2,0.6496272630457959,607824,141780.0,4.287092678798138,441588,76.47
2026-07-16,SIEMENS,3657.6,2.4021501763816486,304214,134001.0,2.270236789277692,228817,22.01
2026-07-16,ABB,7667.5,6.426538968700118,698545,309219.0,2.259062347397799,550641,27.1
2026-07-17,PFC,404.85,0.8720568082720817,6808653,2170275.0,3.137230535300826,5972880,53.26
2026-07-17,TECHM,1572.9,4.144871879758997,3302827,1201644.0,2.7485902646707343,2416073,31.06
2026-07-17,IRCTC,507.0,1.4202840568113668,1031774,419721.0,2.458237734113852,756756,61.76
2026-07-20,ESCORTS,2981.4,1.5117466802860091,192822,26126.0,7.3804639056878205,138564,54.72
2026-07-20,PNB,111.76,5.663231540134262,31832220,5852169.0,5.439388370363194,14310935,26.75
2026-07-20,AXISBANK,1256.0,-5.457282649604817,16693350,6894193.0,2.421363892771786,8837263,65.94
2026-07-21,UBL,1404.4,3.9603227477977643,232092,44701.0,5.192098610769334,97915,43.33
2026-07-21,ULTRACEMCO,12094.0,1.6046374863479793,445460,208050.0,2.1411199230954097,276817,53.62
2026-07-21,SYNGENE,413.25,-1.041666666666672,1424019,683194.0,2.084355249021508,848497,87.15
2026-07-22,BANDHANBNK,173.5,-16.918067327491265,52638057,5781660.0,9.104315542595034,9441724,33.54
2026-07-22,INDIAMART,1820.0,-5.109489051094891,286352,108115.0,2.6485871525690237,194840,46.28
2026-07-22,JSWSTEEL,1266.9,-0.039450844248066906,2950628,1271842.0,2.319964272291684,1677301,73.97
2026-07-23,PVRINOX,1007.4,1.485921523195487,269825,43799.0,6.1605287791958725,184977,13.4
2026-07-23,OFSS,10843.0,-0.0737259238779836,826141,158491.0,5.212542037087279,463990,24.27
2026-07-23,SRF,2622.7,-8.527483258928573,762116,318932.0,2.3895877491126636,612177,31.66
2026-07-24,ATUL,6407.5,4.526916802610114,128018,21728.0,5.891844624447717,47167,31.72
2026-07-24,DALBHARAT,1810.8,-2.366959616110427,480536,155737.0,3.0855609135915034,323733,42.94
2026-07-24,MPHASIS,2288.1,2.4950725676401997,583771,228337.0,2.5566202586527806,545614,27.73
2026-07-24,INFY,1040.9,-0.6205843039908344,16078498,7135991.0,2.2531555883408485,13058140,55.37
2026-07-27,IDFCFIRSTB,84.88,5.06250773610594,61724504,7846801.0,7.866199741780122,40857320,34.69
2026-07-27,SUNPHARMA,1973.7,1.6794600999433382,4497897,1109198.0,4.055089352847733,2424577,83.07
2026-07-27,GAIL,174.23,2.4761792730266907,6941348,3188276.0,2.177147775161247,6600453,65.23
2026-07-28,HINDUNILVR,2022.7,-6.9851926791133945,5235302,395930.0,13.22279695905842,1662776,52.63
2026-07-28,CUB,238.14,7.536689997742154,7095696,727865.0,9.74864294889849,3285423,34.01
2026-07-28,SUNTV,490.45,0.35809289952936363,596450,113042.0,5.276357460059093,297840,88.67
2026-07-28,BEL,389.0,-4.457816529534564,18793332,5721537.0,3.284664942304839,16767958,53.21
2026-07-28,NESTLEIND,1491.8,3.1602240508955153,3399827,1244467.0,2.7319543226136167,2326893,62.21
2026-07-28,EXIDEIND,423.4,-0.843091334894619,7845951,3387421.0,2.3162019129006994,5059343,62.55
2026-07-28,COFORGE,1686.0,10.311436796650085,4981103,2181894.0,2.28292620998087,4124606,31.88
2026-07-28,MPHASIS,2413.5,3.463797316414463,652700,306903.0,2.126730595660518,583771,47.39
2026-07-29,DIVISLAB,7784.5,4.841750841750842,695323,223411.0,3.1123042285294815,435957,60.04
2026-07-29,COLPAL,2166.4,1.323605069921902,405134,142141.0,2.8502261838596885,322971,22.87
2026-07-30,BALKRISIND,2306.9,10.81808137579864,930182,68428.0,13.593587420354242,320314,22.03
2026-07-30,EXIDEIND,452.7,3.913692184092738,10924243,1334461.0,8.186258721686134,7845951,34.43
2026-07-30,SYNGENE,399.2,-3.6330718165359115,3941779,783518.0,5.030872296488402,1424019,26.34
2026-07-30,MGL,1118.5,1.2217194570135748,574545,115315.0,4.982396045614188,115315,19.13
2026-07-30,COALINDIA,417.2,1.7436897939275644,15559147,6359369.0,2.446649502489948,6961527,66.99
2026-07-31,SHREECEM,26055.0,-1.512001512001512,52480,5105.0,10.280117531831538,26024,46.79
2026-07-31,AARTIIND,489.1,1.8533944189920937,1717375,193937.0,8.855324151657497,1153804,15.21
2026-07-31,ABCAPITAL,404.3,2.6011927420378127,3595296,489150.0,7.350088929776143,3485014,32.84
2026-07-31,BAJFINANCE,1141.2,8.32463217845278,23774041,5177750.0,4.591577615759741,12366161,58.25
2026-07-31,GAIL,181.44,4.492052522460269,13957242,3409001.0,4.094232298553154,10206811,35.89
2026-07-31,ASHOKLEY,166.18,5.117338225061676,20431427,7760253.0,2.6328300121142956,14079194,42.97
2026-07-31,HINDCOPPER,491.6,2.363352420614268,2737815,1074065.0,2.549021707252354,1872255,37.3
2026-07-31,HDFCLIFE,548.5,0.5683901723505725,7889343,3097507.0,2.5469976339036524,5797590,68.97
2026-07-31,ZEEL,114.55,2.0853756349701484,24458858,12002274.0,2.0378519937138577,14236123,39.62
2026-08-03,BATAINDIA,709.65,1.9392372333548804,342856,68938.0,4.973396385157678,282057,57.08
2026-08-03,MUTHOOTFIN,2890.9,-7.331068085652001,3354666,687728.0,4.877896493962729,1164800,39.13
2026-08-03,MANAPPURAM,365.0,-1.8421406481108034,10474008,3142253.0,3.3332796563484863,4410827,59.68
2026-08-03,BALRAMCHIN,646.8,10.337768679631509,870394,307686.0,2.828838491189069,810966,27.53
2026-08-03,ACC,1398.0,2.991012229261817,163784,60002.0,2.7296423452551584,134319,38.3
2026-08-03,IRCTC,513.5,4.838709677419352,1154252,523575.0,2.204559041207086,1031774,41.2
2026-08-04,DABUR,409.65,-3.79286049788634,3220629,1114397.0,2.890019445493841,2141850,50.56
2026-08-04,ICICIPRULI,513.55,-1.6846941705752978,3523536,1415475.0,2.4892958194245747,2364880,65.84
2026-08-05,DEEPAKNTR,1736.7,1.1061302905047448,1158896,145761.0,7.950658955413314,175706,30.72
2026-08-05,JUBLFOOD,485.0,4.301075268817205,5803404,801884.0,7.237211367230173,4232609,46.83
2026-08-05,APOLLOTYRE,444.9,1.494239762746653,864446,229394.0,3.768389757360698,814147,43.96
2026-08-05,HINDCOPPER,533.8,8.41880775870822,6676913,1803652.0,3.701885396961276,2737815,29.41
2026-08-05,BHARTIARTL,1978.0,0.40099487335668704,8668563,2602989.0,3.330234203832594,5987566,60.67
2026-08-05,RELIANCE,1280.0,-0.844372143465806,16901245,5281866.0,3.199862510711177,11508344,68.09
2026-08-05,AMBUJACEM,445.0,2.0525169131980254,2844788,1218856.0,2.3339820290501914,2125265,50.09
2026-08-05,BATAINDIA,730.05,2.8891550983017407,720547,345230.0,2.087150595255337,345230,41.65
2026-08-06,NAVINFLUOR,8650.0,13.673697351994218,569365,74874.0,7.6043085717338466,110668,14.78
2026-08-06,HAL,4920.0,5.920344456404736,2200890,407079.0,5.406542710382997,571520,45.88
2026-08-06,CUMMINSIND,5402.0,-0.698529411764706,940222,246678.0,3.8115356861982015,405822,45.56
2026-08-06,SHRIRAMFIN,1141.0,1.6571632216678462,8085496,3791302.0,2.1326436142517795,6013313,64.14
2026-08-07,CROMPTON,249.95,-7.42592592592593,8519067,1063074.0,8.013616173474283,2588932,37.67
2026-08-07,BRITANNIA,5510.0,1.9615099925980755,478592,182252.0,2.6259903869367687,266969,35.64
2026-08-07,TATACHEM,673.55,1.5453037841097543,698242,275169.0,2.5375024076113224,593929,19.57
2026-08-07,RAIN,222.88,-8.279835390946504,6585389,2884268.0,2.2832098126803753,3482069,25.93
2026-08-07,MOTHERSON,168.5,8.709677419354838,30395356,13703369.0,2.2180936673310043,20373522,26.3
2026-08-10,PFC,385.15,-8.297619047619055,14504548,2475576.0,5.859059871318837,6808653,51.83
2026-08-10,ABFRL,61.04,-3.615979788409915,11183399,3067225.0,3.646096716087017,6124499,34.78
2026-08-10,GRASIM,3380.5,1.7303641287992777,1620979,486501.0,3.3319129868181157,631771,63.12
2026-08-10,RECLTD,343.75,-6.335149863760218,6881485,2287608.0,3.0081574290700157,5219657,55.08
2026-08-10,IDEA,12.92,1.4925373134328317,125589840,43841101.0,2.8646598086120147,120088669,30.37
2026-08-10,BHARATFORG,2093.1,-7.597563129083522,1514495,584273.0,2.592101637419494,788286,29.94
2026-08-10,INDUSTOWER,368.0,-4.66321243523316,5318250,2151391.0,2.4720053212084645,3965985,58.99
2026-08-10,LUPIN,2300.0,-2.6866934630844086,1976588,859931.0,2.298542557484263,1094217,52.54
2026-08-11,ZYDUSLIFE,1191.0,6.434316353887399,2156278,532641.0,4.048276418826188,1133965,26.34
2026-08-11,MRF,131125.0,-2.0358610384759057,4579,1233.0,3.7137064071370642,4316,26.54
2026-08-11,BOSCHLTD,45185.0,3.8616251005631534,31847,14655.0,2.1731149778232686,27407,21.16
2026-08-12,GODREJCP,910.0,-11.219512195121952,12452111,424685.0,29.320816605248595,788792,55.28
2026-08-12,PIIND,2483.0,-9.047619047619047,662122,112912.0,5.8640534221340515,223432,30.97
2026-08-12,AMBUJACEM,421.0,-0.7075471698113208,3589475,695628.0,5.160049624224442,2844788,66.47
2026-08-12,HINDCOPPER,547.7,2.7001687605475513,7875545,1766070.0,4.459361746703132,6676913,21.34
2026-08-12,BERGEPAINT,559.8,4.645293952705843,761248,205076.0,3.7120287113070276,399352,41.21
2026-08-12,AARTIIND,530.9,5.066297249158909,1900260,537699.0,3.5340590181495597,1717375,35.33
2026-08-12,NATIONALUM,420.0,8.24742268041237,11008303,3719628.0,2.9595171882779674,6524307,32.01
2026-08-12,DELTACORP,60.71,-4.046151414572471,1241849,485685.0,2.556902107332942,795542,54.9
2026-08-13,ASTRAL,1592.0,8.743169398907105,1842880,153140.0,12.033955857385399,513998,14.9
2026-08-13,PAGEIND,36520.0,-4.635069852461156,43399,7219.0,6.011774484000554,25300,35.87
2026-08-13,SUNTV,487.9,2.0284399832705957,749336,133707.0,5.6043139102664785,596450,19.5
2026-08-13,OBEROIRLTY,1846.0,2.5612534029668264,446865,82862.0,5.392882141391712,403844,54.19
2026-08-13,ABBOTINDIA,27620.0,-1.8479033404406537,18811,6295.0,2.9882446386020654,16233,55.18
2026-08-14,PETRONET,282.6,1.1815252416756217,3341274,694199.0,4.813135714686999,2038901,71.36
2026-08-14,MFSL,1538.1,1.6992859032001995,1093702,299170.0,3.655787679245914,850535,27.56
2026-08-14,VOLTAS,1320.5,2.404032570763862,606009,231860.0,2.6136849823169155,533220,25.52
2026-08-14,TRENT,2978.0,-0.4013377926421404,1007597,400189.0,2.51780283815897,948021,61.12
2026-08-14,APOLLOHOSP,8920.5,3.7267441860465116,606817,293894.0,2.064747834253166,528238,47.57
2026-08-17,IPCALAB,1884.6,8.672586783531303,1349517,183144.0,7.368611584327087,334220,19.38
2026-08-17,OBEROIRLTY,1931.0,4.604550379198267,517046,87465.0,5.911461727548162,446865,29.02
2026-08-17,LICHSGFIN,498.25,-0.35000000000000003,1898751,467232.0,4.063829104170948,1710740,66.88
2026-08-17,HINDCOPPER,572.65,8.24118703336169,9178674,2693787.0,3.4073495788642534,7875545,31.29
2026-08-17,VOLTAS,1267.0,-4.051495645588792,1414452,606009.0,2.3340445438929125,606009,32.31
2026-08-17,ONGC,238.49,0.8840947546531317,16782235,8051511.0,2.084358451475754,10213655,66.22
2026-08-18,BOSCHLTD,48730.0,3.747072599531616,36627,11606.0,3.155867654661382,31847,39.01
2026-08-19,APOLLOTYRE,427.35,-1.9839449541284353,1551426,118673.0,13.073116884211236,864446,80.31
2026-08-20,BALRAMCHIN,767.1,17.870313460356495,4426907,595321.0,7.436168050513924,870394,13.21
2026-08-20,AUBANK,1088.0,1.2093023255813953,2259079,567249.0,3.982517377730062,2203746,61.41
2026-08-20,METROPOLIS,540.8,-2.5585585585585666,400907,131547.0,3.0476331653325426,290839,67.13
2026-08-20,ITC,271.65,1.722523871934082,18907919,8836852.0,2.13966681800261,16649857,66.88
2026-08-21,VEDL,279.0,4.104477611940299,11547864,4455717.0,2.5916960166006953,10919021,50.02
2026-08-24,COROMANDEL,1926.6,-3.481789489504534,200571,15390.0,13.032553606237817,129821,64.85
2026-08-24,SAIL,179.65,3.5685460624927923,21802749,5659915.0,3.8521336451165786,17921032,45.21
2026-08-24,LICHSGFIN,491.4,-1.1267605633802862,2492758,1231532.0,2.0241114319400553,1898751,57.31
2026-08-25,SHREECEM,24440.0,1.7485428809325563,110190,6352.0,17.34729219143577,52480,87.41
2026-08-25,IDEA,15.19,7.960199004975118,434818267,83936634.0,5.18031574866345,199493804,28.34
2026-08-25,HINDCOPPER,532.65,-7.228076286684665,18234174,3764136.0,4.844185757369022,9178674,40.84
2026-08-25,CHAMBLFERT,427.6,-0.7773523610627604,826295,237605.0,3.477599377117485,429949,32.9
2026-08-25,AUBANK,1128.6,1.310592459605019,3075009,998722.0,3.078943890291793,2259079,54.06
2026-08-25,TATAPOWER,370.6,-0.7764390896920956,6308101,2207710.0,2.8573050808303626,3620661,68.81
2026-08-25,FEDERALBNK,346.95,-3.018867924528305,8628960,3168089.0,2.7237113603816057,4583960,53.48
2026-08-26,ICICIGI,1596.9,-1.1819306930693014,3722150,480274.0,7.750055176836556,1377760,66.06
2026-08-26,VEDL,286.5,4.181818181818182,12754810,3029837.0,4.209734715101836,11547864,52.79
2026-08-26,KOTAKBANK,416.7,3.759960159362541,12586149,5786301.0,2.175163200116966,12419233,62.4
2026-08-27,WHIRLPOOL,841.15,8.99961124789425,864176,83808.0,10.311378388697976,604475,15.85
2026-08-27,HDFCAMC,2575.0,-3.482139510476408,1383230,347117.0,3.9849099871224976,1163641,65.81
2026-08-27,INDUSTOWER,379.95,0.5957108816521048,6900595,3396839.0,2.0314754393717216,6320461,73.3
2026-08-27,GODREJPROP,2069.4,1.6854208638396238,614257,305870.0,2.0082289861705953,526747,53.76
2026-08-28,COALINDIA,401.0,0.25,30565559,3176584.0,9.62214725000189,15559147,79.38
2026-08-28,INDHOTEL,706.4,-1.6840640222686183,2076276,546059.0,3.8022924262762814,1500855,64.89
2026-08-31,ADANIENT,2859.1,-9.764872968281523,9771644,222535.0,43.91059383917137,1097829,75.91
2026-08-31,DALBHARAT,1856.2,0.5906898607272579,1361987,36501.0,37.31369003588943,272209,63.58
2026-08-31,SBICARD,644.75,0.5771780672334523,22645710,819367.0,27.638054742258355,2955210,86.2
2026-08-31,LTTS,3608.4,1.1124499117325715,425293,17137.0,24.817237556165022,97673,62.01
2026-08-31,ASTRAL,1522.2,-0.6591398551197487,8813026,428298.0,20.576855367057515,1842880,76.53
2026-08-31,LAURUSLABS,1915.0,-1.212277534175909,24140560,1319114.0,18.300586605858175,2755640,77.88
2026-08-31,BALKRISIND,2279.2,-2.6024528866287806,6210566,583022.0,10.6523698934174,890344,64.14
2026-08-31,RELIANCE,1277.0,-0.777000777000777,30329813,4052582.0,7.484071389548688,16901245,86.98
2026-08-31,MRF,133745.0,1.2605996365838885,8328,1340.0,6.214925373134329,4579,65.08
2026-08-31,ACC,1276.5,-2.2887323943662037,174482,33542.0,5.201896130224792,163784,63.49
2026-08-31,PIDILITIND,1687.7,3.5716477447069686,1380477,281254.0,4.908292859834883,1156659,72.37
2026-08-31,COLPAL,1897.6,3.8699436203404574,812259,173919.0,4.670329291221775,304786,69.62
2026-08-31,CHAMBLFERT,409.55,-2.8466374095599574,901499,206912.0,4.356919849984535,826295,72.17
2026-08-31,IOC,139.13,1.4806710430342824,8912300,2091680.0,4.260833397077947,7198262,63.48
2026-08-31,OBEROIRLTY,1868.0,-0.10695187165775401,534853,138233.0,3.8692135741827203,517046,68.78
2026-08-31,ASIANPAINT,2653.6,1.7211637980603403,981350,254843.0,3.850802258645519,667626,71.05
2026-08-31,ADANIPORTS,1593.1,-6.699853587115672,7910724,2205146.0,3.5873923994148234,2970424,82.22
2026-08-31,BHARTIARTL,1811.9,-3.7452188695282613,13819345,4105854.0,3.3657662936870136,8668563,81.67
2026-08-31,BOSCHLTD,50000.0,2.7960526315789473,39670,12810.0,3.0967993754879,36627,65.52
2026-08-31,IDFCFIRSTB,85.97,3.4287776708373365,13379674,4520693.0,2.959651097740988,10853891,67.64
2026-08-31,ICICIBANK,1454.0,2.192859150969922,11993976,5211279.0,2.301541713656091,10066071,78.23
2026-08-31,NTPC,327.4,-0.8029086502045247,9374715,4276821.0,2.1919820820183964,8582032,50.95
2026-08-31,ULTRACEMCO,11450.0,-1.1994132366899646,287325,138209.0,2.0789167130939377,230212,75.4
2026-09-02,JKCEMENT,4979.5,-1.949394506251846,43035,7979.0,5.3935330241884945,33400,67.77
2026-09-02,TATACOMM,1710.0,-1.372707348021684,381848,119754.0,3.188603303438716,273335,75.48
2026-09-02,SBIN,1020.9,-1.3146447559207368,10289485,3384666.0,3.040029651374759,9937122,74.33
2026-09-02,INDUSINDBK,978.0,-1.4708845456377213,1599480,617709.0,2.589374608432126,985644,59.83
2026-09-03,GRANULES,853.85,2.6570483919446977,1252531,331695.0,3.776152790967606,626829,44.27
2026-09-03,OBEROIRLTY,1902.0,1.929260450160772,612735,194624.0,3.14830134001973,534853,54.35
2026-09-03,IDFCFIRSTB,87.5,2.8322952168292352,27796589,8946129.0,3.107108001684304,13379674,57.69
2026-09-03,RBLBANK,408.1,4.802259887005662,5959814,1956000.0,3.046939672801636,3193351,30.01
2026-09-03,LICHSGFIN,554.0,2.355658198614319,3747793,1669229.0,2.2452239926337247,3227139,64.64
2026-09-04,IGL,158.04,5.768973363672872,3334409,324804.0,10.265911134099333,2623693,40.79
2026-09-04,POLYCAB,8300.0,-5.762134544422367,721733,97817.0,7.378400482533711,357376,46.27
2026-09-04,HAVELLS,1154.0,-3.833333333333333,1464035,230552.0,6.3501292550053785,1125633,51.54
2026-09-04,IEX,118.91,-0.2014267729752489,4426507,737768.0,5.999863100595309,2306529,38.33
2026-09-04,UBL,1279.4,-0.3737735555209433,191328,73667.0,2.5972009176429065,124599,54.22
2026-09-07,PVRINOX,1156.5,-5.761082138200786,1001289,110878.0,9.030547087790184,672163,31.21
2026-09-08,BANDHANBNK,171.58,4.17729204614452,8173367,1595077.0,5.124120653736465,4705526,39.24
2026-09-08,HAL,5031.1,3.622919756137761,1050518,280912.0,3.739669362647377,959835,41.15
2026-09-08,BEL,410.55,1.621287128712874,11133420,3126254.0,3.5612653354461923,8394582,47.94
2026-09-08,JKCEMENT,4990.5,-1.1194769169803842,80674,23754.0,3.396228003704639,43035,85.36
2026-09-09,DLF,655.1,-2.962524070508073,11697922,1316429.0,8.886101719120438,3432335,68.81
2026-09-09,COFORGE,1845.0,-5.384615384615385,4965420,858860.0,5.781407912814661,1982917,45.82
2026-09-09,BIOCON,395.0,0.688248789191942,3865533,1219064.0,3.170902430061096,2515565,37.63
2026-09-09,LT,3922.6,-0.5955246952687464,2078693,679138.0,3.0607814612052335,1531311,70.35
2026-09-09,HDFCLIFE,514.0,-3.7092544023978933,4194438,1404908.0,2.9855606203395526,3609378,46.48
2026-09-09,BAJFINANCE,1039.3,-1.404041362299588,6269747,2453676.0,2.5552464954623186,5079946,67.82
2026-09-09,NAVINFLUOR,8775.5,0.5096781582865652,130914,58438.0,2.240220404531298,107547,44.5
2026-09-09,INFY,1035.0,-4.343807763401109,8043809,3627483.0,2.2174629074760652,5909583,59.45
2026-09-09,ABB,7401.5,0.19629078110193582,178554,86749.0,2.058283092600491,124089,57.68
2026-09-10,RAMCOCEM,869.75,0.33454461556209003,446660,94128.0,4.74524052354241,351251,80.37
2026-09-10,CUMMINSIND,5155.0,-0.2997775843728846,564361,179751.0,3.1396821158157673,493598,69.06
2026-09-10,CHOLAFIN,1859.0,1.6402405686167305,1803796,740281.0,2.4366368986911726,1081761,67.31
2026-09-11,UBL,1256.1,-0.04774409166866685,367583,21470.0,17.12077317186772,191328,93.23
2026-09-11,GRANULES,909.3,1.1175979983319382,4839089,692743.0,6.985402956074619,1252531,63.58
2026-09-11,LICHSGFIN,562.9,1.9192467861669424,4626776,1468939.0,3.149740050471803,3747793,42.53
2026-09-11,BANDHANBNK,176.52,1.4482758620689713,13889255,6617128.0,2.0989853906407734,8173367,57.58
